{"contributors":null,"truncated":false,"text":"Name of #Ferguson cop is expected to be released by 9 ET, police chief says: http:\/\/t.co\/NhMsTgfzYi (J.B. Forbes, AP) http:\/\/t.co\/7LU1iT1EKB","in_reply_to_status_id":null,"id":500258409988763649,"favorite_count":38,"source":"<a href=\"https:\/\/about.twitter.com\/products\/tweetdeck\" rel=\"nofollow\">TweetDeck<\/a>","retweeted":false,"coordinates":null,"entities":{"symbols":[],"user_mentions":[],"hashtags":[{"indices":[8,17],"text":"Ferguson"}],"urls":[{"url":"http:\/\/t.co\/NhMsTgfzYi","indices":[77,99],"expanded_url":"http:\/\/usat.ly\/1oAadlh","display_url":"usat.ly\/1oAadlh"}],"media":[{"expanded_url":"http:\/\/twitter.com\/USATODAY\/status\/500258409988763649\/photo\/1","display_url":"pic.twitter.com\/7LU1iT1EKB","url":"http:\/\/t.co\/7LU1iT1EKB","media_url_https":"https:\/\/pbs.twimg.com\/media\/BvFGX38IUAAzoNy.jpg","id_str":"500258409581924352","sizes":{"large":{"h":510,"resize":"fit","w":680},"small":{"h":255,"resize":"fit","w":340},"medium":{"h":450,"resize":"fit","w":600},"thumb":{"h":150,"resize":"crop","w":150}},"indices":[118,140],"type":"photo","id":500258409581924352,"media_url":"http:\/\/pbs.twimg.com\/media\/BvFGX38IUAAzoNy.jpg"}]},"in_reply_to_screen_name":null,"id_str":"500258409988763649","retweet_count":100,"in_reply_to_user_id":null,"favorited":false,"user":{"follow_request_sent":false,"profile_use_background_image":true,"default_profile_image":false,"id":15754281,"profile_background_image_url_https":"https:\/\/pbs.twimg.com\/profile_background_images\/378800000089862470\/7aa9f896147a89917aa047e30ab6ebc2.jpeg","verified":true,"profile_text_color":"000000","profile_image_url_https":"https:\/\/pbs.twimg.com\/profile_images\/461560356314165249\/Ik1AqEj4_normal.png","profile_sidebar_fill_color":"FFFFFF","entities":{"url":{"urls":[{"url":"http:\/\/t.co\/7xDl0vVHSt","indices":[0,22],"expanded_url":"http:\/\/www.usatoday.com","display_url":"usatoday.com"}]},"description":{"urls":[]}},"followers_count":1208620,"profile_sidebar_border_color":"FFFFFF","id_str":"15754281","profile_background_color":"0092D0","listed_count":22708,"is_translation_enabled":false,"utc_offset":-14400,"statuses_count":95434,"description":"The latest news and most interesting stories from USA TODAY. News that's meant to be shared.","friends_count":734,"location":"USA TODAY HQ, McLean, Va.","profile_link_color":"0000FF","profile_image_url":"http:\/\/pbs.twimg.com\/profile_images\/461560356314165249\/Ik1AqEj4_normal.png","following":false,"geo_enabled":false,"profile_banner_url":"https:\/\/pbs.twimg.com\/profile_banners\/15754281\/1398879892","profile_background_image_url":"http:\/\/pbs.twimg.com\/profile_background_images\/378800000089862470\/7aa9f896147a89917aa047e30ab6ebc2.jpeg","screen_name":"USATODAY","lang":"en","profile_background_tile":false,"favourites_count":709,"name":"USA TODAY","notifications":false,"url":"http:\/\/t.co\/7xDl0vVHSt","created_at":"Wed Aug 06 19:55:31 +0000 2008","contributors_enabled":false,"time_zone":"Eastern Time (US & Canada)","protected":false,"default_profile":false,"is_translator":false},"geo":null,"in_reply_to_user_id_str":null,"possibly_sensitive":false,"lang":"en","created_at":"Fri Aug 15 12:31:13 +0000 2014","in_reply_to_status_id_str":null,"place":null,"extended_entities":{"media":[{"expanded_url":"http:\/\/twitter.com\/USATODAY\/status\/500258409988763649\/photo\/1","display_url":"pic.twitter.com\/7LU1iT1EKB","url":"http:\/\/t.co\/7LU1iT1EKB","media_url_https":"https:\/\/pbs.twimg.com\/media\/BvFGX38IUAAzoNy.jpg","id_str":"500258409581924352","sizes":{"large":{"h":510,"resize":"fit","w":680},"small":{"h":255,"resize":"fit","w":340},"medium":{"h":450,"resize":"fit","w":600},"thumb":{"h":150,"resize":"crop","w":150}},"indices":[118,140],"type":"photo","id":500258409581924352,"media_url":"http:\/\/pbs.twimg.com\/media\/BvFGX38IUAAzoNy.jpg"}]}}