{"contributors":null,"truncated":false,"text":"@BobbyHundreds22 well who is #Ferguson","in_reply_to_status_id":500289950735400961,"id":500290872479449089,"favorite_count":0,"source":"<a href=\"http:\/\/seesmic.com\/\" rel=\"nofollow\">Seesmic<\/a>","retweeted":false,"coordinates":null,"entities":{"symbols":[],"user_mentions":[{"id":69658823,"indices":[0,16],"id_str":"69658823","screen_name":"BobbyHundreds22","name":"Young Hot Wing"}],"hashtags":[{"indices":[29,38],"text":"Ferguson"}],"urls":[]},"in_reply_to_screen_name":"BobbyHundreds22","id_str":"500290872479449089","retweet_count":1,"in_reply_to_user_id":69658823,"favorited":false,"user":{"follow_request_sent":false,"profile_use_background_image":true,"default_profile_image":false,"id":26177118,"profile_background_image_url_https":"https:\/\/pbs.twimg.com\/profile_background_images\/800442384\/d8526149431cc90011ae75688c92e8a6.png","verified":false,"profile_text_color":"3C3940","profile_image_url_https":"https:\/\/pbs.twimg.com\/profile_images\/570994184435314688\/2DZBgeme_normal.jpeg","profile_sidebar_fill_color":"95E8EC","entities":{"url":{"urls":[{"url":"http:\/\/t.co\/ssNBZwQFmb","indices":[0,22],"expanded_url":"http:\/\/www.facebook.com\/fancy.monroe","display_url":"facebook.com\/fancy.monroe"}]},"description":{"urls":[]}},"followers_count":987,"profile_sidebar_border_color":"FFFFFF","id_str":"26177118","profile_background_color":"0099B9","listed_count":13,"is_translation_enabled":false,"utc_offset":-18000,"statuses_count":91080,"description":"Donna like to shop Donna like to joke Donna like to mix Crown Royal with her Coke\r\n\r\n#AssTattsAndFlapjacks\r\nI LIKE A LITTLE PAIN WITH MY PLEASURE\r\niBlock Stans","friends_count":845,"location":"New Orleans","profile_link_color":"0099B9","profile_image_url":"http:\/\/pbs.twimg.com\/profile_images\/570994184435314688\/2DZBgeme_normal.jpeg","following":false,"geo_enabled":false,"profile_banner_url":"https:\/\/pbs.twimg.com\/profile_banners\/26177118\/1349832931","profile_background_image_url":"http:\/\/pbs.twimg.com\/profile_background_images\/800442384\/d8526149431cc90011ae75688c92e8a6.png","screen_name":"Nola_Darling84","lang":"en","profile_background_tile":true,"favourites_count":222,"name":"Sister Mouzone","notifications":false,"url":"http:\/\/t.co\/ssNBZwQFmb","created_at":"Tue Mar 24 04:24:38 +0000 2009","contributors_enabled":false,"time_zone":"Central Time (US & Canada)","protected":false,"default_profile":false,"is_translator":false},"geo":null,"in_reply_to_user_id_str":"69658823","lang":"en","created_at":"Fri Aug 15 14:40:13 +0000 2014","in_reply_to_status_id_str":"500289950735400961","place":null}