{"contributors":null,"truncated":false,"text":"Translation: killing unarmed teen his first. MT @Yamiche: Darren Wilson 6-yr vet of #Ferguson Police w\/ no disciplinary actions against him.","in_reply_to_status_id":500280422295937024,"id":500283809989132288,"favorite_count":0,"source":"<a href=\"http:\/\/twitter.com\/download\/iphone\" rel=\"nofollow\">Twitter for iPhone<\/a>","retweeted":false,"coordinates":null,"entities":{"symbols":[],"user_mentions":[{"id":89887215,"indices":[48,56],"id_str":"89887215","screen_name":"Yamiche","name":"Yamiche Alcindor"}],"hashtags":[{"indices":[84,93],"text":"Ferguson"}],"urls":[]},"in_reply_to_screen_name":"Yamiche","id_str":"500283809989132288","retweet_count":0,"in_reply_to_user_id":89887215,"favorited":false,"user":{"follow_request_sent":false,"profile_use_background_image":false,"default_profile_image":false,"id":50197083,"profile_background_image_url_https":"https:\/\/pbs.twimg.com\/profile_background_images\/672453395\/7fa747d1ef748f99e36e980ba42cecf0.jpeg","verified":false,"profile_text_color":"333333","profile_image_url_https":"https:\/\/pbs.twimg.com\/profile_images\/545058906851278848\/4AThcVAG_normal.jpeg","profile_sidebar_fill_color":"B6C7A3","entities":{"url":{"urls":[{"url":"http:\/\/t.co\/3n2N2rZzRL","indices":[0,22],"expanded_url":"http:\/\/about.me\/melinda.d.anderson","display_url":"about.me\/melinda.d.ande\u2026"}]},"description":{"urls":[]}},"followers_count":2328,"profile_sidebar_border_color":"FFFFFF","id_str":"50197083","profile_background_color":"CCBD33","listed_count":126,"is_translation_enabled":false,"utc_offset":-14400,"statuses_count":57642,"description":"Mom ~ Education Writer ~ Do you really think teachers inside Little Rock Central H.S. felt differently about Eliz. Eckford than vicious crowd outside? #EduColor","friends_count":448,"location":"Corner of Equity and Justice","profile_link_color":"CC3833","profile_image_url":"http:\/\/pbs.twimg.com\/profile_images\/545058906851278848\/4AThcVAG_normal.jpeg","following":false,"geo_enabled":true,"profile_banner_url":"https:\/\/pbs.twimg.com\/profile_banners\/50197083\/1409705068","profile_background_image_url":"http:\/\/pbs.twimg.com\/profile_background_images\/672453395\/7fa747d1ef748f99e36e980ba42cecf0.jpeg","screen_name":"mdawriter","lang":"en","profile_background_tile":false,"favourites_count":5013,"name":"Melinda D. Anderson","notifications":false,"url":"http:\/\/t.co\/3n2N2rZzRL","created_at":"Wed Jun 24 03:14:32 +0000 2009","contributors_enabled":false,"time_zone":"Eastern Time (US & Canada)","protected":false,"default_profile":false,"is_translator":false},"geo":null,"in_reply_to_user_id_str":"89887215","lang":"en","created_at":"Fri Aug 15 14:12:09 +0000 2014","in_reply_to_status_id_str":"500280422295937024","place":null}