{"contributors": null, "truncated": false, "text": "@Yamiche you do an amazing job! Thank you.", "in_reply_to_status_id": 500280422295937024, "id": 500281906320404480, "favorite_count": 1, "source": "<a href=\"http://twitter.com/download/iphone\" rel=\"nofollow\">Twitter for iPhone</a>", "retweeted": false, "coordinates": null, "entities": {"symbols": [], "user_mentions": [{"id": 89887215, "indices": [0, 8], "id_str": "89887215", "screen_name": "Yamiche", "name": "Yamiche Alcindor"}], "hashtags": [], "urls": []}, "in_reply_to_screen_name": "Yamiche", "id_str": "500281906320404480", "retweet_count": 0, "in_reply_to_user_id": 89887215, "favorited": false, "user": {"follow_request_sent": false, "profile_use_background_image": true, "default_profile_image": false, "id": 2659323462, "profile_background_image_url_https": "https://abs.twimg.com/images/themes/theme1/bg.png", "verified": false, "profile_text_color": "333333", "profile_image_url_https": "https://pbs.twimg.com/profile_images/490467432188764160/5hwpw4D-_normal.jpeg", "profile_sidebar_fill_color": "DDEEF6", "entities": {"description": {"urls": []}}, "followers_count": 70, "profile_sidebar_border_color": "C0DEED", "id_str": "2659323462", "profile_background_color": "C0DEED", "listed_count": 0, "is_translation_enabled": false, "utc_offset": null, "statuses_count": 2770, "description": "Still trying...", "friends_count": 323, "location": "NYC", "profile_link_color": "0084B4", "profile_image_url": "http://pbs.twimg.com/profile_images/490467432188764160/5hwpw4D-_normal.jpeg", "following": false, "geo_enabled": false, "profile_banner_url": "https://pbs.twimg.com/profile_banners/2659323462/1408189265", "profile_background_image_url": "http://abs.twimg.com/images/themes/theme1/bg.png", "screen_name": "rfwomon", "lang": "en", "profile_background_tile": false, "favourites_count": 157, "name": "Rachel Faith", "notifications": false, "url": null, "created_at": "Sat Jul 19 12:04:08 +0000 2014", "contributors_enabled": false, "time_zone": null, "protected": false, "default_profile": true, "is_translator": false}, "geo": null, "in_reply_to_user_id_str": "89887215", "lang": "en", "created_at": "Fri Aug 15 14:04:35 +0000 2014", "in_reply_to_status_id_str": "500280422295937024", "place": null}
