{"contributors":null,"truncated":false,"text":"@Yamiche @USATODAY Can we see video proof","in_reply_to_status_id":500280422295937024,"id":500284169382289409,"favorite_count":0,"source":"<a href=\"http:\/\/twitter.com\/download\/iphone\" rel=\"nofollow\">Twitter for iPhone<\/a>","retweeted":false,"coordinates":null,"entities":{"symbols":[],"user_mentions":[{"id":89887215,"indices":[0,8],"id_str":"89887215","screen_name":"Yamiche","name":"Yamiche Alcindor"},{"id":15754281,"indices":[9,18],"id_str":"15754281","screen_name":"USATODAY","name":"USA TODAY"}],"hashtags":[],"urls":[]},"in_reply_to_screen_name":"Yamiche","id_str":"500284169382289409","retweet_count":0,"in_reply_to_user_id":89887215,"favorited":false,"user":{"follow_request_sent":false,"profile_use_background_image":true,"default_profile_image":false,"id":37255084,"profile_background_image_url_https":"https:\/\/pbs.twimg.com\/profile_background_images\/605441224\/hfzenu3aygn0kp4nddrj.jpeg","verified":false,"profile_text_color":"333333","profile_image_url_https":"https:\/\/pbs.twimg.com\/profile_images\/522950768438308864\/z7sRqSY5_normal.jpeg","profile_sidebar_fill_color":"DDEEF6","entities":{"description":{"urls":[]}},"followers_count":618,"profile_sidebar_border_color":"C0DEED","id_str":"37255084","profile_background_color":"C0DEED","listed_count":3,"is_translation_enabled":false,"utc_offset":-14400,"statuses_count":14367,"description":"Given Jah his Glory","friends_count":413,"location":"Waldo's  World","profile_link_color":"0084B4","profile_image_url":"http:\/\/pbs.twimg.com\/profile_images\/522950768438308864\/z7sRqSY5_normal.jpeg","following":false,"geo_enabled":false,"profile_banner_url":"https:\/\/pbs.twimg.com\/profile_banners\/37255084\/1402901746","profile_background_image_url":"http:\/\/pbs.twimg.com\/profile_background_images\/605441224\/hfzenu3aygn0kp4nddrj.jpeg","screen_name":"jahrock777","lang":"en","profile_background_tile":true,"favourites_count":1263,"name":"iSpace","notifications":false,"url":null,"created_at":"Sat May 02 18:43:19 +0000 2009","contributors_enabled":false,"time_zone":"Eastern Time (US & Canada)","protected":false,"default_profile":false,"is_translator":false},"geo":null,"in_reply_to_user_id_str":"89887215","lang":"en","created_at":"Fri Aug 15 14:13:35 +0000 2014","in_reply_to_status_id_str":"500280422295937024","place":null}