{"contributors":null,"truncated":false,"text":"@Yamiche @USATODAY - Is it true there was a struggle in the squad car, before shooting?","in_reply_to_status_id":500280422295937024,"id":500282011982913539,"favorite_count":0,"source":"<a href=\"http:\/\/twitter.com\/download\/iphone\" rel=\"nofollow\">Twitter for iPhone<\/a>","retweeted":false,"coordinates":{"type":"Point","coordinates":[127.82451845,26.35445026]},"entities":{"symbols":[],"user_mentions":[{"id":89887215,"indices":[0,8],"id_str":"89887215","screen_name":"Yamiche","name":"Yamiche Alcindor"},{"id":15754281,"indices":[9,18],"id_str":"15754281","screen_name":"USATODAY","name":"USA TODAY"}],"hashtags":[],"urls":[]},"in_reply_to_screen_name":"Yamiche","id_str":"500282011982913539","retweet_count":0,"in_reply_to_user_id":89887215,"favorited":false,"user":{"follow_request_sent":false,"profile_use_background_image":true,"default_profile_image":false,"id":125189949,"profile_background_image_url_https":"https:\/\/pbs.twimg.com\/profile_background_images\/341033492\/IMG_0004.JPG","verified":false,"profile_text_color":"000000","profile_image_url_https":"https:\/\/pbs.twimg.com\/profile_images\/529917563921121280\/Di9Sf6k6_normal.jpeg","profile_sidebar_fill_color":"FFFFFF","entities":{"description":{"urls":[]}},"followers_count":126,"profile_sidebar_border_color":"F4FC08","id_str":"125189949","profile_background_color":"FFFFFF","listed_count":4,"is_translation_enabled":false,"utc_offset":-25200,"statuses_count":1729,"description":"Saved by God's Grace, in my beliefs. Married to an incredible woman. A father to three awesome kids. Conservative in politics & a Marine for life. Josh 1:8-9","friends_count":192,"location":"USA","profile_link_color":"1733EB","profile_image_url":"http:\/\/pbs.twimg.com\/profile_images\/529917563921121280\/Di9Sf6k6_normal.jpeg","following":false,"geo_enabled":true,"profile_banner_url":"https:\/\/pbs.twimg.com\/profile_banners\/125189949\/1410651918","profile_background_image_url":"http:\/\/pbs.twimg.com\/profile_background_images\/341033492\/IMG_0004.JPG","screen_name":"MMF_USMC","lang":"en","profile_background_tile":false,"favourites_count":272,"name":"Michael Farrell","notifications":false,"url":null,"created_at":"Mon Mar 22 00:57:11 +0000 2010","contributors_enabled":false,"time_zone":"Pacific Time (US & Canada)","protected":false,"default_profile":false,"is_translator":false},"geo":{"type":"Point","coordinates":[26.35445026,127.82451845]},"in_reply_to_user_id_str":"89887215","lang":"en","created_at":"Fri Aug 15 14:05:01 +0000 2014","in_reply_to_status_id_str":"500280422295937024","place":{"full_name":"Okinawa City, Okinawa-ken","url":"https:\/\/api.twitter.com\/1.1\/geo\/id\/78927df221b9e22c.json","country":"\u65e5\u672c","place_type":"city","bounding_box":{"type":"Polygon","coordinates":[[[127.77290513317,26.300829000787],[127.84833599958,26.300829000787],[127.84833599958,26.423100005855],[127.77290513317,26.423100005855]]]},"contained_within":[],"country_code":"JP","attributes":{},"id":"78927df221b9e22c","name":"Okinawa City"}}