{"contributors": null, "truncated": false, "text": "HE ISN'T THE SHOOTER RT @Yamiche: Darren Wilson is a six year veteran of the #Ferguson Police and had no disciplinary actions against him.", "in_reply_to_status_id": 500280422295937024, "id": 500289950735400961, "favorite_count": 0, "source": "<a href=\"http://twicca.r246.jp/\" rel=\"nofollow\">twicca</a>", "retweeted": false, "coordinates": null, "entities": {"symbols": [], "user_mentions": [{"id": 89887215, "indices": [24, 32], "id_str": "89887215", "screen_name": "Yamiche", "name": "Yamiche Alcindor"}], "hashtags": [{"indices": [77, 86], "text": "Ferguson"}], "urls": []}, "in_reply_to_screen_name": "Yamiche", "id_str": "500289950735400961", "retweet_count": 0, "in_reply_to_user_id": 89887215, "favorited": false, "user": {"follow_request_sent": false, "profile_use_background_image": true, "default_profile_image": false, "id": 69658823, "profile_background_image_url_https": "https://abs.twimg.com/images/themes/theme14/bg.gif", "verified": false, "profile_text_color": "333333", "profile_image_url_https": "https://pbs.twimg.com/profile_images/497173209016729600/8iOymj-F_normal.png", "profile_sidebar_fill_color": "EFEFEF", "entities": {"url": {"urls": [{"url": "http://t.co/b99zpGMPRk", "indices": [0, 22], "expanded_url": "http://www.hotnewhiphop.com/bobby-hundreds-spaceship-mixtape.104912.html", "display_url": "hotnewhiphop.com/bobby-hundreds\u2026"}]}, "description": {"urls": []}}, "followers_count": 811, "profile_sidebar_border_color": "EEEEEE", "id_str": "69658823", "profile_background_color": "131516", "listed_count": 8, "is_translation_enabled": false, "utc_offset": -18000, "statuses_count": 155811, "description": "WHAT WOULD PIMP C DO?", "friends_count": 1255, "location": "somewhere po`d up  New Orleans", "profile_link_color": "009999", "profile_image_url": "http://pbs.twimg.com/profile_images/497173209016729600/8iOymj-F_normal.png", "following": false, "geo_enabled": false, "profile_background_image_url": "http://abs.twimg.com/images/themes/theme14/bg.gif", "screen_name": "BobbyHundreds22", "lang": "en", "profile_background_tile": true, "favourites_count": 458, "name": "Young Hot Wing", "notifications": false, "url": "http://t.co/b99zpGMPRk", "created_at": "Fri Aug 28 18:30:04 +0000 2009", "contributors_enabled": false, "time_zone": "Central Time (US & Canada)", "protected": false, "default_profile": false, "is_translator": false}, "geo": null, "in_reply_to_user_id_str": "89887215", "lang": "en", "created_at": "Fri Aug 15 14:36:33 +0000 2014", "in_reply_to_status_id_str": "500280422295937024", "place": null}
