{"contributors":null,"truncated":false,"text":"@Yamiche In case you haven't been told enough, you've done a fantastic job covering this story. Really great work.","in_reply_to_status_id":500280422295937024,"id":500281136439103489,"favorite_count":2,"source":"<a href=\"https:\/\/about.twitter.com\/products\/tweetdeck\" rel=\"nofollow\">TweetDeck<\/a>","retweeted":false,"coordinates":null,"entities":{"symbols":[],"user_mentions":[{"id":89887215,"indices":[0,8],"id_str":"89887215","screen_name":"Yamiche","name":"Yamiche Alcindor"}],"hashtags":[],"urls":[]},"in_reply_to_screen_name":"Yamiche","id_str":"500281136439103489","retweet_count":0,"in_reply_to_user_id":89887215,"favorited":false,"user":{"follow_request_sent":false,"profile_use_background_image":true,"default_profile_image":false,"id":531648876,"profile_background_image_url_https":"https:\/\/pbs.twimg.com\/profile_background_images\/516174894\/Pere-Marquette-Lighthouse.jpg","verified":true,"profile_text_color":"333333","profile_image_url_https":"https:\/\/pbs.twimg.com\/profile_images\/587085481923506176\/2NQp7-x3_normal.jpg","profile_sidebar_fill_color":"DDEEF6","entities":{"url":{"urls":[{"url":"http:\/\/t.co\/rj3o2t1pVm","indices":[0,22],"expanded_url":"http:\/\/www.DesMoinesRegister.com","display_url":"DesMoinesRegister.com"}]},"description":{"urls":[]}},"followers_count":779,"profile_sidebar_border_color":"C0DEED","id_str":"531648876","profile_background_color":"F7FAF7","listed_count":29,"is_translation_enabled":false,"utc_offset":-25200,"statuses_count":4908,"description":"Breaking News Editor and digital fairy godmother for @DMRegister. Michigander, Oregonian, now Iowan. I take myself very, very seriously.","friends_count":831,"location":"DSM by way of MKG","profile_link_color":"195433","profile_image_url":"http:\/\/pbs.twimg.com\/profile_images\/587085481923506176\/2NQp7-x3_normal.jpg","following":false,"geo_enabled":true,"profile_banner_url":"https:\/\/pbs.twimg.com\/profile_banners\/531648876\/1395354597","profile_background_image_url":"http:\/\/pbs.twimg.com\/profile_background_images\/516174894\/Pere-Marquette-Lighthouse.jpg","screen_name":"AnnahBackstrom","lang":"en","profile_background_tile":true,"favourites_count":3295,"name":"Annah Backstrom","notifications":false,"url":"http:\/\/t.co\/rj3o2t1pVm","created_at":"Tue Mar 20 19:24:20 +0000 2012","contributors_enabled":false,"time_zone":"Pacific Time (US & Canada)","protected":false,"default_profile":false,"is_translator":false},"geo":null,"in_reply_to_user_id_str":"89887215","lang":"en","created_at":"Fri Aug 15 14:01:32 +0000 2014","in_reply_to_status_id_str":"500280422295937024","place":null}