{"contributors":null,"truncated":false,"text":"@Yamiche I'm sure they covered up all his disciplinary actions. They've had almost a week to set up a defense strategy!","in_reply_to_status_id":500280422295937024,"id":500282657037496320,"favorite_count":0,"source":"<a href=\"http:\/\/twitter.com\/download\/iphone\" rel=\"nofollow\">Twitter for iPhone<\/a>","retweeted":false,"coordinates":null,"entities":{"symbols":[],"user_mentions":[{"id":89887215,"indices":[0,8],"id_str":"89887215","screen_name":"Yamiche","name":"Yamiche Alcindor"}],"hashtags":[],"urls":[]},"in_reply_to_screen_name":"Yamiche","id_str":"500282657037496320","retweet_count":0,"in_reply_to_user_id":89887215,"favorited":false,"user":{"follow_request_sent":false,"profile_use_background_image":true,"default_profile_image":false,"id":2190284711,"profile_background_image_url_https":"https:\/\/abs.twimg.com\/images\/themes\/theme1\/bg.png","verified":false,"profile_text_color":"333333","profile_image_url_https":"https:\/\/pbs.twimg.com\/profile_images\/512781493773422592\/HrhqfoLJ_normal.jpeg","profile_sidebar_fill_color":"DDEEF6","entities":{"description":{"urls":[]}},"followers_count":37,"profile_sidebar_border_color":"C0DEED","id_str":"2190284711","profile_background_color":"C0DEED","listed_count":2,"is_translation_enabled":false,"utc_offset":null,"statuses_count":1587,"description":"","friends_count":195,"location":"","profile_link_color":"0084B4","profile_image_url":"http:\/\/pbs.twimg.com\/profile_images\/512781493773422592\/HrhqfoLJ_normal.jpeg","following":false,"geo_enabled":false,"profile_background_image_url":"http:\/\/abs.twimg.com\/images\/themes\/theme1\/bg.png","screen_name":"carriejorg","lang":"en","profile_background_tile":false,"favourites_count":1860,"name":"Carrie J","notifications":false,"url":null,"created_at":"Thu Nov 21 18:59:44 +0000 2013","contributors_enabled":false,"time_zone":null,"protected":false,"default_profile":true,"is_translator":false},"geo":null,"in_reply_to_user_id_str":"89887215","lang":"en","created_at":"Fri Aug 15 14:07:34 +0000 2014","in_reply_to_status_id_str":"500280422295937024","place":null}