{"contributors": null, "truncated": false, "text": "6 years is a \"veteran\"? \u201c@Yamiche: Darren Wilson is a six year veteran of the #Ferguson Police and had no disciplinary actions against him.\u201d", "in_reply_to_status_id": 500280422295937024, "id": 500283535769759744, "favorite_count": 0, "source": "<a href=\"http://twitter.com/download/iphone\" rel=\"nofollow\">Twitter for iPhone</a>", "retweeted": false, "coordinates": null, "entities": {"symbols": [], "user_mentions": [{"id": 89887215, "indices": [25, 33], "id_str": "89887215", "screen_name": "Yamiche", "name": "Yamiche Alcindor"}], "hashtags": [{"indices": [78, 87], "text": "Ferguson"}], "urls": []}, "in_reply_to_screen_name": "Yamiche", "id_str": "500283535769759744", "retweet_count": 0, "in_reply_to_user_id": 89887215, "favorited": false, "user": {"follow_request_sent": false, "profile_use_background_image": true, "default_profile_image": false, "id": 29484974, "profile_background_image_url_https": "https://pbs.twimg.com/profile_background_images/418607193/FatCatLogo_B_R_W_.jpg", "verified": false, "profile_text_color": "D63333", "profile_image_url_https": "https://pbs.twimg.com/profile_images/511210079681777664/cRA-_XMT_normal.jpeg", "profile_sidebar_fill_color": "000000", "entities": {"url": {"urls": [{"url": "http://t.co/m7HAgOJtMJ", "indices": [0, 22], "expanded_url": "http://www.rdotty.com", "display_url": "rdotty.com"}]}, "description": {"urls": []}}, "followers_count": 533, "profile_sidebar_border_color": "D63333", "id_str": "29484974", "profile_background_color": "000000", "listed_count": 5, "is_translation_enabled": false, "utc_offset": -14400, "statuses_count": 6348, "description": "Director of all things creative. Spreading love and positivity.", "friends_count": 195, "location": "forever in your hearts.", "profile_link_color": "192129", "profile_image_url": "http://pbs.twimg.com/profile_images/511210079681777664/cRA-_XMT_normal.jpeg", "following": false, "geo_enabled": true, "profile_banner_url": "https://pbs.twimg.com/profile_banners/29484974/1409372740", "profile_background_image_url": "http://pbs.twimg.com/profile_background_images/418607193/FatCatLogo_B_R_W_.jpg", "screen_name": "rdotty", "lang": "en", "profile_background_tile": true, "favourites_count": 198, "name": "Ryan-Ashley", "notifications": false, "url": "http://t.co/m7HAgOJtMJ", "created_at": "Tue Apr 07 16:40:07 +0000 2009", "contributors_enabled": false, "time_zone": "Eastern Time (US & Canada)", "protected": false, "default_profile": false, "is_translator": false}, "geo": null, "in_reply_to_user_id_str": "89887215", "lang": "en", "created_at": "Fri Aug 15 14:11:04 +0000 2014", "in_reply_to_status_id_str": "500280422295937024", "place": null}
