{"contributors": null, "truncated": false, "text": "@Yamiche @USATODAY  yamiche. you didnt get this topic cause your black right?  i hope its of your enduring work ethic", "in_reply_to_status_id": 500280422295937024, "id": 500283944089423872, "favorite_count": 0, "source": "<a href=\"http://twitter.com/download/iphone\" rel=\"nofollow\">Twitter for iPhone</a>", "retweeted": false, "coordinates": null, "entities": {"symbols": [], "user_mentions": [{"id": 89887215, "indices": [0, 8], "id_str": "89887215", "screen_name": "Yamiche", "name": "Yamiche Alcindor"}, {"id": 15754281, "indices": [9, 18], "id_str": "15754281", "screen_name": "USATODAY", "name": "USA TODAY"}], "hashtags": [], "urls": []}, "in_reply_to_screen_name": "Yamiche", "id_str": "500283944089423872", "retweet_count": 0, "in_reply_to_user_id": 89887215, "favorited": false, "user": {"follow_request_sent": false, "profile_use_background_image": true, "default_profile_image": false, "id": 503580426, "profile_background_image_url_https": "https://abs.twimg.com/images/themes/theme1/bg.png", "verified": false, "profile_text_color": "333333", "profile_image_url_https": "https://pbs.twimg.com/profile_images/2304967325/bvjyqmxut95ab976yxkg_normal.jpeg", "profile_sidebar_fill_color": "DDEEF6", "entities": {"description": {"urls": []}}, "followers_count": 28, "profile_sidebar_border_color": "C0DEED", "id_str": "503580426", "profile_background_color": "C0DEED", "listed_count": 0, "is_translation_enabled": false, "utc_offset": null, "statuses_count": 1454, "description": "", "friends_count": 103, "location": "Michigan ", "profile_link_color": "0084B4", "profile_image_url": "http://pbs.twimg.com/profile_images/2304967325/bvjyqmxut95ab976yxkg_normal.jpeg", "following": false, "geo_enabled": true, "profile_background_image_url": "http://abs.twimg.com/images/themes/theme1/bg.png", "screen_name": "us_rich", "lang": "en", "profile_background_tile": false, "favourites_count": 1780, "name": "richie", "notifications": false, "url": null, "created_at": "Sat Feb 25 21:33:51 +0000 2012", "contributors_enabled": false, "time_zone": null, "protected": false, "default_profile": true, "is_translator": false}, "geo": null, "in_reply_to_user_id_str": "89887215", "lang": "en", "created_at": "Fri Aug 15 14:12:41 +0000 2014", "in_reply_to_status_id_str": "500280422295937024", "place": null}
