{"contributors": null, "truncated": false, "text": "@Yamiche @USATODAY im sure none of the  officers in #fergurson have any infractions against them........", "in_reply_to_status_id": 500280422295937024, "id": 500284024162488321, "favorite_count": 0, "source": "<a href=\"http://twitter.com/download/android\" rel=\"nofollow\">Twitter for Android</a>", "retweeted": false, "coordinates": null, "entities": {"symbols": [], "user_mentions": [{"id": 89887215, "indices": [0, 8], "id_str": "89887215", "screen_name": "Yamiche", "name": "Yamiche Alcindor"}, {"id": 15754281, "indices": [9, 18], "id_str": "15754281", "screen_name": "USATODAY", "name": "USA TODAY"}], "hashtags": [{"indices": [52, 62], "text": "fergurson"}], "urls": []}, "in_reply_to_screen_name": "Yamiche", "id_str": "500284024162488321", "retweet_count": 0, "in_reply_to_user_id": 89887215, "favorited": false, "user": {"follow_request_sent": false, "profile_use_background_image": true, "default_profile_image": false, "id": 67925952, "profile_background_image_url_https": "https://abs.twimg.com/images/themes/theme14/bg.gif", "verified": false, "profile_text_color": "333333", "profile_image_url_https": "https://pbs.twimg.com/profile_images/3047530052/eaf96f5f52805019aae180e845af89ca_normal.png", "profile_sidebar_fill_color": "EFEFEF", "entities": {"url": {"urls": [{"url": "http://t.co/S39QhMgdiH", "indices": [0, 22], "expanded_url": "http://WWW.MYSPACE.COM/17HUNIND", "display_url": "MYSPACE.COM/17HUNIND"}]}, "description": {"urls": []}}, "followers_count": 318, "profile_sidebar_border_color": "EEEEEE", "id_str": "67925952", "profile_background_color": "131516", "listed_count": 6, "is_translation_enabled": false, "utc_offset": -18000, "statuses_count": 5092, "description": "Founder of H.O.P.E. FOUNDATION", "friends_count": 507, "location": "GILMOR HOMES", "profile_link_color": "009999", "profile_image_url": "http://pbs.twimg.com/profile_images/3047530052/eaf96f5f52805019aae180e845af89ca_normal.png", "following": false, "geo_enabled": false, "profile_background_image_url": "http://abs.twimg.com/images/themes/theme14/bg.gif", "screen_name": "COOLESTINDACITY", "lang": "en", "profile_background_tile": true, "favourites_count": 49, "name": "H.O.P.E  17 ", "notifications": false, "url": "http://t.co/S39QhMgdiH", "created_at": "Sat Aug 22 16:39:13 +0000 2009", "contributors_enabled": false, "time_zone": "Quito", "protected": false, "default_profile": false, "is_translator": false}, "geo": null, "in_reply_to_user_id_str": "89887215", "lang": "en", "created_at": "Fri Aug 15 14:13:00 +0000 2014", "in_reply_to_status_id_str": "500280422295937024", "place": null}
