{"contributors":null,"truncated":false,"text":"@Nola_Darling84 @BobbyHundreds22 Bryan Willman","in_reply_to_status_id":500290872479449089,"id":500291568361041920,"favorite_count":0,"source":"<a href=\"http:\/\/twitter.com\/download\/iphone\" rel=\"nofollow\">Twitter for iPhone<\/a>","retweeted":false,"coordinates":null,"entities":{"symbols":[],"user_mentions":[{"id":26177118,"indices":[0,15],"id_str":"26177118","screen_name":"Nola_Darling84","name":"Sister Mouzone"},{"id":69658823,"indices":[16,32],"id_str":"69658823","screen_name":"BobbyHundreds22","name":"Young Hot Wing"}],"hashtags":[],"urls":[]},"in_reply_to_screen_name":"Nola_Darling84","id_str":"500291568361041920","retweet_count":0,"in_reply_to_user_id":26177118,"favorited":false,"user":{"follow_request_sent":false,"profile_use_background_image":true,"default_profile_image":false,"id":223517739,"profile_background_image_url_https":"https:\/\/pbs.twimg.com\/profile_background_images\/369655476\/undftd.jpg","verified":false,"profile_text_color":"333333","profile_image_url_https":"https:\/\/pbs.twimg.com\/profile_images\/519523524328062976\/A_TKLgsZ_normal.jpeg","profile_sidebar_fill_color":"EFEFEF","entities":{"description":{"urls":[]}},"followers_count":1152,"profile_sidebar_border_color":"FFFFFF","id_str":"223517739","profile_background_color":"131516","listed_count":5,"is_translation_enabled":false,"utc_offset":-21600,"statuses_count":129943,"description":"3's up.","friends_count":483,"location":"New Orleans","profile_link_color":"009999","profile_image_url":"http:\/\/pbs.twimg.com\/profile_images\/519523524328062976\/A_TKLgsZ_normal.jpeg","following":false,"geo_enabled":true,"profile_banner_url":"https:\/\/pbs.twimg.com\/profile_banners\/223517739\/1409632142","profile_background_image_url":"http:\/\/pbs.twimg.com\/profile_background_images\/369655476\/undftd.jpg","screen_name":"NifLaser","lang":"en","profile_background_tile":true,"favourites_count":892,"name":"RedGod","notifications":false,"url":null,"created_at":"Mon Dec 06 16:25:07 +0000 2010","contributors_enabled":false,"time_zone":"Mountain Time (US & Canada)","protected":false,"default_profile":false,"is_translator":false},"geo":null,"in_reply_to_user_id_str":"26177118","lang":"en","created_at":"Fri Aug 15 14:42:59 +0000 2014","in_reply_to_status_id_str":"500290872479449089","place":null}