{"contributors":null,"truncated":false,"text":"Currently the #FoxNews website has zero, repeat, ZERO coverage of the #Ferguson protests, probably due to lack of cowboy hats.","in_reply_to_status_id":null,"id":499368931367608320,"favorite_count":93,"source":"<a href=\"http:\/\/twitter.com\" rel=\"nofollow\">Twitter Web Client<\/a>","retweeted":false,"coordinates":null,"entities":{"symbols":[],"user_mentions":[],"hashtags":[{"indices":[14,22],"text":"FoxNews"},{"indices":[70,79],"text":"Ferguson"}],"urls":[]},"in_reply_to_screen_name":null,"id_str":"499368931367608320","retweet_count":112,"in_reply_to_user_id":null,"favorited":false,"user":{"follow_request_sent":false,"profile_use_background_image":false,"default_profile_image":false,"id":17072206,"profile_background_image_url_https":"https:\/\/abs.twimg.com\/images\/themes\/theme4\/bg.gif","verified":false,"profile_text_color":"3C3940","profile_image_url_https":"https:\/\/pbs.twimg.com\/profile_images\/378800000832794077\/26da617bd7c683db2c4eaf66a5cc8369_normal.jpeg","profile_sidebar_fill_color":"95E8EC","entities":{"description":{"urls":[]}},"followers_count":11052,"profile_sidebar_border_color":"FFFFFF","id_str":"17072206","profile_background_color":"050F42","listed_count":115,"is_translation_enabled":false,"utc_offset":-18000,"statuses_count":15401,"description":"When you gotta new hammer, everything looks like a nail!  \r\n\r\nI run a clean TL.  No Monkey Business!","friends_count":12141,"location":"","profile_link_color":"0099B9","profile_image_url":"http:\/\/pbs.twimg.com\/profile_images\/378800000832794077\/26da617bd7c683db2c4eaf66a5cc8369_normal.jpeg","following":false,"geo_enabled":false,"profile_banner_url":"https:\/\/pbs.twimg.com\/profile_banners\/17072206\/1406315471","profile_background_image_url":"http:\/\/abs.twimg.com\/images\/themes\/theme4\/bg.gif","screen_name":"clydetheslyde","lang":"en","profile_background_tile":false,"favourites_count":5172,"name":"clydetheslyde","notifications":false,"url":null,"created_at":"Thu Oct 30 19:24:15 +0000 2008","contributors_enabled":false,"time_zone":"Central Time (US & Canada)","protected":false,"default_profile":false,"is_translator":false},"geo":null,"in_reply_to_user_id_str":null,"lang":"en","created_at":"Wed Aug 13 01:36:45 +0000 2014","in_reply_to_status_id_str":null,"place":null}