{"contributors": null, "truncated": false, "text": "@DIANAZOGA @AntonioFrench  Even IF he did IF; he was still UNARMED &amp; shot MULTIPLE times. Does it JUSTIFY his killing NO!.#Ferguson", "in_reply_to_status_id": 500280838710247424, "id": 500285916494061568, "favorite_count": 0, "source": "<a href=\"http://twitter.com/download/android\" rel=\"nofollow\">Twitter for Android</a>", "retweeted": false, "coordinates": null, "entities": {"symbols": [], "user_mentions": [{"id": 56539746, "indices": [0, 10], "id_str": "56539746", "screen_name": "DIANAZOGA", "name": "Diana Zoga KMOV"}, {"id": 14090948, "indices": [11, 25], "id_str": "14090948", "screen_name": "AntonioFrench", "name": "Antonio French"}], "hashtags": [{"indices": [126, 135], "text": "Ferguson"}], "urls": []}, "in_reply_to_screen_name": "DIANAZOGA", "id_str": "500285916494061568", "retweet_count": 0, "in_reply_to_user_id": 56539746, "favorited": false, "user": {"follow_request_sent": false, "profile_use_background_image": true, "default_profile_image": false, "id": 194180198, "profile_background_image_url_https": "https://pbs.twimg.com/profile_background_images/378800000005431853/b2016b21bf718eb6bb560ce5ebc50d42.jpeg", "verified": false, "profile_text_color": "634047", "profile_image_url_https": "https://pbs.twimg.com/profile_images/421428751822749696/R5Cq0Ao0_normal.png", "profile_sidebar_fill_color": "E3E2DE", "entities": {"description": {"urls": []}}, "followers_count": 1492, "profile_sidebar_border_color": "FFFFFF", "id_str": "194180198", "profile_background_color": "EDECE9", "listed_count": 27, "is_translation_enabled": false, "utc_offset": -18000, "statuses_count": 2439, "description": "Political Savant, A black woman who is sick and tired of being sick and tired. #uniteblue", "friends_count": 2001, "location": "Georgia", "profile_link_color": "800A0A", "profile_image_url": "http://pbs.twimg.com/profile_images/421428751822749696/R5Cq0Ao0_normal.png", "following": false, "geo_enabled": true, "profile_banner_url": "https://pbs.twimg.com/profile_banners/194180198/1371939463", "profile_background_image_url": "http://pbs.twimg.com/profile_background_images/378800000005431853/b2016b21bf718eb6bb560ce5ebc50d42.jpeg", "screen_name": "authenticreel", "lang": "en", "profile_background_tile": true, "favourites_count": 2826, "name": "Dimp", "notifications": false, "url": null, "created_at": "Thu Sep 23 16:34:19 +0000 2010", "contributors_enabled": false, "time_zone": "Quito", "protected": false, "default_profile": false, "is_translator": false}, "geo": null, "in_reply_to_user_id_str": "56539746", "lang": "en", "created_at": "Fri Aug 15 14:20:32 +0000 2014", "in_reply_to_status_id_str": "500280838710247424", "place": null}
