{"contributors": null, "truncated": false, "text": ".@EvilLiberal666 GOOD POINT. \n#walkingonsidewalkwhileblack \ncc  @DIANAZOGA", "in_reply_to_status_id": 500284023340818433, "id": 500291543631429632, "favorite_count": 0, "source": "<a href=\"http://twitter.com\" rel=\"nofollow\">Twitter Web Client</a>", "retweeted": false, "coordinates": null, "entities": {"symbols": [], "user_mentions": [{"id": 243831804, "indices": [1, 16], "id_str": "243831804", "screen_name": "EvilLiberal666", "name": "Evil Liberal "}, {"id": 56539746, "indices": [64, 74], "id_str": "56539746", "screen_name": "DIANAZOGA", "name": "Diana Zoga KMOV"}], "hashtags": [{"indices": [30, 58], "text": "walkingonsidewalkwhileblack"}], "urls": []}, "in_reply_to_screen_name": "EvilLiberal666", "id_str": "500291543631429632", "retweet_count": 0, "in_reply_to_user_id": 243831804, "favorited": false, "user": {"follow_request_sent": false, "profile_use_background_image": true, "default_profile_image": false, "id": 415826305, "profile_background_image_url_https": "https://pbs.twimg.com/profile_background_images/378800000177666103/Ewjg0byM.jpeg", "verified": false, "profile_text_color": "333333", "profile_image_url_https": "https://pbs.twimg.com/profile_images/451706406958145537/zgQ3Zhu4_normal.jpeg", "profile_sidebar_fill_color": "EFEFEF", "entities": {"description": {"urls": []}}, "followers_count": 5900, "profile_sidebar_border_color": "000000", "id_str": "415826305", "profile_background_color": "131516", "listed_count": 142, "is_translation_enabled": false, "utc_offset": -25200, "statuses_count": 186239, "description": "rights advocate covering: NatSec,  \u00a7215,  \u00a7702/703, EO 12333, & the clash between the oppressed & those doing the oppressing via economic inequity and austerity", "friends_count": 4847, "location": "Los Angeles", "profile_link_color": "4254B8", "profile_image_url": "http://pbs.twimg.com/profile_images/451706406958145537/zgQ3Zhu4_normal.jpeg", "following": false, "geo_enabled": false, "profile_banner_url": "https://pbs.twimg.com/profile_banners/415826305/1374808240", "profile_background_image_url": "http://pbs.twimg.com/profile_background_images/378800000177666103/Ewjg0byM.jpeg", "screen_name": "j03_2", "lang": "en", "profile_background_tile": true, "favourites_count": 26636, "name": "j03", "notifications": false, "url": null, "created_at": "Fri Nov 18 21:34:55 +0000 2011", "contributors_enabled": false, "time_zone": "Pacific Time (US & Canada)", "protected": false, "default_profile": false, "is_translator": false}, "geo": null, "in_reply_to_user_id_str": "243831804", "lang": "en", "created_at": "Fri Aug 15 14:42:53 +0000 2014", "in_reply_to_status_id_str": "500284023340818433", "place": null}
