{"contributors": null, "truncated": false, "text": "@DIANAZOGA @AntonioFrench \"strong-armed\"? But not actually \"armed.\" Soooo, the use of deadly force against him? How can it be justified?", "in_reply_to_status_id": 500280838710247424, "id": 500282616289828864, "favorite_count": 1, "source": "<a href=\"http://twitter.com/download/iphone\" rel=\"nofollow\">Twitter for iPhone</a>", "retweeted": false, "coordinates": null, "entities": {"symbols": [], "user_mentions": [{"id": 56539746, "indices": [0, 10], "id_str": "56539746", "screen_name": "DIANAZOGA", "name": "Diana Zoga KMOV"}, {"id": 14090948, "indices": [11, 25], "id_str": "14090948", "screen_name": "AntonioFrench", "name": "Antonio French"}], "hashtags": [], "urls": []}, "in_reply_to_screen_name": "DIANAZOGA", "id_str": "500282616289828864", "retweet_count": 1, "in_reply_to_user_id": 56539746, "favorited": false, "user": {"follow_request_sent": false, "profile_use_background_image": true, "default_profile_image": false, "id": 27816413, "profile_background_image_url_https": "https://pbs.twimg.com/profile_background_images/33023909/n1192839386_30137416_2139.jpg", "verified": false, "profile_text_color": "0F0E02", "profile_image_url_https": "https://pbs.twimg.com/profile_images/496832605925302272/cF8Y09Mg_normal.jpeg", "profile_sidebar_fill_color": "C3DECE", "entities": {"url": {"urls": [{"url": "http://t.co/qFESyUNc19", "indices": [0, 22], "expanded_url": "http://www.fortyfivedegrees.blogspot.com", "display_url": "fortyfivedegrees.blogspot.com"}]}, "description": {"urls": []}}, "followers_count": 792, "profile_sidebar_border_color": "FF6EAA", "id_str": "27816413", "profile_background_color": "3C8713", "listed_count": 46, "is_translation_enabled": false, "utc_offset": -25200, "statuses_count": 14039, "description": "Mother, Blogger, Frustrated English teacher and writer, living the life with my boys", "friends_count": 912, "location": "South Bay Area, Nor Cal", "profile_link_color": "010A02", "profile_image_url": "http://pbs.twimg.com/profile_images/496832605925302272/cF8Y09Mg_normal.jpeg", "following": false, "geo_enabled": false, "profile_background_image_url": "http://pbs.twimg.com/profile_background_images/33023909/n1192839386_30137416_2139.jpg", "screen_name": "schubie71", "lang": "en", "profile_background_tile": true, "favourites_count": 1164, "name": "sarah schuster", "notifications": false, "url": "http://t.co/qFESyUNc19", "created_at": "Tue Mar 31 04:48:09 +0000 2009", "contributors_enabled": false, "time_zone": "Pacific Time (US & Canada)", "protected": false, "default_profile": false, "is_translator": false}, "geo": null, "in_reply_to_user_id_str": "56539746", "lang": "en", "created_at": "Fri Aug 15 14:07:25 +0000 2014", "in_reply_to_status_id_str": "500280838710247424", "place": null}
