{"contributors": null, "truncated": false, "text": "@DIANAZOGA @AntonioFrench WHEN?  he became a suspect upon the firing of the fatal shot?", "in_reply_to_status_id": 500280838710247424, "id": 500281916658958337, "favorite_count": 2, "source": "<a href=\"http://twitter.com/download/iphone\" rel=\"nofollow\">Twitter for iPhone</a>", "retweeted": false, "coordinates": null, "entities": {"symbols": [], "user_mentions": [{"id": 56539746, "indices": [0, 10], "id_str": "56539746", "screen_name": "DIANAZOGA", "name": "Diana Zoga KMOV"}, {"id": 14090948, "indices": [11, 25], "id_str": "14090948", "screen_name": "AntonioFrench", "name": "Antonio French"}], "hashtags": [], "urls": []}, "in_reply_to_screen_name": "DIANAZOGA", "id_str": "500281916658958337", "retweet_count": 0, "in_reply_to_user_id": 56539746, "favorited": false, "user": {"follow_request_sent": false, "profile_use_background_image": true, "default_profile_image": false, "id": 15649636, "profile_background_image_url_https": "https://abs.twimg.com/images/themes/theme1/bg.png", "verified": false, "profile_text_color": "333333", "profile_image_url_https": "https://pbs.twimg.com/profile_images/506524371272220672/ZJbJYHBn_normal.jpeg", "profile_sidebar_fill_color": "DDEEF6", "entities": {"url": {"urls": [{"url": "http://t.co/swuLquGSCG", "indices": [0, 22], "expanded_url": "http://christianitycausescancer.tumblr.com", "display_url": "christianitycausescancer.tumblr.com"}]}, "description": {"urls": []}}, "followers_count": 165, "profile_sidebar_border_color": "C0DEED", "id_str": "15649636", "profile_background_color": "C0DEED", "listed_count": 2, "is_translation_enabled": false, "utc_offset": 16200, "statuses_count": 15846, "description": "Doctor, lover, friend; can teach you how to dougie; my thoughts may not be safe for your consumption.", "friends_count": 136, "location": "Jefferton City, McFlurry", "profile_link_color": "0084B4", "profile_image_url": "http://pbs.twimg.com/profile_images/506524371272220672/ZJbJYHBn_normal.jpeg", "following": false, "geo_enabled": false, "profile_banner_url": "https://pbs.twimg.com/profile_banners/15649636/1403551632", "profile_background_image_url": "http://abs.twimg.com/images/themes/theme1/bg.png", "screen_name": "bonedog84", "lang": "en", "profile_background_tile": false, "favourites_count": 3330, "name": "Jerry Maine", "notifications": false, "url": "http://t.co/swuLquGSCG", "created_at": "Tue Jul 29 18:54:07 +0000 2008", "contributors_enabled": false, "time_zone": "Tehran", "protected": false, "default_profile": true, "is_translator": false}, "geo": null, "in_reply_to_user_id_str": "56539746", "lang": "en", "created_at": "Fri Aug 15 14:04:38 +0000 2014", "in_reply_to_status_id_str": "500280838710247424", "place": null}
