{"contributors":null,"truncated":false,"text":"@DIANAZOGA @AntonioFrench How were the police so quick to indicate Mike Brown if all of this took place in a matter of minutes?","in_reply_to_status_id":500280838710247424,"id":500282858737778688,"favorite_count":0,"source":"<a href=\"http:\/\/twitter.com\" rel=\"nofollow\">Twitter Web Client<\/a>","retweeted":false,"coordinates":null,"entities":{"symbols":[],"user_mentions":[{"id":56539746,"indices":[0,10],"id_str":"56539746","screen_name":"DIANAZOGA","name":"Diana Zoga KMOV"},{"id":14090948,"indices":[11,25],"id_str":"14090948","screen_name":"AntonioFrench","name":"Antonio French"}],"hashtags":[],"urls":[]},"in_reply_to_screen_name":"DIANAZOGA","id_str":"500282858737778688","retweet_count":0,"in_reply_to_user_id":56539746,"favorited":false,"user":{"follow_request_sent":false,"profile_use_background_image":true,"default_profile_image":false,"id":153498370,"profile_background_image_url_https":"https:\/\/abs.twimg.com\/images\/themes\/theme9\/bg.gif","verified":false,"profile_text_color":"666666","profile_image_url_https":"https:\/\/pbs.twimg.com\/profile_images\/553607009044410368\/9-3lOxiE_normal.jpeg","profile_sidebar_fill_color":"252429","entities":{"description":{"urls":[]}},"followers_count":23,"profile_sidebar_border_color":"181A1E","id_str":"153498370","profile_background_color":"1A1B1F","listed_count":0,"is_translation_enabled":false,"utc_offset":-18000,"statuses_count":189,"description":"Cool, calm and collective....(Also very sexy, LOL)...To know me is to love me...","friends_count":134,"location":"Midwest","profile_link_color":"2FC2EF","profile_image_url":"http:\/\/pbs.twimg.com\/profile_images\/553607009044410368\/9-3lOxiE_normal.jpeg","following":false,"geo_enabled":false,"profile_background_image_url":"http:\/\/abs.twimg.com\/images\/themes\/theme9\/bg.gif","screen_name":"Queen_Fee","lang":"en","profile_background_tile":false,"favourites_count":1,"name":"Fee","notifications":false,"url":null,"created_at":"Tue Jun 08 18:32:11 +0000 2010","contributors_enabled":false,"time_zone":"Central Time (US & Canada)","protected":false,"default_profile":false,"is_translator":false},"geo":null,"in_reply_to_user_id_str":"56539746","lang":"en","created_at":"Fri Aug 15 14:08:22 +0000 2014","in_reply_to_status_id_str":"500280838710247424","place":null}