{"contributors":null,"truncated":false,"text":"@HaX_FR0ST @DIANAZOGA @AntonioFrench I haven't seen anyone say he was black. It is a somewhat common name.","in_reply_to_status_id":500283003323842560,"id":500286677303058432,"favorite_count":0,"source":"<a href=\"http:\/\/twitter.com\/download\/android\" rel=\"nofollow\">Twitter for Android<\/a>","retweeted":false,"coordinates":null,"entities":{"symbols":[],"user_mentions":[{"id":2730537578,"indices":[0,10],"id_str":"2730537578","screen_name":"HaX_FR0ST","name":"FR0ST"},{"id":56539746,"indices":[11,21],"id_str":"56539746","screen_name":"DIANAZOGA","name":"Diana Zoga KMOV"},{"id":14090948,"indices":[22,36],"id_str":"14090948","screen_name":"AntonioFrench","name":"Antonio French"}],"hashtags":[],"urls":[]},"in_reply_to_screen_name":"HaX_FR0ST","id_str":"500286677303058432","retweet_count":0,"in_reply_to_user_id":2730537578,"favorited":false,"user":{"follow_request_sent":false,"profile_use_background_image":true,"default_profile_image":false,"id":33197758,"profile_background_image_url_https":"https:\/\/pbs.twimg.com\/profile_background_images\/378800000090345012\/bc20a513d9a7cab7095f242fe7658ffd.png","verified":false,"profile_text_color":"000000","profile_image_url_https":"https:\/\/pbs.twimg.com\/profile_images\/574472772878913536\/qk1TVZaD_normal.jpeg","profile_sidebar_fill_color":"FFFFFF","entities":{"url":{"urls":[{"url":"http:\/\/t.co\/wxlQqZXthP","indices":[0,22],"expanded_url":"http:\/\/www.jimvaragona.com","display_url":"jimvaragona.com"}]},"description":{"urls":[]}},"followers_count":3456,"profile_sidebar_border_color":"FFFFFF","id_str":"33197758","profile_background_color":"FFFFFF","listed_count":148,"is_translation_enabled":false,"utc_offset":-18000,"statuses_count":67325,"description":"Father. Husband. T1 Diabetic. St. Louisan. Working on a documentary about the Dance of Life dancer, Susan Stone. Follow @danceoflifedoc for more info.","friends_count":1938,"location":"St. Louis, MO","profile_link_color":"2105F7","profile_image_url":"http:\/\/pbs.twimg.com\/profile_images\/574472772878913536\/qk1TVZaD_normal.jpeg","following":false,"geo_enabled":true,"profile_banner_url":"https:\/\/pbs.twimg.com\/profile_banners\/33197758\/1408460021","profile_background_image_url":"http:\/\/pbs.twimg.com\/profile_background_images\/378800000090345012\/bc20a513d9a7cab7095f242fe7658ffd.png","screen_name":"stljv","lang":"en","profile_background_tile":true,"favourites_count":12507,"name":"Jim","notifications":false,"url":"http:\/\/t.co\/wxlQqZXthP","created_at":"Sun Apr 19 13:23:33 +0000 2009","contributors_enabled":false,"time_zone":"Central Time (US & Canada)","protected":false,"default_profile":false,"is_translator":false},"geo":null,"in_reply_to_user_id_str":"2730537578","lang":"en","created_at":"Fri Aug 15 14:23:33 +0000 2014","in_reply_to_status_id_str":"500283003323842560","place":null}