{"contributors":null,"truncated":false,"text":"@Princetngirl818 all there is a still picture of a black man walking is that what counts as evidence were they on his person?","in_reply_to_status_id":500283424477687808,"id":500285527820890113,"favorite_count":1,"source":"<a href=\"http:\/\/twitter.com\/download\/iphone\" rel=\"nofollow\">Twitter for iPhone<\/a>","retweeted":false,"coordinates":null,"entities":{"symbols":[],"user_mentions":[{"id":81267279,"indices":[0,16],"id_str":"81267279","screen_name":"Princetngirl818","name":"Ashley Banks"}],"hashtags":[],"urls":[]},"in_reply_to_screen_name":"Princetngirl818","id_str":"500285527820890113","retweet_count":1,"in_reply_to_user_id":81267279,"favorited":false,"user":{"follow_request_sent":false,"profile_use_background_image":true,"default_profile_image":false,"id":558275799,"profile_background_image_url_https":"https:\/\/abs.twimg.com\/images\/themes\/theme1\/bg.png","verified":false,"profile_text_color":"333333","profile_image_url_https":"https:\/\/pbs.twimg.com\/profile_images\/566098775454654464\/XW2aRg9Q_normal.jpeg","profile_sidebar_fill_color":"DDEEF6","entities":{"description":{"urls":[]}},"followers_count":680,"profile_sidebar_border_color":"C0DEED","id_str":"558275799","profile_background_color":"C0DEED","listed_count":2,"is_translation_enabled":false,"utc_offset":-25200,"statuses_count":23170,"description":"studying at SCC future history teacher i tweet bout rap women and the ville IG: yungwy95","friends_count":212,"location":"","profile_link_color":"0084B4","profile_image_url":"http:\/\/pbs.twimg.com\/profile_images\/566098775454654464\/XW2aRg9Q_normal.jpeg","following":false,"geo_enabled":false,"profile_banner_url":"https:\/\/pbs.twimg.com\/profile_banners\/558275799\/1404913141","profile_background_image_url":"http:\/\/abs.twimg.com\/images\/themes\/theme1\/bg.png","screen_name":"dunham_wyatt","lang":"en","profile_background_tile":false,"favourites_count":6031,"name":"Its Wyatt","notifications":false,"url":null,"created_at":"Fri Apr 20 00:50:27 +0000 2012","contributors_enabled":false,"time_zone":"Pacific Time (US & Canada)","protected":false,"default_profile":true,"is_translator":false},"geo":null,"in_reply_to_user_id_str":"81267279","lang":"en","created_at":"Fri Aug 15 14:18:59 +0000 2014","in_reply_to_status_id_str":"500283424477687808","place":null}