{"contributors":null,"truncated":false,"text":"@enjen99 @DIANAZOGA oh yes. Clear that something occurred, death still not necessarily the right result.","in_reply_to_status_id":500284153674219521,"id":500284990345981952,"favorite_count":0,"source":"<a href=\"http:\/\/twitter.com\/download\/android\" rel=\"nofollow\">Twitter for Android<\/a>","retweeted":false,"coordinates":null,"entities":{"symbols":[],"user_mentions":[{"id":19984237,"indices":[0,8],"id_str":"19984237","screen_name":"enjen99","name":"Jen"},{"id":56539746,"indices":[9,19],"id_str":"56539746","screen_name":"DIANAZOGA","name":"Diana Zoga KMOV"}],"hashtags":[],"urls":[]},"in_reply_to_screen_name":"enjen99","id_str":"500284990345981952","retweet_count":0,"in_reply_to_user_id":19984237,"favorited":false,"user":{"follow_request_sent":false,"profile_use_background_image":true,"default_profile_image":false,"id":29342199,"profile_background_image_url_https":"https:\/\/abs.twimg.com\/images\/themes\/theme5\/bg.gif","verified":false,"profile_text_color":"333333","profile_image_url_https":"https:\/\/pbs.twimg.com\/profile_images\/588693285520146432\/n0pvR5uv_normal.jpg","profile_sidebar_fill_color":"DDEEF6","entities":{"description":{"urls":[]}},"followers_count":1296,"profile_sidebar_border_color":"FFFFFF","id_str":"29342199","profile_background_color":"352726","listed_count":62,"is_translation_enabled":false,"utc_offset":-14400,"statuses_count":54967,"description":"Telling it like it is since 1971. \r\nTweets are of course my words. \r\nUnless RT'ed., which  does not imply endorsement.","friends_count":1989,"location":"","profile_link_color":"0A6E61","profile_image_url":"http:\/\/pbs.twimg.com\/profile_images\/588693285520146432\/n0pvR5uv_normal.jpg","following":false,"geo_enabled":false,"profile_banner_url":"https:\/\/pbs.twimg.com\/profile_banners\/29342199\/1409089902","profile_background_image_url":"http:\/\/abs.twimg.com\/images\/themes\/theme5\/bg.gif","screen_name":"JLa_NYC","lang":"en","profile_background_tile":false,"favourites_count":9823,"name":"J-La ","notifications":false,"url":null,"created_at":"Tue Apr 07 00:44:38 +0000 2009","contributors_enabled":false,"time_zone":"Eastern Time (US & Canada)","protected":false,"default_profile":false,"is_translator":false},"geo":null,"in_reply_to_user_id_str":"19984237","lang":"en","created_at":"Fri Aug 15 14:16:51 +0000 2014","in_reply_to_status_id_str":"500284153674219521","place":null}