{"contributors":null,"truncated":false,"text":"@DIANAZOGA @AntonioFrench Antonio French tweeted this vid 4 days ago. Is this the same robbery and market? https:\/\/t.co\/uzi36hP9Zo","in_reply_to_status_id":500280838710247424,"id":500281906362351616,"favorite_count":3,"source":"<a href=\"http:\/\/twitter.com\" rel=\"nofollow\">Twitter Web Client<\/a>","retweeted":false,"coordinates":null,"entities":{"symbols":[],"user_mentions":[{"id":56539746,"indices":[0,10],"id_str":"56539746","screen_name":"DIANAZOGA","name":"Diana Zoga KMOV"},{"id":14090948,"indices":[11,25],"id_str":"14090948","screen_name":"AntonioFrench","name":"Antonio French"}],"hashtags":[],"urls":[{"url":"https:\/\/t.co\/uzi36hP9Zo","indices":[107,130],"expanded_url":"https:\/\/www.youtube.com\/watch?v=tfy5FiqzWHI&sns=em","display_url":"youtube.com\/watch?v=tfy5Fi\u2026"}]},"in_reply_to_screen_name":"DIANAZOGA","id_str":"500281906362351616","retweet_count":4,"in_reply_to_user_id":56539746,"favorited":false,"user":{"follow_request_sent":false,"profile_use_background_image":false,"default_profile_image":false,"id":18493147,"profile_background_image_url_https":"https:\/\/pbs.twimg.com\/profile_background_images\/644253675\/nsdh1wfovdrshortj9op.jpeg","verified":false,"profile_text_color":"333333","profile_image_url_https":"https:\/\/pbs.twimg.com\/profile_images\/560955068376428544\/gGO8Q4Mz_normal.jpeg","profile_sidebar_fill_color":"999999","entities":{"description":{"urls":[{"url":"http:\/\/t.co\/I1KyjrOKu4","indices":[8,30],"expanded_url":"http:\/\/Twitchy.com","display_url":"Twitchy.com"}]}},"followers_count":7003,"profile_sidebar_border_color":"333333","id_str":"18493147","profile_background_color":"4D6875","listed_count":349,"is_translation_enabled":false,"utc_offset":-14400,"statuses_count":86168,"description":"Editor, http:\/\/t.co\/I1KyjrOKu4. RTs are complicated; politics = sarcasticon.","friends_count":2377,"location":"Miami, FL","profile_link_color":"0E0F0F","profile_image_url":"http:\/\/pbs.twimg.com\/profile_images\/560955068376428544\/gGO8Q4Mz_normal.jpeg","following":false,"geo_enabled":false,"profile_banner_url":"https:\/\/pbs.twimg.com\/profile_banners\/18493147\/1409064321","profile_background_image_url":"http:\/\/pbs.twimg.com\/profile_background_images\/644253675\/nsdh1wfovdrshortj9op.jpeg","screen_name":"GPollowitz","lang":"en","profile_background_tile":true,"favourites_count":5,"name":"Greg Pollowitz","notifications":false,"url":null,"created_at":"Wed Dec 31 00:08:03 +0000 2008","contributors_enabled":false,"time_zone":"Eastern Time (US & Canada)","protected":false,"default_profile":false,"is_translator":false},"geo":null,"in_reply_to_user_id_str":"56539746","possibly_sensitive":false,"lang":"en","created_at":"Fri Aug 15 14:04:35 +0000 2014","in_reply_to_status_id_str":"500280838710247424","place":null}