{"contributors": null, "truncated": false, "text": "@bonedog84 @DIANAZOGA @AntonioFrench We will not rest until there is Justice here.  Even if true, Mike Brown did not deserve execution.", "in_reply_to_status_id": 500281916658958337, "id": 500284352832757760, "favorite_count": 1, "source": "<a href=\"http://twitter.com\" rel=\"nofollow\">Twitter Web Client</a>", "retweeted": false, "coordinates": null, "entities": {"symbols": [], "user_mentions": [{"id": 15649636, "indices": [0, 10], "id_str": "15649636", "screen_name": "bonedog84", "name": "Jerry Maine"}, {"id": 56539746, "indices": [11, 21], "id_str": "56539746", "screen_name": "DIANAZOGA", "name": "Diana Zoga KMOV"}, {"id": 14090948, "indices": [22, 36], "id_str": "14090948", "screen_name": "AntonioFrench", "name": "Antonio French"}], "hashtags": [], "urls": []}, "in_reply_to_screen_name": "bonedog84", "id_str": "500284352832757760", "retweet_count": 1, "in_reply_to_user_id": 15649636, "favorited": false, "user": {"follow_request_sent": false, "profile_use_background_image": true, "default_profile_image": true, "id": 22715644, "profile_background_image_url_https": "https://abs.twimg.com/images/themes/theme1/bg.png", "verified": false, "profile_text_color": "333333", "profile_image_url_https": "https://abs.twimg.com/sticky/default_profile_images/default_profile_0_normal.png", "profile_sidebar_fill_color": "DDEEF6", "entities": {"description": {"urls": []}}, "followers_count": 10, "profile_sidebar_border_color": "C0DEED", "id_str": "22715644", "profile_background_color": "C0DEED", "listed_count": 0, "is_translation_enabled": false, "utc_offset": null, "statuses_count": 69, "description": "", "friends_count": 48, "location": "", "profile_link_color": "0084B4", "profile_image_url": "http://abs.twimg.com/sticky/default_profile_images/default_profile_0_normal.png", "following": false, "geo_enabled": false, "profile_background_image_url": "http://abs.twimg.com/images/themes/theme1/bg.png", "screen_name": "FunkThompson", "lang": "en", "profile_background_tile": false, "favourites_count": 2, "name": "Josh Thompson", "notifications": false, "url": null, "created_at": "Wed Mar 04 01:45:39 +0000 2009", "contributors_enabled": false, "time_zone": null, "protected": false, "default_profile": true, "is_translator": false}, "geo": null, "in_reply_to_user_id_str": "15649636", "lang": "en", "created_at": "Fri Aug 15 14:14:19 +0000 2014", "in_reply_to_status_id_str": "500281916658958337", "place": null}
