{"contributors": null, "truncated": false, "text": "@Sbragg420 @DIANAZOGA that's problematic.", "in_reply_to_status_id": 500285261813940224, "id": 500285798089252865, "favorite_count": 0, "source": "<a href=\"http://twitter.com/download/iphone\" rel=\"nofollow\">Twitter for iPhone</a>", "retweeted": false, "coordinates": null, "entities": {"symbols": [], "user_mentions": [{"id": 2264469184, "indices": [0, 10], "id_str": "2264469184", "screen_name": "Sbragg420", "name": "Sam bragg"}, {"id": 56539746, "indices": [11, 21], "id_str": "56539746", "screen_name": "DIANAZOGA", "name": "Diana Zoga KMOV"}], "hashtags": [], "urls": []}, "in_reply_to_screen_name": "Sbragg420", "id_str": "500285798089252865", "retweet_count": 0, "in_reply_to_user_id": 2264469184, "favorited": false, "user": {"follow_request_sent": false, "profile_use_background_image": true, "default_profile_image": false, "id": 28935680, "profile_background_image_url_https": "https://abs.twimg.com/images/themes/theme14/bg.gif", "verified": false, "profile_text_color": "333333", "profile_image_url_https": "https://pbs.twimg.com/profile_images/484724918425112576/v5McTrJm_normal.jpeg", "profile_sidebar_fill_color": "EFEFEF", "entities": {"description": {"urls": []}}, "followers_count": 837, "profile_sidebar_border_color": "EEEEEE", "id_str": "28935680", "profile_background_color": "131516", "listed_count": 21, "is_translation_enabled": false, "utc_offset": -18000, "statuses_count": 82382, "description": "Marketing & PR Phenom|Chief Power Specialist @_PowerPublicity| Lover of music|Temple Alum|#ravensnation| #blackgirlsrun| Woman of a diff status...31 to be exact", "friends_count": 892, "location": "Closer to My Dreams", "profile_link_color": "009999", "profile_image_url": "http://pbs.twimg.com/profile_images/484724918425112576/v5McTrJm_normal.jpeg", "following": false, "geo_enabled": false, "profile_banner_url": "https://pbs.twimg.com/profile_banners/28935680/1402884552", "profile_background_image_url": "http://abs.twimg.com/images/themes/theme14/bg.gif", "screen_name": "IamLaurenGill", "lang": "en", "profile_background_tile": true, "favourites_count": 2001, "name": "\u264eLauren\u264e", "notifications": false, "url": null, "created_at": "Sun Apr 05 03:53:31 +0000 2009", "contributors_enabled": false, "time_zone": "Quito", "protected": false, "default_profile": false, "is_translator": false}, "geo": null, "in_reply_to_user_id_str": "2264469184", "lang": "en", "created_at": "Fri Aug 15 14:20:03 +0000 2014", "in_reply_to_status_id_str": "500285261813940224", "place": null}
