{"contributors":null,"truncated":false,"text":"@DIANAZOGA wait a min, I thought they said he was a good boy?","in_reply_to_status_id":500280838710247424,"id":500283123532570624,"favorite_count":0,"source":"<a href=\"http:\/\/twitter.com\/download\/iphone\" rel=\"nofollow\">Twitter for iPhone<\/a>","retweeted":false,"coordinates":null,"entities":{"symbols":[],"user_mentions":[{"id":56539746,"indices":[0,10],"id_str":"56539746","screen_name":"DIANAZOGA","name":"Diana Zoga KMOV"}],"hashtags":[],"urls":[]},"in_reply_to_screen_name":"DIANAZOGA","id_str":"500283123532570624","retweet_count":0,"in_reply_to_user_id":56539746,"favorited":false,"user":{"follow_request_sent":false,"profile_use_background_image":true,"default_profile_image":false,"id":303502732,"profile_background_image_url_https":"https:\/\/abs.twimg.com\/images\/themes\/theme1\/bg.png","verified":false,"profile_text_color":"333333","profile_image_url_https":"https:\/\/pbs.twimg.com\/profile_images\/532157168053919745\/D7ZPIgwU_normal.jpeg","profile_sidebar_fill_color":"DDEEF6","entities":{"description":{"urls":[]}},"followers_count":43,"profile_sidebar_border_color":"C0DEED","id_str":"303502732","profile_background_color":"C0DEED","listed_count":0,"is_translation_enabled":false,"utc_offset":-21600,"statuses_count":1570,"description":"","friends_count":93,"location":"Stl MO","profile_link_color":"0084B4","profile_image_url":"http:\/\/pbs.twimg.com\/profile_images\/532157168053919745\/D7ZPIgwU_normal.jpeg","following":false,"geo_enabled":false,"profile_banner_url":"https:\/\/pbs.twimg.com\/profile_banners\/303502732\/1404738777","profile_background_image_url":"http:\/\/abs.twimg.com\/images\/themes\/theme1\/bg.png","screen_name":"mjalbers5","lang":"en","profile_background_tile":false,"favourites_count":273,"name":"Matthew Albers","notifications":false,"url":null,"created_at":"Mon May 23 00:14:57 +0000 2011","contributors_enabled":false,"time_zone":"Mountain Time (US & Canada)","protected":false,"default_profile":true,"is_translator":false},"geo":null,"in_reply_to_user_id_str":"56539746","lang":"en","created_at":"Fri Aug 15 14:09:26 +0000 2014","in_reply_to_status_id_str":"500280838710247424","place":null}