{"contributors": null, "truncated": false, "text": "@DIANAZOGA @j03_2 Indicate? If he was a suspect why did the police stop his car next to him and tell him to \"get the f#ck on the sidewalk\" ?", "in_reply_to_status_id": 500280838710247424, "id": 500284023340818433, "favorite_count": 1, "source": "<a href=\"http://twitter.com\" rel=\"nofollow\">Twitter Web Client</a>", "retweeted": false, "coordinates": null, "entities": {"symbols": [], "user_mentions": [{"id": 56539746, "indices": [0, 10], "id_str": "56539746", "screen_name": "DIANAZOGA", "name": "Diana Zoga KMOV"}, {"id": 415826305, "indices": [11, 17], "id_str": "415826305", "screen_name": "j03_2", "name": "j03"}], "hashtags": [], "urls": []}, "in_reply_to_screen_name": "DIANAZOGA", "id_str": "500284023340818433", "retweet_count": 2, "in_reply_to_user_id": 56539746, "favorited": false, "user": {"follow_request_sent": false, "profile_use_background_image": true, "default_profile_image": false, "id": 243831804, "profile_background_image_url_https": "https://abs.twimg.com/images/themes/theme15/bg.png", "verified": false, "profile_text_color": "333333", "profile_image_url_https": "https://pbs.twimg.com/profile_images/1228738629/thumbnail_normal.jpg", "profile_sidebar_fill_color": "C0DFEC", "entities": {"description": {"urls": []}}, "followers_count": 338, "profile_sidebar_border_color": "000000", "id_str": "243831804", "profile_background_color": "022330", "listed_count": 3, "is_translation_enabled": false, "utc_offset": -25200, "statuses_count": 7369, "description": "", "friends_count": 605, "location": "", "profile_link_color": "0084B4", "profile_image_url": "http://pbs.twimg.com/profile_images/1228738629/thumbnail_normal.jpg", "following": false, "geo_enabled": true, "profile_background_image_url": "http://abs.twimg.com/images/themes/theme15/bg.png", "screen_name": "EvilLiberal666", "lang": "en", "profile_background_tile": false, "favourites_count": 432, "name": "Evil Liberal ", "notifications": false, "url": null, "created_at": "Thu Jan 27 22:30:27 +0000 2011", "contributors_enabled": false, "time_zone": "Arizona", "protected": false, "default_profile": false, "is_translator": false}, "geo": null, "in_reply_to_user_id_str": "56539746", "lang": "en", "created_at": "Fri Aug 15 14:13:00 +0000 2014", "in_reply_to_status_id_str": "500280838710247424", "place": null}
