{"contributors":null,"truncated":false,"text":"\u201c@DIANAZOGA: Police reports released this morning indicate Mike Brown was a suspect in a \"strong-armed\" robbery in #Ferguson\u201dSo kill him?","in_reply_to_status_id":500280838710247424,"id":500283424477687808,"favorite_count":0,"source":"<a href=\"http:\/\/twitter.com\/download\/iphone\" rel=\"nofollow\">Twitter for iPhone<\/a>","retweeted":false,"coordinates":null,"entities":{"symbols":[],"user_mentions":[{"id":56539746,"indices":[1,11],"id_str":"56539746","screen_name":"DIANAZOGA","name":"Diana Zoga KMOV"}],"hashtags":[{"indices":[115,124],"text":"Ferguson"}],"urls":[]},"in_reply_to_screen_name":"DIANAZOGA","id_str":"500283424477687808","retweet_count":3,"in_reply_to_user_id":56539746,"favorited":false,"user":{"follow_request_sent":false,"profile_use_background_image":true,"default_profile_image":false,"id":81267279,"profile_background_image_url_https":"https:\/\/pbs.twimg.com\/profile_background_images\/668348541\/894b58bb4175f69e1b60c459d82c5d3f.jpeg","verified":false,"profile_text_color":"333333","profile_image_url_https":"https:\/\/pbs.twimg.com\/profile_images\/589578037244497920\/WoGu3j3n_normal.jpg","profile_sidebar_fill_color":"DDEEF6","entities":{"url":{"urls":[{"url":"http:\/\/t.co\/6QWIrAFfwC","indices":[0,22],"expanded_url":"http:\/\/ask.fm\/movealonggirl","display_url":"ask.fm\/movealonggirl"}]},"description":{"urls":[]}},"followers_count":1276,"profile_sidebar_border_color":"FFFFFF","id_str":"81267279","profile_background_color":"C0DEED","listed_count":2,"is_translation_enabled":false,"utc_offset":-25200,"statuses_count":39578,"description":"I'm weird but you're a superficial systematicly made normal bitch. I disagree with you already .\u26be\ufe0fMarcus Garvey","friends_count":736,"location":"Bay","profile_link_color":"0084B4","profile_image_url":"http:\/\/pbs.twimg.com\/profile_images\/589578037244497920\/WoGu3j3n_normal.jpg","following":false,"geo_enabled":false,"profile_banner_url":"https:\/\/pbs.twimg.com\/profile_banners\/81267279\/1405268803","profile_background_image_url":"http:\/\/pbs.twimg.com\/profile_background_images\/668348541\/894b58bb4175f69e1b60c459d82c5d3f.jpeg","screen_name":"Princetngirl818","lang":"en","profile_background_tile":true,"favourites_count":17008,"name":"Ashley Banks","notifications":false,"url":"http:\/\/t.co\/6QWIrAFfwC","created_at":"Sat Oct 10 03:04:47 +0000 2009","contributors_enabled":false,"time_zone":"Pacific Time (US & Canada)","protected":false,"default_profile":false,"is_translator":false},"geo":null,"in_reply_to_user_id_str":"56539746","lang":"en","created_at":"Fri Aug 15 14:10:37 +0000 2014","in_reply_to_status_id_str":"500280838710247424","place":null}