{"contributors": null, "truncated": false, "text": "It's a little scary to know they shoot and kill people suspected of crimes in Ferguson. @DIANAZOGA @AntonioFrench", "in_reply_to_status_id": 500280838710247424, "id": 500281948233674753, "favorite_count": 0, "source": "<a href=\"http://twitter.com\" rel=\"nofollow\">Twitter Web Client</a>", "retweeted": false, "coordinates": null, "entities": {"symbols": [], "user_mentions": [{"id": 56539746, "indices": [88, 98], "id_str": "56539746", "screen_name": "DIANAZOGA", "name": "Diana Zoga KMOV"}, {"id": 14090948, "indices": [99, 113], "id_str": "14090948", "screen_name": "AntonioFrench", "name": "Antonio French"}], "hashtags": [], "urls": []}, "in_reply_to_screen_name": "DIANAZOGA", "id_str": "500281948233674753", "retweet_count": 3, "in_reply_to_user_id": 56539746, "favorited": false, "user": {"follow_request_sent": false, "profile_use_background_image": true, "default_profile_image": false, "id": 720725023, "profile_background_image_url_https": "https://pbs.twimg.com/profile_background_images/818695398/30777f5a6c458e922bb9dc1d310b19ea.jpeg", "verified": false, "profile_text_color": "764F69", "profile_image_url_https": "https://pbs.twimg.com/profile_images/378800000614399284/7a7d719f251b60c5d9f13560a6ec0cbe_normal.png", "profile_sidebar_fill_color": "F8DCD6", "entities": {"description": {"urls": []}}, "followers_count": 1717, "profile_sidebar_border_color": "FFFFFF", "id_str": "720725023", "profile_background_color": "160520", "listed_count": 47, "is_translation_enabled": false, "utc_offset": -10800, "statuses_count": 19076, "description": "Trying to make the world a better place one tweet at a time.", "friends_count": 1992, "location": "", "profile_link_color": "3D1943", "profile_image_url": "http://pbs.twimg.com/profile_images/378800000614399284/7a7d719f251b60c5d9f13560a6ec0cbe_normal.png", "following": false, "geo_enabled": false, "profile_banner_url": "https://pbs.twimg.com/profile_banners/720725023/1363706727", "profile_background_image_url": "http://pbs.twimg.com/profile_background_images/818695398/30777f5a6c458e922bb9dc1d310b19ea.jpeg", "screen_name": "stand4all", "lang": "en", "profile_background_tile": true, "favourites_count": 9077, "name": "Dowhatisright", "notifications": false, "url": null, "created_at": "Fri Jul 27 19:25:33 +0000 2012", "contributors_enabled": false, "time_zone": "Atlantic Time (Canada)", "protected": false, "default_profile": false, "is_translator": false}, "geo": null, "in_reply_to_user_id_str": "56539746", "lang": "en", "created_at": "Fri Aug 15 14:04:45 +0000 2014", "in_reply_to_status_id_str": "500280838710247424", "place": null}
