{"contributors":null,"truncated":false,"text":"@IamLaurenGill @DIANAZOGA old saying \"there's always two sides to a story\"","in_reply_to_status_id":500282025543499777,"id":500284241985683456,"favorite_count":0,"source":"<a href=\"http:\/\/twitter.com\/download\/android\" rel=\"nofollow\">Twitter for Android<\/a>","retweeted":false,"coordinates":null,"entities":{"symbols":[],"user_mentions":[{"id":28935680,"indices":[0,14],"id_str":"28935680","screen_name":"IamLaurenGill","name":"\u264eLauren\u264e"},{"id":56539746,"indices":[15,25],"id_str":"56539746","screen_name":"DIANAZOGA","name":"Diana Zoga KMOV"}],"hashtags":[],"urls":[]},"in_reply_to_screen_name":"IamLaurenGill","id_str":"500284241985683456","retweet_count":1,"in_reply_to_user_id":28935680,"favorited":false,"user":{"follow_request_sent":false,"profile_use_background_image":true,"default_profile_image":false,"id":2264469184,"profile_background_image_url_https":"https:\/\/abs.twimg.com\/images\/themes\/theme1\/bg.png","verified":false,"profile_text_color":"333333","profile_image_url_https":"https:\/\/pbs.twimg.com\/profile_images\/518584547265757184\/iIb4KAaa_normal.jpeg","profile_sidebar_fill_color":"DDEEF6","entities":{"description":{"urls":[]}},"followers_count":109,"profile_sidebar_border_color":"C0DEED","id_str":"2264469184","profile_background_color":"C0DEED","listed_count":0,"is_translation_enabled":false,"utc_offset":null,"statuses_count":275,"description":"Looking to do great things in life and In three words I can sum up everything I've learned about life: It Goes On!","friends_count":182,"location":"","profile_link_color":"0084B4","profile_image_url":"http:\/\/pbs.twimg.com\/profile_images\/518584547265757184\/iIb4KAaa_normal.jpeg","following":false,"geo_enabled":true,"profile_banner_url":"https:\/\/pbs.twimg.com\/profile_banners\/2264469184\/1388968864","profile_background_image_url":"http:\/\/abs.twimg.com\/images\/themes\/theme1\/bg.png","screen_name":"Sbragg420","lang":"en","profile_background_tile":false,"favourites_count":0,"name":"Sam bragg","notifications":false,"url":null,"created_at":"Mon Jan 06 00:21:29 +0000 2014","contributors_enabled":false,"time_zone":null,"protected":false,"default_profile":true,"is_translator":false},"geo":null,"in_reply_to_user_id_str":"28935680","lang":"en","created_at":"Fri Aug 15 14:13:52 +0000 2014","in_reply_to_status_id_str":"500282025543499777","place":null}