{"contributors":null,"truncated":false,"text":"@DIANAZOGA @AntonioFrench that's bs. there's always a \"history\" when the African Americans gets killed.","in_reply_to_status_id":500280838710247424,"id":500282726298054656,"favorite_count":1,"source":"<a href=\"http:\/\/twitter.com\/download\/iphone\" rel=\"nofollow\">Twitter for iPhone<\/a>","retweeted":false,"coordinates":null,"entities":{"symbols":[],"user_mentions":[{"id":56539746,"indices":[0,10],"id_str":"56539746","screen_name":"DIANAZOGA","name":"Diana Zoga KMOV"},{"id":14090948,"indices":[11,25],"id_str":"14090948","screen_name":"AntonioFrench","name":"Antonio French"}],"hashtags":[],"urls":[]},"in_reply_to_screen_name":"DIANAZOGA","id_str":"500282726298054656","retweet_count":0,"in_reply_to_user_id":56539746,"favorited":false,"user":{"follow_request_sent":false,"profile_use_background_image":true,"default_profile_image":false,"id":154691216,"profile_background_image_url_https":"https:\/\/pbs.twimg.com\/profile_background_images\/462657974737985536\/YwfeUyHt.jpeg","verified":false,"profile_text_color":"FF0000","profile_image_url_https":"https:\/\/pbs.twimg.com\/profile_images\/582251006114672640\/y58jeS6l_normal.jpg","profile_sidebar_fill_color":"000000","entities":{"description":{"urls":[]}},"followers_count":1316,"profile_sidebar_border_color":"FFFFFF","id_str":"154691216","profile_background_color":"FF0F1F","listed_count":0,"is_translation_enabled":false,"utc_offset":-18000,"statuses_count":33641,"description":"like an abstinent nun, you cannot do me.","friends_count":1239,"location":"","profile_link_color":"AB0909","profile_image_url":"http:\/\/pbs.twimg.com\/profile_images\/582251006114672640\/y58jeS6l_normal.jpg","following":false,"geo_enabled":false,"profile_banner_url":"https:\/\/pbs.twimg.com\/profile_banners\/154691216\/1410211301","profile_background_image_url":"http:\/\/pbs.twimg.com\/profile_background_images\/462657974737985536\/YwfeUyHt.jpeg","screen_name":"Nadiology_","lang":"en","profile_background_tile":true,"favourites_count":3153,"name":"nadi","notifications":false,"url":null,"created_at":"Fri Jun 11 23:28:47 +0000 2010","contributors_enabled":false,"time_zone":"Central Time (US & Canada)","protected":false,"default_profile":false,"is_translator":false},"geo":null,"in_reply_to_user_id_str":"56539746","lang":"en","created_at":"Fri Aug 15 14:07:51 +0000 2014","in_reply_to_status_id_str":"500280838710247424","place":null}