{"contributors":null,"truncated":false,"text":"@JLa_NYC @DIANAZOGA \"Strong armed\" is being used to obfuscate; sounds like the perp was armed, which he wasn't, &amp; the crime was SHOPLIFTING.","in_reply_to_status_id":500284990345981952,"id":500285795002236928,"favorite_count":1,"source":"<a href=\"http:\/\/twitter.com\" rel=\"nofollow\">Twitter Web Client<\/a>","retweeted":false,"coordinates":null,"entities":{"symbols":[],"user_mentions":[{"id":29342199,"indices":[0,8],"id_str":"29342199","screen_name":"JLa_NYC","name":"J-La "},{"id":56539746,"indices":[9,19],"id_str":"56539746","screen_name":"DIANAZOGA","name":"Diana Zoga KMOV"}],"hashtags":[],"urls":[]},"in_reply_to_screen_name":"JLa_NYC","id_str":"500285795002236928","retweet_count":1,"in_reply_to_user_id":29342199,"favorited":false,"user":{"follow_request_sent":false,"profile_use_background_image":true,"default_profile_image":false,"id":19984237,"profile_background_image_url_https":"https:\/\/abs.twimg.com\/images\/themes\/theme9\/bg.gif","verified":false,"profile_text_color":"666666","profile_image_url_https":"https:\/\/pbs.twimg.com\/profile_images\/537738968859553792\/3VZyxLut_normal.jpeg","profile_sidebar_fill_color":"252429","entities":{"description":{"urls":[]}},"followers_count":208,"profile_sidebar_border_color":"181A1E","id_str":"19984237","profile_background_color":"1A1B1F","listed_count":6,"is_translation_enabled":false,"utc_offset":-18000,"statuses_count":1718,"description":"Tech chick, sex writer, cool mom, married lady, HIV\/AIDS activist, tough ass bitch. I say fuck a lot but I dig peace.","friends_count":342,"location":"Brooklyn, baby.","profile_link_color":"2FC2EF","profile_image_url":"http:\/\/pbs.twimg.com\/profile_images\/537738968859553792\/3VZyxLut_normal.jpeg","following":false,"geo_enabled":false,"profile_banner_url":"https:\/\/pbs.twimg.com\/profile_banners\/19984237\/1409153443","profile_background_image_url":"http:\/\/abs.twimg.com\/images\/themes\/theme9\/bg.gif","screen_name":"enjen99","lang":"en","profile_background_tile":false,"favourites_count":443,"name":"Jen","notifications":false,"url":null,"created_at":"Tue Feb 03 17:11:24 +0000 2009","contributors_enabled":false,"time_zone":"Central Time (US & Canada)","protected":false,"default_profile":false,"is_translator":false},"geo":null,"in_reply_to_user_id_str":"29342199","lang":"en","created_at":"Fri Aug 15 14:20:03 +0000 2014","in_reply_to_status_id_str":"500284990345981952","place":null}