{"contributors": null, "truncated": false, "text": "@DIANAZOGA @AntonioFrench A pack of cigarettes = strong armed robbery.... You guys are getting ready to stir the pot again.", "in_reply_to_status_id": 500280838710247424, "id": 500284524971188224, "favorite_count": 0, "source": "<a href=\"http://twitter.com\" rel=\"nofollow\">Twitter Web Client</a>", "retweeted": false, "coordinates": null, "entities": {"symbols": [], "user_mentions": [{"id": 56539746, "indices": [0, 10], "id_str": "56539746", "screen_name": "DIANAZOGA", "name": "Diana Zoga KMOV"}, {"id": 14090948, "indices": [11, 25], "id_str": "14090948", "screen_name": "AntonioFrench", "name": "Antonio French"}], "hashtags": [], "urls": []}, "in_reply_to_screen_name": "DIANAZOGA", "id_str": "500284524971188224", "retweet_count": 0, "in_reply_to_user_id": 56539746, "favorited": false, "user": {"follow_request_sent": false, "profile_use_background_image": true, "default_profile_image": false, "id": 860869908, "profile_background_image_url_https": "https://abs.twimg.com/images/themes/theme8/bg.gif", "verified": false, "profile_text_color": "333333", "profile_image_url_https": "https://pbs.twimg.com/profile_images/487346984102031360/GZ4pkdZA_normal.jpeg", "profile_sidebar_fill_color": "EADEAA", "entities": {"description": {"urls": []}}, "followers_count": 14, "profile_sidebar_border_color": "FFFFFF", "id_str": "860869908", "profile_background_color": "8B542B", "listed_count": 0, "is_translation_enabled": false, "utc_offset": null, "statuses_count": 227, "description": "married mother native of Detroit photographer music addict political junkie and aspiring socialist", "friends_count": 135, "location": "Glendale, AZ", "profile_link_color": "9D582E", "profile_image_url": "http://pbs.twimg.com/profile_images/487346984102031360/GZ4pkdZA_normal.jpeg", "following": false, "geo_enabled": true, "profile_banner_url": "https://pbs.twimg.com/profile_banners/860869908/1405027577", "profile_background_image_url": "http://abs.twimg.com/images/themes/theme8/bg.gif", "screen_name": "nikaforte", "lang": "en", "profile_background_tile": true, "favourites_count": 33, "name": "Nika Forte' Sesay", "notifications": false, "url": null, "created_at": "Thu Oct 04 04:53:43 +0000 2012", "contributors_enabled": false, "time_zone": null, "protected": false, "default_profile": false, "is_translator": false}, "geo": null, "in_reply_to_user_id_str": "56539746", "lang": "en", "created_at": "Fri Aug 15 14:15:00 +0000 2014", "in_reply_to_status_id_str": "500280838710247424", "place": null}
