{"contributors": null, "truncated": false, "text": "@bonedog84 @DIANAZOGA @AntonioFrench exactly", "in_reply_to_status_id": 500281916658958337, "id": 500282527559720960, "favorite_count": 0, "source": "<a href=\"http://twitter.com/download/android\" rel=\"nofollow\">Twitter for Android</a>", "retweeted": false, "coordinates": null, "entities": {"symbols": [], "user_mentions": [{"id": 15649636, "indices": [0, 10], "id_str": "15649636", "screen_name": "bonedog84", "name": "Jerry Maine"}, {"id": 56539746, "indices": [11, 21], "id_str": "56539746", "screen_name": "DIANAZOGA", "name": "Diana Zoga KMOV"}, {"id": 14090948, "indices": [22, 36], "id_str": "14090948", "screen_name": "AntonioFrench", "name": "Antonio French"}], "hashtags": [], "urls": []}, "in_reply_to_screen_name": "bonedog84", "id_str": "500282527559720960", "retweet_count": 0, "in_reply_to_user_id": 15649636, "favorited": false, "user": {"follow_request_sent": false, "profile_use_background_image": true, "default_profile_image": false, "id": 2578298911, "profile_background_image_url_https": "https://abs.twimg.com/images/themes/theme1/bg.png", "verified": false, "profile_text_color": "333333", "profile_image_url_https": "https://pbs.twimg.com/profile_images/500088564152291330/y363k5zV_normal.jpeg", "profile_sidebar_fill_color": "DDEEF6", "entities": {"description": {"urls": []}}, "followers_count": 0, "profile_sidebar_border_color": "C0DEED", "id_str": "2578298911", "profile_background_color": "C0DEED", "listed_count": 0, "is_translation_enabled": false, "utc_offset": null, "statuses_count": 5, "description": "", "friends_count": 13, "location": "", "profile_link_color": "0084B4", "profile_image_url": "http://pbs.twimg.com/profile_images/500088564152291330/y363k5zV_normal.jpeg", "following": false, "geo_enabled": false, "profile_background_image_url": "http://abs.twimg.com/images/themes/theme1/bg.png", "screen_name": "sunnisunshine94", "lang": "en", "profile_background_tile": false, "favourites_count": 40, "name": "Sunni", "notifications": false, "url": null, "created_at": "Fri Jun 20 08:07:33 +0000 2014", "contributors_enabled": false, "time_zone": null, "protected": false, "default_profile": true, "is_translator": false}, "geo": null, "in_reply_to_user_id_str": "15649636", "lang": "en", "created_at": "Fri Aug 15 14:07:04 +0000 2014", "in_reply_to_status_id_str": "500281916658958337", "place": null}
