{"contributors":null,"truncated":false,"text":"\u201c@DIANAZOGA: Police reports released this morning indicate Mike Brown was a suspect in a \"strong-armed\" robbery in #Ferguson\u201d #VictimOnTrial","in_reply_to_status_id":500280838710247424,"id":500283973239865345,"favorite_count":2,"source":"<a href=\"http:\/\/twitter.com\/download\/iphone\" rel=\"nofollow\">Twitter for iPhone<\/a>","retweeted":false,"coordinates":null,"entities":{"symbols":[],"user_mentions":[{"id":56539746,"indices":[1,11],"id_str":"56539746","screen_name":"DIANAZOGA","name":"Diana Zoga KMOV"}],"hashtags":[{"indices":[115,124],"text":"Ferguson"},{"indices":[126,140],"text":"VictimOnTrial"}],"urls":[]},"in_reply_to_screen_name":"DIANAZOGA","id_str":"500283973239865345","retweet_count":2,"in_reply_to_user_id":56539746,"favorited":false,"user":{"follow_request_sent":false,"profile_use_background_image":true,"default_profile_image":false,"id":462512588,"profile_background_image_url_https":"https:\/\/pbs.twimg.com\/profile_background_images\/673814794\/988ef80ae3c6ee87de2ee978a2977b97.jpeg","verified":false,"profile_text_color":"333333","profile_image_url_https":"https:\/\/pbs.twimg.com\/profile_images\/542014950705987584\/rGq7MhjE_normal.jpeg","profile_sidebar_fill_color":"DDEEF6","entities":{"description":{"urls":[]}},"followers_count":431,"profile_sidebar_border_color":"000000","id_str":"462512588","profile_background_color":"C0DEED","listed_count":16,"is_translation_enabled":false,"utc_offset":-14400,"statuses_count":5976,"description":"Father. Husband. Son. Brother. Emmy Winning ENG Photographer. Sports Cameraman.","friends_count":487,"location":"Boston","profile_link_color":"0084B4","profile_image_url":"http:\/\/pbs.twimg.com\/profile_images\/542014950705987584\/rGq7MhjE_normal.jpeg","following":false,"geo_enabled":true,"profile_banner_url":"https:\/\/pbs.twimg.com\/profile_banners\/462512588\/1390027468","profile_background_image_url":"http:\/\/pbs.twimg.com\/profile_background_images\/673814794\/988ef80ae3c6ee87de2ee978a2977b97.jpeg","screen_name":"PGameHD","lang":"en","profile_background_tile":false,"favourites_count":1159,"name":"Patrick Gamere","notifications":false,"url":null,"created_at":"Fri Jan 13 01:19:42 +0000 2012","contributors_enabled":false,"time_zone":"Eastern Time (US & Canada)","protected":false,"default_profile":false,"is_translator":false},"geo":null,"in_reply_to_user_id_str":"56539746","lang":"en","created_at":"Fri Aug 15 14:12:48 +0000 2014","in_reply_to_status_id_str":"500280838710247424","place":null}