{"contributors": null, "truncated": false, "text": "@DIANAZOGA This would be more believable if they'd said it a week ago. No one believes it now. NO ONE. #Ferguson @AntonioFrench", "in_reply_to_status_id": 500280838710247424, "id": 500284767196430337, "favorite_count": 1, "source": "<a href=\"http://twitter.com\" rel=\"nofollow\">Twitter Web Client</a>", "retweeted": false, "coordinates": null, "entities": {"symbols": [], "user_mentions": [{"id": 56539746, "indices": [0, 10], "id_str": "56539746", "screen_name": "DIANAZOGA", "name": "Diana Zoga KMOV"}, {"id": 14090948, "indices": [113, 127], "id_str": "14090948", "screen_name": "AntonioFrench", "name": "Antonio French"}], "hashtags": [{"indices": [103, 112], "text": "Ferguson"}], "urls": []}, "in_reply_to_screen_name": "DIANAZOGA", "id_str": "500284767196430337", "retweet_count": 1, "in_reply_to_user_id": 56539746, "favorited": false, "user": {"follow_request_sent": false, "profile_use_background_image": true, "default_profile_image": false, "id": 138168339, "profile_background_image_url_https": "https://abs.twimg.com/images/themes/theme15/bg.png", "verified": false, "profile_text_color": "333333", "profile_image_url_https": "https://pbs.twimg.com/profile_images/3583804562/2a8754937c834ef127cd04687e02fb75_normal.jpeg", "profile_sidebar_fill_color": "C0DFEC", "entities": {"url": {"urls": [{"url": "http://t.co/KiaAywVJq1", "indices": [0, 22], "expanded_url": "http://www.victoriabrownworth.com", "display_url": "victoriabrownworth.com"}]}, "description": {"urls": []}}, "followers_count": 2019, "profile_sidebar_border_color": "A8C7F7", "id_str": "138168339", "profile_background_color": "022330", "listed_count": 67, "is_translation_enabled": false, "utc_offset": -10800, "statuses_count": 58361, "description": "Award-winning journo/author lesbian activist  #NoMoreDeadChildren #binders #sharedgirlhood #cancer Saving the world one woman/girl at a time. Haters=blocked", "friends_count": 954, "location": "Philly,natch", "profile_link_color": "0084B4", "profile_image_url": "http://pbs.twimg.com/profile_images/3583804562/2a8754937c834ef127cd04687e02fb75_normal.jpeg", "following": false, "geo_enabled": false, "profile_banner_url": "https://pbs.twimg.com/profile_banners/138168339/1375567628", "profile_background_image_url": "http://abs.twimg.com/images/themes/theme15/bg.png", "screen_name": "VABVOX", "lang": "en", "profile_background_tile": false, "favourites_count": 26856, "name": "Victoria Brownworth", "notifications": false, "url": "http://t.co/KiaAywVJq1", "created_at": "Wed Apr 28 20:29:42 +0000 2010", "contributors_enabled": false, "time_zone": "Atlantic Time (Canada)", "protected": false, "default_profile": false, "is_translator": false}, "geo": null, "in_reply_to_user_id_str": "56539746", "lang": "en", "created_at": "Fri Aug 15 14:15:58 +0000 2014", "in_reply_to_status_id_str": "500280838710247424", "place": null}
