{"contributors":null,"truncated":false,"text":"@DIANAZOGA @AntonioFrench  #whitesupremacy attacks victim, leaves perp unexamined #nojusticenopeace","in_reply_to_status_id":500280838710247424,"id":500285250791288832,"favorite_count":0,"source":"<a href=\"http:\/\/twitter.com\/download\/android\" rel=\"nofollow\">Twitter for Android<\/a>","retweeted":false,"coordinates":null,"entities":{"symbols":[],"user_mentions":[{"id":56539746,"indices":[0,10],"id_str":"56539746","screen_name":"DIANAZOGA","name":"Diana Zoga KMOV"},{"id":14090948,"indices":[11,25],"id_str":"14090948","screen_name":"AntonioFrench","name":"Antonio French"}],"hashtags":[{"indices":[27,42],"text":"whitesupremacy"},{"indices":[82,99],"text":"nojusticenopeace"}],"urls":[]},"in_reply_to_screen_name":"DIANAZOGA","id_str":"500285250791288832","retweet_count":0,"in_reply_to_user_id":56539746,"favorited":false,"user":{"follow_request_sent":false,"profile_use_background_image":true,"default_profile_image":false,"id":406665273,"profile_background_image_url_https":"https:\/\/abs.twimg.com\/images\/themes\/theme1\/bg.png","verified":false,"profile_text_color":"333333","profile_image_url_https":"https:\/\/pbs.twimg.com\/profile_images\/566074349375852544\/GeO_NZfl_normal.jpeg","profile_sidebar_fill_color":"DDEEF6","entities":{"url":{"urls":[{"url":"http:\/\/t.co\/yM6ZdwLw7g","indices":[0,22],"expanded_url":"http:\/\/www.boulderemotionalwellness.org","display_url":"boulderemotionalwellness.org"}]},"description":{"urls":[]}},"followers_count":185,"profile_sidebar_border_color":"C0DEED","id_str":"406665273","profile_background_color":"C0DEED","listed_count":5,"is_translation_enabled":false,"utc_offset":-21600,"statuses_count":9737,"description":"I RETWEET A LOT. download Track A Trigger from play store, ios app store","friends_count":338,"location":"Boulder, Colorado","profile_link_color":"0084B4","profile_image_url":"http:\/\/pbs.twimg.com\/profile_images\/566074349375852544\/GeO_NZfl_normal.jpeg","following":false,"geo_enabled":false,"profile_banner_url":"https:\/\/pbs.twimg.com\/profile_banners\/406665273\/1406102938","profile_background_image_url":"http:\/\/abs.twimg.com\/images\/themes\/theme1\/bg.png","screen_name":"AndyRose12","lang":"en","profile_background_tile":false,"favourites_count":517,"name":"Rigdzin Norbu","notifications":false,"url":"http:\/\/t.co\/yM6ZdwLw7g","created_at":"Mon Nov 07 01:11:08 +0000 2011","contributors_enabled":false,"time_zone":"Mountain Time (US & Canada)","protected":false,"default_profile":true,"is_translator":false},"geo":null,"in_reply_to_user_id_str":"56539746","lang":"en","created_at":"Fri Aug 15 14:17:53 +0000 2014","in_reply_to_status_id_str":"500280838710247424","place":null}