{"contributors": null, "truncated": false, "text": "@HaX_FR0ST @DIANAZOGA @AntonioFrench So they're claiming a BLACK cop killed #MikeBrown? ?", "in_reply_to_status_id": 500283003323842560, "id": 500284989565448192, "favorite_count": 0, "source": "<a href=\"https://mobile.twitter.com\" rel=\"nofollow\">Mobile Web (M5)</a>", "retweeted": false, "coordinates": null, "entities": {"symbols": [], "user_mentions": [{"id": 2730537578, "indices": [0, 10], "id_str": "2730537578", "screen_name": "HaX_FR0ST", "name": "FR0ST"}, {"id": 56539746, "indices": [11, 21], "id_str": "56539746", "screen_name": "DIANAZOGA", "name": "Diana Zoga KMOV"}, {"id": 14090948, "indices": [22, 36], "id_str": "14090948", "screen_name": "AntonioFrench", "name": "Antonio French"}], "hashtags": [{"indices": [76, 86], "text": "MikeBrown"}], "urls": []}, "in_reply_to_screen_name": "HaX_FR0ST", "id_str": "500284989565448192", "retweet_count": 0, "in_reply_to_user_id": 2730537578, "favorited": false, "user": {"follow_request_sent": false, "profile_use_background_image": true, "default_profile_image": false, "id": 121180424, "profile_background_image_url_https": "https://abs.twimg.com/images/themes/theme10/bg.gif", "verified": false, "profile_text_color": "3D1957", "profile_image_url_https": "https://pbs.twimg.com/profile_images/502183769562824704/b7DbVS_x_normal.jpeg", "profile_sidebar_fill_color": "7AC3EE", "entities": {"description": {"urls": []}}, "followers_count": 742, "profile_sidebar_border_color": "65B0DA", "id_str": "121180424", "profile_background_color": "642D8B", "listed_count": 22, "is_translation_enabled": false, "utc_offset": -14400, "statuses_count": 13366, "description": "A little of this, a little of that.", "friends_count": 889, "location": "", "profile_link_color": "FF0000", "profile_image_url": "http://pbs.twimg.com/profile_images/502183769562824704/b7DbVS_x_normal.jpeg", "following": false, "geo_enabled": false, "profile_background_image_url": "http://abs.twimg.com/images/themes/theme10/bg.gif", "screen_name": "Shirking_Violet", "lang": "en", "profile_background_tile": true, "favourites_count": 13721, "name": "Violet Instigator", "notifications": false, "url": null, "created_at": "Mon Mar 08 17:43:12 +0000 2010", "contributors_enabled": false, "time_zone": "Eastern Time (US & Canada)", "protected": false, "default_profile": false, "is_translator": false}, "geo": null, "in_reply_to_user_id_str": "2730537578", "lang": "en", "created_at": "Fri Aug 15 14:16:51 +0000 2014", "in_reply_to_status_id_str": "500283003323842560", "place": null}
