{"contributors":null,"truncated":false,"text":"@DIANAZOGA @jonswaine so it was fine to just execute him in the street then","in_reply_to_status_id":500280838710247424,"id":500282169227755520,"favorite_count":1,"source":"<a href=\"http:\/\/twitter.com\/#!\/download\/ipad\" rel=\"nofollow\">Twitter for iPad<\/a>","retweeted":false,"coordinates":null,"entities":{"symbols":[],"user_mentions":[{"id":56539746,"indices":[0,10],"id_str":"56539746","screen_name":"DIANAZOGA","name":"Diana Zoga KMOV"},{"id":19817778,"indices":[11,21],"id_str":"19817778","screen_name":"jonswaine","name":"Jon Swaine"}],"hashtags":[],"urls":[]},"in_reply_to_screen_name":"DIANAZOGA","id_str":"500282169227755520","retweet_count":0,"in_reply_to_user_id":56539746,"favorited":false,"user":{"follow_request_sent":false,"profile_use_background_image":true,"default_profile_image":false,"id":553638849,"profile_background_image_url_https":"https:\/\/abs.twimg.com\/images\/themes\/theme1\/bg.png","verified":false,"profile_text_color":"333333","profile_image_url_https":"https:\/\/pbs.twimg.com\/profile_images\/575746459787792384\/8Ybhb3Ap_normal.jpeg","profile_sidebar_fill_color":"DDEEF6","entities":{"description":{"urls":[]}},"followers_count":493,"profile_sidebar_border_color":"C0DEED","id_str":"553638849","profile_background_color":"C0DEED","listed_count":5,"is_translation_enabled":false,"utc_offset":-14400,"statuses_count":5147,"description":"Expat. Sweary. Humanist. Political sceptic. Supports #NUFC. My privilege is fine thanks.","friends_count":1044,"location":"Somewhere sunny and tax free","profile_link_color":"0084B4","profile_image_url":"http:\/\/pbs.twimg.com\/profile_images\/575746459787792384\/8Ybhb3Ap_normal.jpeg","following":false,"geo_enabled":false,"profile_background_image_url":"http:\/\/abs.twimg.com\/images\/themes\/theme1\/bg.png","screen_name":"swearyexpat","lang":"en","profile_background_tile":false,"favourites_count":163,"name":"Sweary Expat","notifications":false,"url":null,"created_at":"Sat Apr 14 14:01:58 +0000 2012","contributors_enabled":false,"time_zone":"Eastern Time (US & Canada)","protected":false,"default_profile":true,"is_translator":false},"geo":null,"in_reply_to_user_id_str":"56539746","lang":"en","created_at":"Fri Aug 15 14:05:38 +0000 2014","in_reply_to_status_id_str":"500280838710247424","place":null}