{"contributors":null,"truncated":false,"text":"Wait... \u201c@DIANAZOGA: Police reports released this morning indicate Mike Brown was a suspect in a \"strong-armed\" robbery in #Ferguson\u201d","in_reply_to_status_id":500280838710247424,"id":500285361394708480,"favorite_count":1,"source":"<a href=\"http:\/\/twitter.com\/download\/iphone\" rel=\"nofollow\">Twitter for iPhone<\/a>","retweeted":false,"coordinates":null,"entities":{"symbols":[],"user_mentions":[{"id":56539746,"indices":[9,19],"id_str":"56539746","screen_name":"DIANAZOGA","name":"Diana Zoga KMOV"}],"hashtags":[{"indices":[123,132],"text":"Ferguson"}],"urls":[]},"in_reply_to_screen_name":"DIANAZOGA","id_str":"500285361394708480","retweet_count":1,"in_reply_to_user_id":56539746,"favorited":false,"user":{"follow_request_sent":false,"profile_use_background_image":true,"default_profile_image":false,"id":24477356,"profile_background_image_url_https":"https:\/\/pbs.twimg.com\/profile_background_images\/378800000075483338\/155839db8169140d8ab461ce6390d512.jpeg","verified":false,"profile_text_color":"26261C","profile_image_url_https":"https:\/\/pbs.twimg.com\/profile_images\/586959203643760641\/WY476ZrX_normal.jpg","profile_sidebar_fill_color":"EF2E8C","entities":{"url":{"urls":[{"url":"http:\/\/t.co\/LcIKw52Sam","indices":[0,22],"expanded_url":"http:\/\/MarriedAF.com","display_url":"MarriedAF.com"}]},"description":{"urls":[]}},"followers_count":1363,"profile_sidebar_border_color":"FFFFFF","id_str":"24477356","profile_background_color":"F8F8E2","listed_count":29,"is_translation_enabled":false,"utc_offset":-18000,"statuses_count":89167,"description":"Is sugar & spice the only thing that you made of?","friends_count":525,"location":"Dallas, Tx","profile_link_color":"910D86","profile_image_url":"http:\/\/pbs.twimg.com\/profile_images\/586959203643760641\/WY476ZrX_normal.jpg","following":false,"geo_enabled":true,"profile_banner_url":"https:\/\/pbs.twimg.com\/profile_banners\/24477356\/1385779476","profile_background_image_url":"http:\/\/pbs.twimg.com\/profile_background_images\/378800000075483338\/155839db8169140d8ab461ce6390d512.jpeg","screen_name":"TiFFANY_P0RSCHE","lang":"en","profile_background_tile":false,"favourites_count":544,"name":"Champ","notifications":false,"url":"http:\/\/t.co\/LcIKw52Sam","created_at":"Sun Mar 15 03:06:20 +0000 2009","contributors_enabled":false,"time_zone":"Central Time (US & Canada)","protected":false,"default_profile":false,"is_translator":false},"geo":null,"in_reply_to_user_id_str":"56539746","lang":"en","created_at":"Fri Aug 15 14:18:19 +0000 2014","in_reply_to_status_id_str":"500280838710247424","place":null}