{"contributors": null, "truncated": false, "text": "@Shirking_Violet @DIANAZOGA @AntonioFrench that is MY ERROR. There is no report confirming Darren Wilson is black. I retract my tweet.", "in_reply_to_status_id": 500284989565448192, "id": 500301459469373440, "favorite_count": 1, "source": "<a href=\"http://twitter.com\" rel=\"nofollow\">Twitter Web Client</a>", "retweeted": false, "coordinates": null, "entities": {"symbols": [], "user_mentions": [{"id": 121180424, "indices": [0, 16], "id_str": "121180424", "screen_name": "Shirking_Violet", "name": "Violet Instigator"}, {"id": 56539746, "indices": [17, 27], "id_str": "56539746", "screen_name": "DIANAZOGA", "name": "Diana Zoga KMOV"}, {"id": 14090948, "indices": [28, 42], "id_str": "14090948", "screen_name": "AntonioFrench", "name": "Antonio French"}], "hashtags": [], "urls": []}, "in_reply_to_screen_name": "Shirking_Violet", "id_str": "500301459469373440", "retweet_count": 0, "in_reply_to_user_id": 121180424, "favorited": false, "user": {"follow_request_sent": false, "profile_use_background_image": true, "default_profile_image": false, "id": 2730537578, "profile_background_image_url_https": "https://abs.twimg.com/images/themes/theme1/bg.png", "verified": false, "profile_text_color": "333333", "profile_image_url_https": "https://pbs.twimg.com/profile_images/499706838166695938/u_7WoM3M_normal.jpeg", "profile_sidebar_fill_color": "DDEEF6", "entities": {"description": {"urls": []}}, "followers_count": 13, "profile_sidebar_border_color": "C0DEED", "id_str": "2730537578", "profile_background_color": "C0DEED", "listed_count": 0, "is_translation_enabled": false, "utc_offset": null, "statuses_count": 105, "description": "No one is more important than anyone.", "friends_count": 47, "location": "", "profile_link_color": "0084B4", "profile_image_url": "http://pbs.twimg.com/profile_images/499706838166695938/u_7WoM3M_normal.jpeg", "following": false, "geo_enabled": false, "profile_background_image_url": "http://abs.twimg.com/images/themes/theme1/bg.png", "screen_name": "HaX_FR0ST", "lang": "en", "profile_background_tile": false, "favourites_count": 9, "name": "FR0ST", "notifications": false, "url": null, "created_at": "Wed Aug 13 23:49:03 +0000 2014", "contributors_enabled": false, "time_zone": null, "protected": false, "default_profile": true, "is_translator": false}, "geo": null, "in_reply_to_user_id_str": "121180424", "lang": "en", "created_at": "Fri Aug 15 15:22:17 +0000 2014", "in_reply_to_status_id_str": "500284989565448192", "place": null}
