{"contributors": null, "truncated": false, "text": "@DIANAZOGA @blackrepublican Fit description would be more accurate.", "in_reply_to_status_id": 500280838710247424, "id": 500313005855617024, "favorite_count": 0, "source": "<a href=\"http://twitter.com/download/android\" rel=\"nofollow\">Twitter for Android</a>", "retweeted": false, "coordinates": null, "entities": {"symbols": [], "user_mentions": [{"id": 56539746, "indices": [0, 10], "id_str": "56539746", "screen_name": "DIANAZOGA", "name": "Diana Zoga KMOV"}, {"id": 18294521, "indices": [11, 27], "id_str": "18294521", "screen_name": "blackrepublican", "name": "\u039e BLACK REPUBLICAN \u039e"}], "hashtags": [], "urls": []}, "in_reply_to_screen_name": "DIANAZOGA", "id_str": "500313005855617024", "retweet_count": 0, "in_reply_to_user_id": 56539746, "favorited": false, "user": {"follow_request_sent": false, "profile_use_background_image": true, "default_profile_image": false, "id": 158140436, "profile_background_image_url_https": "https://abs.twimg.com/images/themes/theme14/bg.gif", "verified": false, "profile_text_color": "333333", "profile_image_url_https": "https://pbs.twimg.com/profile_images/378800000128378098/e813b6eaa0e3216321b1633803574349_normal.jpeg", "profile_sidebar_fill_color": "EFEFEF", "entities": {"description": {"urls": []}}, "followers_count": 124, "profile_sidebar_border_color": "EEEEEE", "id_str": "158140436", "profile_background_color": "131516", "listed_count": 2, "is_translation_enabled": false, "utc_offset": -14400, "statuses_count": 2894, "description": "truth seeker/teller. sports enthusiast. voter. book reader. sceptic. music lover. food eater.  history buff. laugher. saved soul. sneaker head.  gear head.", "friends_count": 1033, "location": "Brooklyn,USA ", "profile_link_color": "009999", "profile_image_url": "http://pbs.twimg.com/profile_images/378800000128378098/e813b6eaa0e3216321b1633803574349_normal.jpeg", "following": false, "geo_enabled": false, "profile_banner_url": "https://pbs.twimg.com/profile_banners/158140436/1373721816", "profile_background_image_url": "http://abs.twimg.com/images/themes/theme14/bg.gif", "screen_name": "SteadyMo", "lang": "en", "profile_background_tile": true, "favourites_count": 1386, "name": "Steven Maurice", "notifications": false, "url": null, "created_at": "Mon Jun 21 22:13:39 +0000 2010", "contributors_enabled": false, "time_zone": "Eastern Time (US & Canada)", "protected": false, "default_profile": false, "is_translator": false}, "geo": null, "in_reply_to_user_id_str": "56539746", "lang": "en", "created_at": "Fri Aug 15 16:08:10 +0000 2014", "in_reply_to_status_id_str": "500280838710247424", "place": null}
