{"contributors": null, "truncated": false, "text": "\u201c@DIANAZOGA: Police reports  indicate Mike Brown was a suspect in a \"strong-armed\" robbery in #Ferguson\u201d Oh, please, of course it did\ud83d\udca9", "in_reply_to_status_id": 500280838710247424, "id": 500330934118658048, "favorite_count": 0, "source": "<a href=\"http://twitter.com/#!/download/ipad\" rel=\"nofollow\">Twitter for iPad</a>", "retweeted": false, "coordinates": null, "entities": {"symbols": [], "user_mentions": [{"id": 56539746, "indices": [1, 11], "id_str": "56539746", "screen_name": "DIANAZOGA", "name": "Diana Zoga KMOV"}], "hashtags": [{"indices": [94, 103], "text": "Ferguson"}], "urls": []}, "in_reply_to_screen_name": "DIANAZOGA", "id_str": "500330934118658048", "retweet_count": 0, "in_reply_to_user_id": 56539746, "favorited": false, "user": {"follow_request_sent": false, "profile_use_background_image": true, "default_profile_image": false, "id": 2562045971, "profile_background_image_url_https": "https://abs.twimg.com/images/themes/theme1/bg.png", "verified": false, "profile_text_color": "333333", "profile_image_url_https": "https://pbs.twimg.com/profile_images/470249787884072960/Dupf1l_y_normal.jpeg", "profile_sidebar_fill_color": "DDEEF6", "entities": {"url": {"urls": [{"url": "http://t.co/9IPqD9e7hY", "indices": [0, 22], "expanded_url": "http://Www.protectthebutterflies.com", "display_url": "protectthebutterflies.com"}]}, "description": {"urls": []}}, "followers_count": 147, "profile_sidebar_border_color": "C0DEED", "id_str": "2562045971", "profile_background_color": "C0DEED", "listed_count": 1, "is_translation_enabled": false, "utc_offset": null, "statuses_count": 3008, "description": "I am a teacher,lawyer,author,widow and cancer survivor twice! I get things done! Trying to be less invisible!", "friends_count": 112, "location": "Staten Island", "profile_link_color": "0084B4", "profile_image_url": "http://pbs.twimg.com/profile_images/470249787884072960/Dupf1l_y_normal.jpeg", "following": false, "geo_enabled": true, "profile_banner_url": "https://pbs.twimg.com/profile_banners/2562045971/1400951260", "profile_background_image_url": "http://abs.twimg.com/images/themes/theme1/bg.png", "screen_name": "SSherylyn", "lang": "en", "profile_background_tile": false, "favourites_count": 3097, "name": "Sherylyn", "notifications": false, "url": "http://t.co/9IPqD9e7hY", "created_at": "Sat May 24 14:41:07 +0000 2014", "contributors_enabled": false, "time_zone": null, "protected": false, "default_profile": true, "is_translator": false}, "geo": null, "in_reply_to_user_id_str": "56539746", "lang": "en", "created_at": "Fri Aug 15 17:19:25 +0000 2014", "in_reply_to_status_id_str": "500280838710247424", "place": null}
