{"contributors": null, "truncated": false, "text": "@stljv @AntonioFrench I retract my previous tweet. Darren Wilson's race is NOT CONFIRMED. I apologize.", "in_reply_to_status_id": 500286677303058432, "id": 500302632641396736, "favorite_count": 1, "source": "<a href=\"http://twitter.com\" rel=\"nofollow\">Twitter Web Client</a>", "retweeted": false, "coordinates": null, "entities": {"symbols": [], "user_mentions": [{"id": 33197758, "indices": [0, 6], "id_str": "33197758", "screen_name": "stljv", "name": "Jim"}, {"id": 14090948, "indices": [7, 21], "id_str": "14090948", "screen_name": "AntonioFrench", "name": "Antonio French"}], "hashtags": [], "urls": []}, "in_reply_to_screen_name": "stljv", "id_str": "500302632641396736", "retweet_count": 0, "in_reply_to_user_id": 33197758, "favorited": false, "user": {"follow_request_sent": false, "profile_use_background_image": true, "default_profile_image": false, "id": 2730537578, "profile_background_image_url_https": "https://abs.twimg.com/images/themes/theme1/bg.png", "verified": false, "profile_text_color": "333333", "profile_image_url_https": "https://pbs.twimg.com/profile_images/499706838166695938/u_7WoM3M_normal.jpeg", "profile_sidebar_fill_color": "DDEEF6", "entities": {"description": {"urls": []}}, "followers_count": 13, "profile_sidebar_border_color": "C0DEED", "id_str": "2730537578", "profile_background_color": "C0DEED", "listed_count": 0, "is_translation_enabled": false, "utc_offset": null, "statuses_count": 105, "description": "No one is more important than anyone.", "friends_count": 47, "location": "", "profile_link_color": "0084B4", "profile_image_url": "http://pbs.twimg.com/profile_images/499706838166695938/u_7WoM3M_normal.jpeg", "following": false, "geo_enabled": false, "profile_background_image_url": "http://abs.twimg.com/images/themes/theme1/bg.png", "screen_name": "HaX_FR0ST", "lang": "en", "profile_background_tile": false, "favourites_count": 9, "name": "FR0ST", "notifications": false, "url": null, "created_at": "Wed Aug 13 23:49:03 +0000 2014", "contributors_enabled": false, "time_zone": null, "protected": false, "default_profile": true, "is_translator": false}, "geo": null, "in_reply_to_user_id_str": "33197758", "lang": "en", "created_at": "Fri Aug 15 15:26:57 +0000 2014", "in_reply_to_status_id_str": "500286677303058432", "place": null}
