{"contributors":null,"truncated":false,"text":"@DeuceTony @YourAnonLive @OpFerguson I bet they just typed that up this morning.","in_reply_to_status_id":500297602231853057,"id":500297717432594432,"favorite_count":17,"source":"<a href=\"https:\/\/about.twitter.com\/products\/tweetdeck\" rel=\"nofollow\">TweetDeck<\/a>","retweeted":false,"coordinates":null,"entities":{"symbols":[],"user_mentions":[{"id":136354381,"indices":[0,10],"id_str":"136354381","screen_name":"DeuceTony","name":"Tony"},{"id":1363520268,"indices":[11,24],"id_str":"1363520268","screen_name":"YourAnonLive","name":"Anonymous"},{"id":2721777926,"indices":[25,36],"id_str":"2721777926","screen_name":"OpFerguson","name":"Operation Ferguson"}],"hashtags":[],"urls":[]},"in_reply_to_screen_name":"DeuceTony","id_str":"500297717432594432","retweet_count":7,"in_reply_to_user_id":136354381,"favorited":false,"user":{"follow_request_sent":false,"profile_use_background_image":true,"default_profile_image":false,"id":52561984,"profile_background_image_url_https":"https:\/\/pbs.twimg.com\/profile_background_images\/479314147574697985\/UcPewX84.jpeg","verified":false,"profile_text_color":"F8BBB1","profile_image_url_https":"https:\/\/pbs.twimg.com\/profile_images\/552186582950633473\/hCmhUfbA_normal.jpeg","profile_sidebar_fill_color":"C2B6BA","entities":{"url":{"urls":[{"url":"http:\/\/t.co\/PwRjNwx1rv","indices":[0,22],"expanded_url":"http:\/\/www.twitter.com\/KTBeMe","display_url":"twitter.com\/KTBeMe"}]},"description":{"urls":[]}},"followers_count":243,"profile_sidebar_border_color":"FFFFFF","id_str":"52561984","profile_background_color":"61C4FA","listed_count":2,"is_translation_enabled":false,"utc_offset":-18000,"statuses_count":29440,"description":"\u00af\\_(\u30c4)_\/\u00af\r\nChubby chaser by nature. But I'm here just to laugh, love, and learn.","friends_count":266,"location":"Standing In Your Yard STL\/COMO","profile_link_color":"F2D03A","profile_image_url":"http:\/\/pbs.twimg.com\/profile_images\/552186582950633473\/hCmhUfbA_normal.jpeg","following":false,"geo_enabled":true,"profile_banner_url":"https:\/\/pbs.twimg.com\/profile_banners\/52561984\/1407991041","profile_background_image_url":"http:\/\/pbs.twimg.com\/profile_background_images\/479314147574697985\/UcPewX84.jpeg","screen_name":"mskturner10K","lang":"en","profile_background_tile":false,"favourites_count":53,"name":"Shorty By Nature","notifications":false,"url":"http:\/\/t.co\/PwRjNwx1rv","created_at":"Tue Jun 30 23:39:59 +0000 2009","contributors_enabled":false,"time_zone":"Central Time (US & Canada)","protected":false,"default_profile":false,"is_translator":false},"geo":null,"in_reply_to_user_id_str":"136354381","lang":"en","created_at":"Fri Aug 15 15:07:25 +0000 2014","in_reply_to_status_id_str":"500297602231853057","place":null}