{"contributors":null,"truncated":false,"text":"@iRondrea if they have the box it would be in evidence, but that's assuming this isn't just fabricated to create an excuse for the cop","in_reply_to_status_id":500297423047376897,"id":500298800947142656,"favorite_count":0,"source":"<a href=\"http:\/\/twitter.com\" rel=\"nofollow\">Twitter Web Client<\/a>","retweeted":false,"coordinates":null,"entities":{"symbols":[],"user_mentions":[{"id":20013471,"indices":[0,9],"id_str":"20013471","screen_name":"iRondrea","name":"Uhuru: Freedom"}],"hashtags":[],"urls":[]},"in_reply_to_screen_name":"iRondrea","id_str":"500298800947142656","retweet_count":0,"in_reply_to_user_id":20013471,"favorited":false,"user":{"follow_request_sent":false,"profile_use_background_image":true,"default_profile_image":false,"id":16311907,"profile_background_image_url_https":"https:\/\/pbs.twimg.com\/profile_background_images\/378800000168076980\/1nzqtf1c.png","verified":false,"profile_text_color":"105C3F","profile_image_url_https":"https:\/\/pbs.twimg.com\/profile_images\/565532394719936513\/y0WLz8N0_normal.jpeg","profile_sidebar_fill_color":"517620","entities":{"description":{"urls":[]}},"followers_count":3759,"profile_sidebar_border_color":"918F00","id_str":"16311907","profile_background_color":"240C18","listed_count":6,"is_translation_enabled":false,"utc_offset":-14400,"statuses_count":7896,"description":"Interests: Politics, World News, Tech, US National Soccer, Montreal Impact, Cavs, Gaming \/ RTs=food for thought not endorsements","friends_count":761,"location":"Ohio","profile_link_color":"1B322B","profile_image_url":"http:\/\/pbs.twimg.com\/profile_images\/565532394719936513\/y0WLz8N0_normal.jpeg","following":false,"geo_enabled":false,"profile_banner_url":"https:\/\/pbs.twimg.com\/profile_banners\/16311907\/1402409464","profile_background_image_url":"http:\/\/pbs.twimg.com\/profile_background_images\/378800000168076980\/1nzqtf1c.png","screen_name":"nickk330","lang":"en","profile_background_tile":true,"favourites_count":49,"name":"Nick K.","notifications":false,"url":null,"created_at":"Tue Sep 16 15:26:36 +0000 2008","contributors_enabled":false,"time_zone":"Eastern Time (US & Canada)","protected":false,"default_profile":false,"is_translator":false},"geo":null,"in_reply_to_user_id_str":"20013471","lang":"en","created_at":"Fri Aug 15 15:11:43 +0000 2014","in_reply_to_status_id_str":"500297423047376897","place":null}