{"contributors": null, "truncated": false, "text": "@YourAnonLive @JillJhorvath The key here is the verbiage Theft,burglary,larceny, or Robbery? Robbery is the term in this report!", "in_reply_to_status_id": 500290456845299714, "id": 500294975481843712, "favorite_count": 0, "source": "<a href=\"http://twitter.com/download/iphone\" rel=\"nofollow\">Twitter for iPhone</a>", "retweeted": false, "coordinates": null, "entities": {"symbols": [], "user_mentions": [{"id": 1363520268, "indices": [0, 13], "id_str": "1363520268", "screen_name": "YourAnonLive", "name": "Anonymous"}, {"id": 1006615872, "indices": [14, 27], "id_str": "1006615872", "screen_name": "JillJhorvath", "name": "Jill Horvath"}], "hashtags": [], "urls": []}, "in_reply_to_screen_name": "YourAnonLive", "id_str": "500294975481843712", "retweet_count": 0, "in_reply_to_user_id": 1363520268, "favorited": false, "user": {"follow_request_sent": false, "profile_use_background_image": true, "default_profile_image": false, "id": 728433109, "profile_background_image_url_https": "https://pbs.twimg.com/profile_background_images/443083951033155585/jc5Ky7yt.jpeg", "verified": false, "profile_text_color": "333333", "profile_image_url_https": "https://pbs.twimg.com/profile_images/445285977917890560/RFbEMHNT_normal.jpeg", "profile_sidebar_fill_color": "DDEEF6", "entities": {"description": {"urls": []}}, "followers_count": 134, "profile_sidebar_border_color": "FFFFFF", "id_str": "728433109", "profile_background_color": "C0DEED", "listed_count": 7, "is_translation_enabled": false, "utc_offset": -25200, "statuses_count": 10492, "description": "Retired from my first career. Working as a private consultant on California Criminal Justice issues. F1 Fanatic. Avid Runner, Cyclist, & eater of cobbler", "friends_count": 54, "location": "Southern California", "profile_link_color": "0084B4", "profile_image_url": "http://pbs.twimg.com/profile_images/445285977917890560/RFbEMHNT_normal.jpeg", "following": false, "geo_enabled": true, "profile_banner_url": "https://pbs.twimg.com/profile_banners/728433109/1405379727", "profile_background_image_url": "http://pbs.twimg.com/profile_background_images/443083951033155585/jc5Ky7yt.jpeg", "screen_name": "agentbell4272", "lang": "en", "profile_background_tile": true, "favourites_count": 8629, "name": "Mike Bell", "notifications": false, "url": null, "created_at": "Tue Jul 31 13:48:32 +0000 2012", "contributors_enabled": false, "time_zone": "Pacific Time (US & Canada)", "protected": false, "default_profile": false, "is_translator": false}, "geo": null, "in_reply_to_user_id_str": "1363520268", "lang": "en", "created_at": "Fri Aug 15 14:56:31 +0000 2014", "in_reply_to_status_id_str": "500290456845299714", "place": null}
