{"contributors":null,"truncated":false,"text":"@YourAnonLive @OpFerguson no signatures?","in_reply_to_status_id":500290456845299714,"id":500297602231853057,"favorite_count":1,"source":"<a href=\"http:\/\/tweetlogix.com\" rel=\"nofollow\">Tweetlogix<\/a>","retweeted":false,"coordinates":null,"entities":{"symbols":[],"user_mentions":[{"id":1363520268,"indices":[0,13],"id_str":"1363520268","screen_name":"YourAnonLive","name":"Anonymous"},{"id":2721777926,"indices":[14,25],"id_str":"2721777926","screen_name":"OpFerguson","name":"Operation Ferguson"}],"hashtags":[],"urls":[]},"in_reply_to_screen_name":"YourAnonLive","id_str":"500297602231853057","retweet_count":1,"in_reply_to_user_id":1363520268,"favorited":false,"user":{"follow_request_sent":false,"profile_use_background_image":true,"default_profile_image":false,"id":136354381,"profile_background_image_url_https":"https:\/\/pbs.twimg.com\/profile_background_images\/262403614\/3616450-logo-of-archery.jpg","verified":false,"profile_text_color":"CFAE06","profile_image_url_https":"https:\/\/pbs.twimg.com\/profile_images\/514567673288880128\/akLpBWaB_normal.jpeg","profile_sidebar_fill_color":"FFFFFF","entities":{"description":{"urls":[]}},"followers_count":866,"profile_sidebar_border_color":"7398D1","id_str":"136354381","profile_background_color":"2200FF","listed_count":10,"is_translation_enabled":false,"utc_offset":-18000,"statuses_count":99969,"description":"","friends_count":677,"location":"Gone Fishing","profile_link_color":"009905","profile_image_url":"http:\/\/pbs.twimg.com\/profile_images\/514567673288880128\/akLpBWaB_normal.jpeg","following":false,"geo_enabled":false,"profile_background_image_url":"http:\/\/pbs.twimg.com\/profile_background_images\/262403614\/3616450-logo-of-archery.jpg","screen_name":"DeuceTony","lang":"en","profile_background_tile":true,"favourites_count":242,"name":"Tony","notifications":false,"url":null,"created_at":"Fri Apr 23 18:06:40 +0000 2010","contributors_enabled":false,"time_zone":"Central Time (US & Canada)","protected":false,"default_profile":false,"is_translator":false},"geo":null,"in_reply_to_user_id_str":"1363520268","lang":"en","created_at":"Fri Aug 15 15:06:58 +0000 2014","in_reply_to_status_id_str":"500290456845299714","place":null}