{"contributors": null, "truncated": false, "text": "@YourAnonLive @OpFerguson $50 ?! Shit.. Mane this is some nonsense the report don't even look right. Missing info allat", "in_reply_to_status_id": 500290456845299714, "id": 500298114675539968, "favorite_count": 0, "source": "<a href=\"http://twitter.com/download/iphone\" rel=\"nofollow\">Twitter for iPhone</a>", "retweeted": false, "coordinates": null, "entities": {"symbols": [], "user_mentions": [{"id": 1363520268, "indices": [0, 13], "id_str": "1363520268", "screen_name": "YourAnonLive", "name": "Anonymous"}, {"id": 2721777926, "indices": [14, 25], "id_str": "2721777926", "screen_name": "OpFerguson", "name": "Operation Ferguson"}], "hashtags": [], "urls": []}, "in_reply_to_screen_name": "YourAnonLive", "id_str": "500298114675539968", "retweet_count": 0, "in_reply_to_user_id": 1363520268, "favorited": false, "user": {"follow_request_sent": false, "profile_use_background_image": true, "default_profile_image": false, "id": 276778145, "profile_background_image_url_https": "https://pbs.twimg.com/profile_background_images/756360935/00c70f7dfd31a5ca8d989ca450556018.jpeg", "verified": false, "profile_text_color": "E61515", "profile_image_url_https": "https://pbs.twimg.com/profile_images/508695407895932929/WcGK6N9Z_normal.jpeg", "profile_sidebar_fill_color": "542C2C", "entities": {"url": {"urls": [{"url": "http://t.co/RVoY4GJx7w", "indices": [0, 22], "expanded_url": "http://soundcloud.com/iamkingjames", "display_url": "soundcloud.com/iamkingjames"}]}, "description": {"urls": []}}, "followers_count": 1253, "profile_sidebar_border_color": "FFFFFF", "id_str": "276778145", "profile_background_color": "FF0000", "listed_count": 3, "is_translation_enabled": false, "utc_offset": -18000, "statuses_count": 70888, "description": "Life is only a dream, and we're the imagination of ourselves.", "friends_count": 1208, "location": "", "profile_link_color": "FF0000", "profile_image_url": "http://pbs.twimg.com/profile_images/508695407895932929/WcGK6N9Z_normal.jpeg", "following": false, "geo_enabled": false, "profile_banner_url": "https://pbs.twimg.com/profile_banners/276778145/1410117128", "profile_background_image_url": "http://pbs.twimg.com/profile_background_images/756360935/00c70f7dfd31a5ca8d989ca450556018.jpeg", "screen_name": "EliteGawd", "lang": "en", "profile_background_tile": true, "favourites_count": 7245, "name": "SUPERBOWL AHEAD ", "notifications": false, "url": "http://t.co/RVoY4GJx7w", "created_at": "Mon Apr 04 02:13:18 +0000 2011", "contributors_enabled": false, "time_zone": "Central Time (US & Canada)", "protected": false, "default_profile": false, "is_translator": false}, "geo": null, "in_reply_to_user_id_str": "1363520268", "lang": "en", "created_at": "Fri Aug 15 15:09:00 +0000 2014", "in_reply_to_status_id_str": "500290456845299714", "place": null}
