{"contributors":null,"truncated":false,"text":"@von_Steiner @OpFerguson @YourAnonLive You're welcome!","in_reply_to_status_id":500298472785182720,"id":500298596772622336,"favorite_count":0,"source":"<a href=\"http:\/\/twitter.com\" rel=\"nofollow\">Twitter Web Client<\/a>","retweeted":false,"coordinates":null,"entities":{"symbols":[],"user_mentions":[{"id":1873548374,"indices":[0,12],"id_str":"1873548374","screen_name":"von_Steiner","name":"Fritz"},{"id":2721777926,"indices":[13,24],"id_str":"2721777926","screen_name":"OpFerguson","name":"Operation Ferguson"},{"id":1363520268,"indices":[25,38],"id_str":"1363520268","screen_name":"YourAnonLive","name":"Anonymous"}],"hashtags":[],"urls":[]},"in_reply_to_screen_name":"von_Steiner","id_str":"500298596772622336","retweet_count":0,"in_reply_to_user_id":1873548374,"favorited":false,"user":{"follow_request_sent":false,"profile_use_background_image":true,"default_profile_image":false,"id":84887951,"profile_background_image_url_https":"https:\/\/abs.twimg.com\/images\/themes\/theme9\/bg.gif","verified":false,"profile_text_color":"666666","profile_image_url_https":"https:\/\/pbs.twimg.com\/profile_images\/1170625832\/me02_normal.jpg","profile_sidebar_fill_color":"252429","entities":{"description":{"urls":[]}},"followers_count":48,"profile_sidebar_border_color":"181A1E","id_str":"84887951","profile_background_color":"1A1B1F","listed_count":2,"is_translation_enabled":false,"utc_offset":-18000,"statuses_count":357,"description":"","friends_count":99,"location":"St. Louis, MO","profile_link_color":"2FC2EF","profile_image_url":"http:\/\/pbs.twimg.com\/profile_images\/1170625832\/me02_normal.jpg","following":false,"geo_enabled":false,"profile_background_image_url":"http:\/\/abs.twimg.com\/images\/themes\/theme9\/bg.gif","screen_name":"jlrehmer","lang":"en","profile_background_tile":false,"favourites_count":19,"name":"Jesse Rehmer","notifications":false,"url":null,"created_at":"Sat Oct 24 16:40:52 +0000 2009","contributors_enabled":false,"time_zone":"Central Time (US & Canada)","protected":false,"default_profile":false,"is_translator":false},"geo":null,"in_reply_to_user_id_str":"1873548374","lang":"en","created_at":"Fri Aug 15 15:10:55 +0000 2014","in_reply_to_status_id_str":"500298472785182720","place":null}