{"contributors":null,"truncated":false,"text":"@freewebcamporn @YourAnonLive man. in so heated over this","in_reply_to_status_id":500299687090335744,"id":500299937771692032,"favorite_count":1,"source":"<a href=\"http:\/\/tapbots.com\/tweetbot\" rel=\"nofollow\">Tweetbot for i\u039fS<\/a>","retweeted":false,"coordinates":null,"entities":{"symbols":[],"user_mentions":[{"id":2204858111,"indices":[0,15],"id_str":"2204858111","screen_name":"freewebcamporn","name":"Doc Flex"},{"id":1363520268,"indices":[16,29],"id_str":"1363520268","screen_name":"YourAnonLive","name":"Anonymous"}],"hashtags":[],"urls":[]},"in_reply_to_screen_name":"freewebcamporn","id_str":"500299937771692032","retweet_count":0,"in_reply_to_user_id":2204858111,"favorited":false,"user":{"follow_request_sent":false,"profile_use_background_image":true,"default_profile_image":false,"id":69211892,"profile_background_image_url_https":"https:\/\/pbs.twimg.com\/profile_background_images\/378800000122148914\/6a67fb9a15ed1cb3b49c9aeb057abf49.jpeg","verified":false,"profile_text_color":"666666","profile_image_url_https":"https:\/\/pbs.twimg.com\/profile_images\/585565559414218752\/rpYpmHqh_normal.jpg","profile_sidebar_fill_color":"252429","entities":{"url":{"urls":[{"url":"http:\/\/t.co\/CsuwBu6dTE","indices":[0,22],"expanded_url":"http:\/\/toddwurdd.tumblr.com","display_url":"toddwurdd.tumblr.com"}]},"description":{"urls":[]}},"followers_count":1288,"profile_sidebar_border_color":"FFFFFF","id_str":"69211892","profile_background_color":"1A1B1F","listed_count":15,"is_translation_enabled":false,"utc_offset":-14400,"statuses_count":67050,"description":"I like getting high, cooking, and sexting y(our) girlfriend. Mentally ill.","friends_count":460,"location":"Amityville","profile_link_color":"F6358A","profile_image_url":"http:\/\/pbs.twimg.com\/profile_images\/585565559414218752\/rpYpmHqh_normal.jpg","following":false,"geo_enabled":true,"profile_banner_url":"https:\/\/pbs.twimg.com\/profile_banners\/69211892\/1398759658","profile_background_image_url":"http:\/\/pbs.twimg.com\/profile_background_images\/378800000122148914\/6a67fb9a15ed1cb3b49c9aeb057abf49.jpeg","screen_name":"toddwurdd","lang":"en","profile_background_tile":true,"favourites_count":1348,"name":"Matthew Saddford","notifications":false,"url":"http:\/\/t.co\/CsuwBu6dTE","created_at":"Thu Aug 27 05:32:11 +0000 2009","contributors_enabled":false,"time_zone":"Eastern Time (US & Canada)","protected":false,"default_profile":false,"is_translator":false},"geo":null,"in_reply_to_user_id_str":"2204858111","lang":"en","created_at":"Fri Aug 15 15:16:14 +0000 2014","in_reply_to_status_id_str":"500299687090335744","place":{"full_name":"Westland, MI","url":"https:\/\/api.twitter.com\/1.1\/geo\/id\/879dfee0187b884a.json","country":"United States","place_type":"city","bounding_box":{"type":"Polygon","coordinates":[[[-83.430458,42.267434],[-83.308978,42.267434],[-83.308978,42.355177],[-83.430458,42.355177]]]},"contained_within":[],"country_code":"US","attributes":{},"id":"879dfee0187b884a","name":"Westland"}}