{"contributors":null,"truncated":false,"text":"@YourAnonLive @JayTheQuad it also says they didn't arrive on the scene for the first time until 8\/13","in_reply_to_status_id":500290456845299714,"id":500297879831838720,"favorite_count":0,"source":"<a href=\"http:\/\/twitter.com\/download\/iphone\" rel=\"nofollow\">Twitter for iPhone<\/a>","retweeted":false,"coordinates":null,"entities":{"symbols":[],"user_mentions":[{"id":1363520268,"indices":[0,13],"id_str":"1363520268","screen_name":"YourAnonLive","name":"Anonymous"},{"id":306022875,"indices":[14,25],"id_str":"306022875","screen_name":"JayTheQuad","name":"J. Thunder"}],"hashtags":[],"urls":[]},"in_reply_to_screen_name":"YourAnonLive","id_str":"500297879831838720","retweet_count":0,"in_reply_to_user_id":1363520268,"favorited":false,"user":{"follow_request_sent":false,"profile_use_background_image":true,"default_profile_image":false,"id":47535664,"profile_background_image_url_https":"https:\/\/pbs.twimg.com\/profile_background_images\/116248462\/x6939f04014e74dc65cdfefe7b5baedf.jpg","verified":false,"profile_text_color":"999999","profile_image_url_https":"https:\/\/pbs.twimg.com\/profile_images\/556202865023123456\/L_NF2CI9_normal.jpeg","profile_sidebar_fill_color":"333333","entities":{"description":{"urls":[]}},"followers_count":664,"profile_sidebar_border_color":"000000","id_str":"47535664","profile_background_color":"CCCCCC","listed_count":15,"is_translation_enabled":false,"utc_offset":-14400,"statuses_count":63836,"description":"Im oh so very SouthSide like Baisley Park n 40 P's...FunSized Chocolatey....professional #heyboo pitcher....Y.B.Y.S.A.I.A... Bri\/G\\ht n PHAbulous","friends_count":1058,"location":"the Pit w\/Mr. Gaines ","profile_link_color":"666666","profile_image_url":"http:\/\/pbs.twimg.com\/profile_images\/556202865023123456\/L_NF2CI9_normal.jpeg","following":false,"geo_enabled":false,"profile_banner_url":"https:\/\/pbs.twimg.com\/profile_banners\/47535664\/1366683824","profile_background_image_url":"http:\/\/pbs.twimg.com\/profile_background_images\/116248462\/x6939f04014e74dc65cdfefe7b5baedf.jpg","screen_name":"SourPatch_Miich","lang":"en","profile_background_tile":false,"favourites_count":1702,"name":"Kimberly Reese","notifications":false,"url":null,"created_at":"Tue Jun 16 03:52:39 +0000 2009","contributors_enabled":false,"time_zone":"Eastern Time (US & Canada)","protected":false,"default_profile":false,"is_translator":false},"geo":null,"in_reply_to_user_id_str":"1363520268","lang":"en","created_at":"Fri Aug 15 15:08:04 +0000 2014","in_reply_to_status_id_str":"500290456845299714","place":null}