{"contributors": null, "truncated": false, "text": "@YourAnonLive Actually it's pretty reasonable. Maybe do research before tweeting to the masses? http://t.co/gFeDyb1RrY", "in_reply_to_status_id": 500290456845299714, "id": 500293253510754304, "favorite_count": 0, "source": "<a href=\"http://twitter.com\" rel=\"nofollow\">Twitter Web Client</a>", "retweeted": false, "coordinates": null, "entities": {"symbols": [], "user_mentions": [{"id": 1363520268, "indices": [0, 13], "id_str": "1363520268", "screen_name": "YourAnonLive", "name": "Anonymous"}], "hashtags": [], "urls": [{"url": "http://t.co/gFeDyb1RrY", "indices": [96, 118], "expanded_url": "http://www.cigarsinternational.com/cigars/12524/swisher-sweets/", "display_url": "cigarsinternational.com/cigars/12524/s\u2026"}]}, "in_reply_to_screen_name": "YourAnonLive", "id_str": "500293253510754304", "retweet_count": 0, "in_reply_to_user_id": 1363520268, "favorited": false, "user": {"follow_request_sent": false, "profile_use_background_image": true, "default_profile_image": false, "id": 37697842, "profile_background_image_url_https": "https://pbs.twimg.com/profile_background_images/378800000161035000/Zg7160Fd.jpeg", "verified": false, "profile_text_color": "171717", "profile_image_url_https": "https://pbs.twimg.com/profile_images/481663200476151809/OsOVryR7_normal.jpeg", "profile_sidebar_fill_color": "95C2B5", "entities": {"url": {"urls": [{"url": "http://t.co/WFsjiSS8XN", "indices": [0, 22], "expanded_url": "http://dilatantpharma.blogspot.com/", "display_url": "dilatantpharma.blogspot.com"}]}, "description": {"urls": []}}, "followers_count": 545, "profile_sidebar_border_color": "000000", "id_str": "37697842", "profile_background_color": "122902", "listed_count": 11, "is_translation_enabled": false, "utc_offset": -25200, "statuses_count": 14288, "description": "Literally just trillions of cells.", "friends_count": 1919, "location": "Northwest Earth", "profile_link_color": "AD3C03", "profile_image_url": "http://pbs.twimg.com/profile_images/481663200476151809/OsOVryR7_normal.jpeg", "following": false, "geo_enabled": true, "profile_banner_url": "https://pbs.twimg.com/profile_banners/37697842/1405790175", "profile_background_image_url": "http://pbs.twimg.com/profile_background_images/378800000161035000/Zg7160Fd.jpeg", "screen_name": "InfectiousChris", "lang": "en", "profile_background_tile": false, "favourites_count": 3164, "name": "Infectious Chris", "notifications": false, "url": "http://t.co/WFsjiSS8XN", "created_at": "Mon May 04 16:40:02 +0000 2009", "contributors_enabled": false, "time_zone": "Arizona", "protected": false, "default_profile": false, "is_translator": false}, "geo": null, "in_reply_to_user_id_str": "1363520268", "possibly_sensitive": false, "lang": "en", "created_at": "Fri Aug 15 14:49:41 +0000 2014", "in_reply_to_status_id_str": "500290456845299714", "place": null}
