{"contributors":null,"truncated":false,"text":"@YourAnonLive @OpFerguson So there are already two different charges!\nhttps:\/\/t.co\/73iKLAlP3U\nAnd none of them shows Michael Browns name!!!","in_reply_to_status_id":500290456845299714,"id":500297800354377730,"favorite_count":25,"source":"<a href=\"http:\/\/twitter.com\" rel=\"nofollow\">Twitter Web Client<\/a>","retweeted":false,"coordinates":null,"entities":{"symbols":[],"user_mentions":[{"id":1363520268,"indices":[0,13],"id_str":"1363520268","screen_name":"YourAnonLive","name":"Anonymous"},{"id":2721777926,"indices":[14,25],"id_str":"2721777926","screen_name":"OpFerguson","name":"Operation Ferguson"}],"hashtags":[],"urls":[],"media":[{"source_status_id_str":"500279632684679168","expanded_url":"https:\/\/twitter.com\/aaltman82\/status\/500279632684679168\/photo\/1","display_url":"pic.twitter.com\/73iKLAlP3U","url":"https:\/\/t.co\/73iKLAlP3U","media_url_https":"https:\/\/pbs.twimg.com\/media\/BvFZrClIYAE9LlQ.jpg","source_status_id":500279632684679168,"id_str":"500279629576691713","sizes":{"small":{"h":453,"resize":"fit","w":340},"large":{"h":1024,"resize":"fit","w":768},"medium":{"h":800,"resize":"fit","w":600},"thumb":{"h":150,"resize":"crop","w":150}},"indices":[70,93],"type":"photo","id":500279629576691713,"media_url":"http:\/\/pbs.twimg.com\/media\/BvFZrClIYAE9LlQ.jpg"}]},"in_reply_to_screen_name":"YourAnonLive","id_str":"500297800354377730","retweet_count":44,"in_reply_to_user_id":1363520268,"favorited":false,"user":{"follow_request_sent":false,"profile_use_background_image":true,"default_profile_image":false,"id":1873548374,"profile_background_image_url_https":"https:\/\/pbs.twimg.com\/profile_background_images\/492373663123910656\/vgBBAZdF.jpeg","verified":false,"profile_text_color":"333333","profile_image_url_https":"https:\/\/pbs.twimg.com\/profile_images\/580078319040860160\/OIxKIc46_normal.png","profile_sidebar_fill_color":"DDEEF6","entities":{"description":{"urls":[]}},"followers_count":698,"profile_sidebar_border_color":"000000","id_str":"1873548374","profile_background_color":"1F1CBF","listed_count":24,"is_translation_enabled":false,"utc_offset":7200,"statuses_count":53698,"description":"Heute dies - morgen das...!","friends_count":431,"location":"Hannover","profile_link_color":"0084B4","profile_image_url":"http:\/\/pbs.twimg.com\/profile_images\/580078319040860160\/OIxKIc46_normal.png","following":false,"geo_enabled":false,"profile_banner_url":"https:\/\/pbs.twimg.com\/profile_banners\/1873548374\/1406225000","profile_background_image_url":"http:\/\/pbs.twimg.com\/profile_background_images\/492373663123910656\/vgBBAZdF.jpeg","screen_name":"von_Steiner","lang":"de","profile_background_tile":true,"favourites_count":67138,"name":"Fritz","notifications":false,"url":null,"created_at":"Tue Sep 17 00:38:17 +0000 2013","contributors_enabled":false,"time_zone":"Berlin","protected":false,"default_profile":false,"is_translator":false},"geo":null,"in_reply_to_user_id_str":"1363520268","possibly_sensitive":false,"lang":"en","created_at":"Fri Aug 15 15:07:45 +0000 2014","in_reply_to_status_id_str":"500290456845299714","place":null,"extended_entities":{"media":[{"source_status_id_str":"500279632684679168","expanded_url":"https:\/\/twitter.com\/aaltman82\/status\/500279632684679168\/photo\/1","display_url":"pic.twitter.com\/73iKLAlP3U","url":"https:\/\/t.co\/73iKLAlP3U","media_url_https":"https:\/\/pbs.twimg.com\/media\/BvFZrClIYAE9LlQ.jpg","source_status_id":500279632684679168,"id_str":"500279629576691713","sizes":{"small":{"h":453,"resize":"fit","w":340},"large":{"h":1024,"resize":"fit","w":768},"medium":{"h":800,"resize":"fit","w":600},"thumb":{"h":150,"resize":"crop","w":150}},"indices":[70,93],"type":"photo","id":500279629576691713,"media_url":"http:\/\/pbs.twimg.com\/media\/BvFZrClIYAE9LlQ.jpg"}]}}