{"contributors":null,"truncated":false,"text":"@jlrehmer @OpFerguson @YourAnonLive \nGood look! Thank you!","in_reply_to_status_id":500298324365160450,"id":500298472785182720,"favorite_count":0,"source":"<a href=\"http:\/\/twitter.com\" rel=\"nofollow\">Twitter Web Client<\/a>","retweeted":false,"coordinates":null,"entities":{"symbols":[],"user_mentions":[{"id":84887951,"indices":[0,9],"id_str":"84887951","screen_name":"jlrehmer","name":"Jesse Rehmer"},{"id":2721777926,"indices":[10,21],"id_str":"2721777926","screen_name":"OpFerguson","name":"Operation Ferguson"},{"id":1363520268,"indices":[22,35],"id_str":"1363520268","screen_name":"YourAnonLive","name":"Anonymous"}],"hashtags":[],"urls":[]},"in_reply_to_screen_name":"jlrehmer","id_str":"500298472785182720","retweet_count":0,"in_reply_to_user_id":84887951,"favorited":false,"user":{"follow_request_sent":false,"profile_use_background_image":true,"default_profile_image":false,"id":1873548374,"profile_background_image_url_https":"https:\/\/pbs.twimg.com\/profile_background_images\/492373663123910656\/vgBBAZdF.jpeg","verified":false,"profile_text_color":"333333","profile_image_url_https":"https:\/\/pbs.twimg.com\/profile_images\/580078319040860160\/OIxKIc46_normal.png","profile_sidebar_fill_color":"DDEEF6","entities":{"description":{"urls":[]}},"followers_count":698,"profile_sidebar_border_color":"000000","id_str":"1873548374","profile_background_color":"1F1CBF","listed_count":24,"is_translation_enabled":false,"utc_offset":7200,"statuses_count":53698,"description":"Heute dies - morgen das...!","friends_count":431,"location":"Hannover","profile_link_color":"0084B4","profile_image_url":"http:\/\/pbs.twimg.com\/profile_images\/580078319040860160\/OIxKIc46_normal.png","following":false,"geo_enabled":false,"profile_banner_url":"https:\/\/pbs.twimg.com\/profile_banners\/1873548374\/1406225000","profile_background_image_url":"http:\/\/pbs.twimg.com\/profile_background_images\/492373663123910656\/vgBBAZdF.jpeg","screen_name":"von_Steiner","lang":"de","profile_background_tile":true,"favourites_count":67138,"name":"Fritz","notifications":false,"url":null,"created_at":"Tue Sep 17 00:38:17 +0000 2013","contributors_enabled":false,"time_zone":"Berlin","protected":false,"default_profile":false,"is_translator":false},"geo":null,"in_reply_to_user_id_str":"84887951","lang":"en","created_at":"Fri Aug 15 15:10:25 +0000 2014","in_reply_to_status_id_str":"500298324365160450","place":null}