{"contributors":null,"truncated":false,"text":"@nickk330 @YourAnonLive If he stole a case of cigars, where were they?","in_reply_to_status_id":500291870736412672,"id":500297423047376897,"favorite_count":1,"source":"<a href=\"http:\/\/twitter.com\" rel=\"nofollow\">Twitter Web Client<\/a>","retweeted":false,"coordinates":null,"entities":{"symbols":[],"user_mentions":[{"id":16311907,"indices":[0,9],"id_str":"16311907","screen_name":"nickk330","name":"Nick K."},{"id":1363520268,"indices":[10,23],"id_str":"1363520268","screen_name":"YourAnonLive","name":"Anonymous"}],"hashtags":[],"urls":[]},"in_reply_to_screen_name":"nickk330","id_str":"500297423047376897","retweet_count":2,"in_reply_to_user_id":16311907,"favorited":false,"user":{"follow_request_sent":false,"profile_use_background_image":true,"default_profile_image":false,"id":20013471,"profile_background_image_url_https":"https:\/\/pbs.twimg.com\/profile_background_images\/378800000130715857\/Kgpr9MAD.jpeg","verified":false,"profile_text_color":"F00E0E","profile_image_url_https":"https:\/\/pbs.twimg.com\/profile_images\/564917897429262336\/EBS_avlG_normal.jpeg","profile_sidebar_fill_color":"0F0808","entities":{"description":{"urls":[]}},"followers_count":1256,"profile_sidebar_border_color":"FFFFFF","id_str":"20013471","profile_background_color":"141414","listed_count":35,"is_translation_enabled":false,"utc_offset":16200,"statuses_count":115603,"description":"FAMU Graduate. USF PhD candidate in English. Black Womanist. Vegan. Minister. Theorist. Traveler. Teacher. Writer. Lover. Fighter. Struggler. Overcomer. Force.","friends_count":857,"location":"Delicate Leg & Whimsical Kiss ","profile_link_color":"A60D10","profile_image_url":"http:\/\/pbs.twimg.com\/profile_images\/564917897429262336\/EBS_avlG_normal.jpeg","following":false,"geo_enabled":false,"profile_banner_url":"https:\/\/pbs.twimg.com\/profile_banners\/20013471\/1369258564","profile_background_image_url":"http:\/\/pbs.twimg.com\/profile_background_images\/378800000130715857\/Kgpr9MAD.jpeg","screen_name":"iRondrea","lang":"en","profile_background_tile":false,"favourites_count":850,"name":"Uhuru: Freedom","notifications":false,"url":null,"created_at":"Tue Feb 03 23:28:16 +0000 2009","contributors_enabled":false,"time_zone":"Tehran","protected":false,"default_profile":false,"is_translator":false},"geo":null,"in_reply_to_user_id_str":"16311907","lang":"en","created_at":"Fri Aug 15 15:06:15 +0000 2014","in_reply_to_status_id_str":"500291870736412672","place":null}