{"contributors":null,"truncated":false,"text":"@YourAnonLive @toddwurdd Items Stolen: 1 - Items Recovered: 0 - Fatally Shot Suspects: 1...","in_reply_to_status_id":500290456845299714,"id":500299687090335744,"favorite_count":0,"source":"<a href=\"http:\/\/twitter.com\" rel=\"nofollow\">Twitter Web Client<\/a>","retweeted":false,"coordinates":null,"entities":{"symbols":[],"user_mentions":[{"id":1363520268,"indices":[0,13],"id_str":"1363520268","screen_name":"YourAnonLive","name":"Anonymous"},{"id":69211892,"indices":[14,24],"id_str":"69211892","screen_name":"toddwurdd","name":"Matthew Saddford"}],"hashtags":[],"urls":[]},"in_reply_to_screen_name":"YourAnonLive","id_str":"500299687090335744","retweet_count":0,"in_reply_to_user_id":1363520268,"favorited":false,"user":{"follow_request_sent":false,"profile_use_background_image":true,"default_profile_image":false,"id":2204858111,"profile_background_image_url_https":"https:\/\/abs.twimg.com\/images\/themes\/theme1\/bg.png","verified":false,"profile_text_color":"333333","profile_image_url_https":"https:\/\/pbs.twimg.com\/profile_images\/519553437520777216\/hF8WrMfO_normal.jpeg","profile_sidebar_fill_color":"DDEEF6","entities":{"url":{"urls":[{"url":"http:\/\/t.co\/6yQwruSfUn","indices":[0,22],"expanded_url":"http:\/\/reboundmi.bandcamp.com","display_url":"reboundmi.bandcamp.com"}]},"description":{"urls":[]}},"followers_count":399,"profile_sidebar_border_color":"C0DEED","id_str":"2204858111","profile_background_color":"C0DEED","listed_count":1,"is_translation_enabled":false,"utc_offset":null,"statuses_count":16201,"description":"John Durso. RTR Fam. @reboundmi.","friends_count":451,"location":"metro detroit","profile_link_color":"34A0C7","profile_image_url":"http:\/\/pbs.twimg.com\/profile_images\/519553437520777216\/hF8WrMfO_normal.jpeg","following":false,"geo_enabled":false,"profile_banner_url":"https:\/\/pbs.twimg.com\/profile_banners\/2204858111\/1409978208","profile_background_image_url":"http:\/\/abs.twimg.com\/images\/themes\/theme1\/bg.png","screen_name":"freewebcamporn","lang":"en","profile_background_tile":false,"favourites_count":8957,"name":"Doc Flex","notifications":false,"url":"http:\/\/t.co\/6yQwruSfUn","created_at":"Mon Dec 02 17:31:09 +0000 2013","contributors_enabled":false,"time_zone":null,"protected":false,"default_profile":false,"is_translator":false},"geo":null,"in_reply_to_user_id_str":"1363520268","lang":"en","created_at":"Fri Aug 15 15:15:15 +0000 2014","in_reply_to_status_id_str":"500290456845299714","place":null}