{"contributors": null, "truncated": false, "text": "@DeuceTony @YourAnonLive @OpFerguson they're not finished yet, didn't want to sign rough draft.", "in_reply_to_status_id": 500297602231853057, "id": 500297784134606849, "favorite_count": 0, "source": "<a href=\"http://twitter.com/download/iphone\" rel=\"nofollow\">Twitter for iPhone</a>", "retweeted": false, "coordinates": null, "entities": {"symbols": [], "user_mentions": [{"id": 136354381, "indices": [0, 10], "id_str": "136354381", "screen_name": "DeuceTony", "name": "Tony"}, {"id": 1363520268, "indices": [11, 24], "id_str": "1363520268", "screen_name": "YourAnonLive", "name": "Anonymous"}, {"id": 2721777926, "indices": [25, 36], "id_str": "2721777926", "screen_name": "OpFerguson", "name": "Operation Ferguson"}], "hashtags": [], "urls": []}, "in_reply_to_screen_name": "DeuceTony", "id_str": "500297784134606849", "retweet_count": 1, "in_reply_to_user_id": 136354381, "favorited": false, "user": {"follow_request_sent": false, "profile_use_background_image": true, "default_profile_image": false, "id": 15649636, "profile_background_image_url_https": "https://abs.twimg.com/images/themes/theme1/bg.png", "verified": false, "profile_text_color": "333333", "profile_image_url_https": "https://pbs.twimg.com/profile_images/506524371272220672/ZJbJYHBn_normal.jpeg", "profile_sidebar_fill_color": "DDEEF6", "entities": {"url": {"urls": [{"url": "http://t.co/spp8HWj74R", "indices": [0, 22], "expanded_url": "http://christianitycausescancer.tumblr.com", "display_url": "christianitycausescancer.tumblr.com"}]}, "description": {"urls": []}}, "followers_count": 162, "profile_sidebar_border_color": "C0DEED", "id_str": "15649636", "profile_background_color": "C0DEED", "listed_count": 2, "is_translation_enabled": false, "utc_offset": 16200, "statuses_count": 15707, "description": "PhD Theoretical Chemical Physics; can teach you how to dougie.", "friends_count": 150, "location": "Jefferton City, McFlurry", "profile_link_color": "0084B4", "profile_image_url": "http://pbs.twimg.com/profile_images/506524371272220672/ZJbJYHBn_normal.jpeg", "following": false, "geo_enabled": false, "profile_banner_url": "https://pbs.twimg.com/profile_banners/15649636/1403551632", "profile_background_image_url": "http://abs.twimg.com/images/themes/theme1/bg.png", "screen_name": "bonedog84", "lang": "en", "profile_background_tile": false, "favourites_count": 3251, "name": "Jerry Maine", "notifications": false, "url": "http://t.co/spp8HWj74R", "created_at": "Tue Jul 29 18:54:07 +0000 2008", "contributors_enabled": false, "time_zone": "Tehran", "protected": false, "default_profile": true, "is_translator": false}, "geo": null, "in_reply_to_user_id_str": "136354381", "lang": "en", "created_at": "Fri Aug 15 15:07:41 +0000 2014", "in_reply_to_status_id_str": "500297602231853057", "place": null}
