{"contributors":null,"truncated":false,"text":"@YourAnonLive @OpFerguson so not even a felony... Haha","in_reply_to_status_id":500290456845299714,"id":500297973905895424,"favorite_count":3,"source":"<a href=\"http:\/\/twitter.com\/download\/android\" rel=\"nofollow\">Twitter for Android<\/a>","retweeted":false,"coordinates":null,"entities":{"symbols":[],"user_mentions":[{"id":1363520268,"indices":[0,13],"id_str":"1363520268","screen_name":"YourAnonLive","name":"Anonymous"},{"id":2721777926,"indices":[14,25],"id_str":"2721777926","screen_name":"OpFerguson","name":"Operation Ferguson"}],"hashtags":[],"urls":[]},"in_reply_to_screen_name":"YourAnonLive","id_str":"500297973905895424","retweet_count":2,"in_reply_to_user_id":1363520268,"favorited":false,"user":{"follow_request_sent":false,"profile_use_background_image":true,"default_profile_image":false,"id":796814947,"profile_background_image_url_https":"https:\/\/pbs.twimg.com\/profile_background_images\/378800000058925093\/6d2bbddd855b7baa8836fe7a1dacca6d.jpeg","verified":false,"profile_text_color":"333333","profile_image_url_https":"https:\/\/pbs.twimg.com\/profile_images\/570732837449674752\/XpFi7aq4_normal.jpeg","profile_sidebar_fill_color":"DDEEF6","entities":{"url":{"urls":[{"url":"http:\/\/t.co\/mGTW4bVFxv","indices":[0,22],"expanded_url":"http:\/\/earthgrownclothing.com","display_url":"earthgrownclothing.com"}]},"description":{"urls":[]}},"followers_count":1057,"profile_sidebar_border_color":"FFFFFF","id_str":"796814947","profile_background_color":"C0DEED","listed_count":0,"is_translation_enabled":false,"utc_offset":-18000,"statuses_count":4676,"description":"Earth Grown Clothing Co. - I'm simply complex","friends_count":153,"location":"","profile_link_color":"BD1B1B","profile_image_url":"http:\/\/pbs.twimg.com\/profile_images\/570732837449674752\/XpFi7aq4_normal.jpeg","following":false,"geo_enabled":false,"profile_banner_url":"https:\/\/pbs.twimg.com\/profile_banners\/796814947\/1396391530","profile_background_image_url":"http:\/\/pbs.twimg.com\/profile_background_images\/378800000058925093\/6d2bbddd855b7baa8836fe7a1dacca6d.jpeg","screen_name":"RVSVVP","lang":"en","profile_background_tile":false,"favourites_count":573,"name":"ME\u2122","notifications":false,"url":"http:\/\/t.co\/mGTW4bVFxv","created_at":"Sat Sep 01 20:24:21 +0000 2012","contributors_enabled":false,"time_zone":"Central Time (US & Canada)","protected":false,"default_profile":false,"is_translator":false},"geo":null,"in_reply_to_user_id_str":"1363520268","lang":"en","created_at":"Fri Aug 15 15:08:26 +0000 2014","in_reply_to_status_id_str":"500290456845299714","place":null}