{"contributors": null, "truncated": false, "text": "@agentbell4272 @YourAnonLive why robbery..whats the difference between shoplift or robbery..I have not read report yet", "in_reply_to_status_id": 500294975481843712, "id": 500303660220706821, "favorite_count": 1, "source": "<a href=\"http://twitter.com\" rel=\"nofollow\">Twitter Web Client</a>", "retweeted": false, "coordinates": null, "entities": {"symbols": [], "user_mentions": [{"id": 728433109, "indices": [0, 14], "id_str": "728433109", "screen_name": "agentbell4272", "name": "Mike Bell"}, {"id": 1363520268, "indices": [15, 28], "id_str": "1363520268", "screen_name": "YourAnonLive", "name": "Anonymous"}], "hashtags": [], "urls": []}, "in_reply_to_screen_name": "agentbell4272", "id_str": "500303660220706821", "retweet_count": 0, "in_reply_to_user_id": 728433109, "favorited": false, "user": {"follow_request_sent": false, "profile_use_background_image": true, "default_profile_image": false, "id": 1006615872, "profile_background_image_url_https": "https://abs.twimg.com/images/themes/theme1/bg.png", "verified": false, "profile_text_color": "333333", "profile_image_url_https": "https://pbs.twimg.com/profile_images/435743519320199168/ognY8Zgi_normal.jpeg", "profile_sidebar_fill_color": "DDEEF6", "entities": {"description": {"urls": []}}, "followers_count": 1378, "profile_sidebar_border_color": "C0DEED", "id_str": "1006615872", "profile_background_color": "C0DEED", "listed_count": 20, "is_translation_enabled": false, "utc_offset": null, "statuses_count": 12220, "description": "Lover of sports,fashion,fitness,health, person growth and leaving on a jet plane", "friends_count": 1979, "location": "Dallas Texas", "profile_link_color": "0084B4", "profile_image_url": "http://pbs.twimg.com/profile_images/435743519320199168/ognY8Zgi_normal.jpeg", "following": false, "geo_enabled": false, "profile_banner_url": "https://pbs.twimg.com/profile_banners/1006615872/1407188994", "profile_background_image_url": "http://abs.twimg.com/images/themes/theme1/bg.png", "screen_name": "JillJhorvath", "lang": "en", "profile_background_tile": false, "favourites_count": 2989, "name": "Jill Horvath", "notifications": false, "url": null, "created_at": "Wed Dec 12 15:32:20 +0000 2012", "contributors_enabled": false, "time_zone": null, "protected": false, "default_profile": true, "is_translator": false}, "geo": null, "in_reply_to_user_id_str": "728433109", "lang": "en", "created_at": "Fri Aug 15 15:31:02 +0000 2014", "in_reply_to_status_id_str": "500294975481843712", "place": null}
