{"contributors": null, "truncated": false, "text": "@bonedog84 @OpFerguson @YourAnonLive I stole gum from a drugstore as a kid. Glad Im alive to tell it.", "in_reply_to_status_id": 500297571856678912, "id": 500305311647817729, "favorite_count": 0, "source": "<a href=\"http://twitter.com\" rel=\"nofollow\">Twitter Web Client</a>", "retweeted": false, "coordinates": null, "entities": {"symbols": [], "user_mentions": [{"id": 15649636, "indices": [0, 10], "id_str": "15649636", "screen_name": "bonedog84", "name": "Jerry Maine"}, {"id": 2721777926, "indices": [11, 22], "id_str": "2721777926", "screen_name": "OpFerguson", "name": "Operation Ferguson"}, {"id": 1363520268, "indices": [23, 36], "id_str": "1363520268", "screen_name": "YourAnonLive", "name": "Anonymous"}], "hashtags": [], "urls": []}, "in_reply_to_screen_name": "bonedog84", "id_str": "500305311647817729", "retweet_count": 0, "in_reply_to_user_id": 15649636, "favorited": false, "user": {"follow_request_sent": false, "profile_use_background_image": true, "default_profile_image": false, "id": 247021838, "profile_background_image_url_https": "https://abs.twimg.com/images/themes/theme4/bg.gif", "verified": false, "profile_text_color": "3C3940", "profile_image_url_https": "https://pbs.twimg.com/profile_images/1688137360/Deb1970somethingMA27183361-0049_normal.jpg", "profile_sidebar_fill_color": "95E8EC", "entities": {"description": {"urls": []}}, "followers_count": 867, "profile_sidebar_border_color": "5ED4DC", "id_str": "247021838", "profile_background_color": "0099B9", "listed_count": 19, "is_translation_enabled": false, "utc_offset": -14400, "statuses_count": 18298, "description": "I am trying a faith-based social experiment: Pray To Be Gay. Born straight...even boy crazy, with Gods help I can dip into the Lady Pond. RA Warrior", "friends_count": 1915, "location": "On An Island Off Florida", "profile_link_color": "0099B9", "profile_image_url": "http://pbs.twimg.com/profile_images/1688137360/Deb1970somethingMA27183361-0049_normal.jpg", "following": false, "geo_enabled": true, "profile_background_image_url": "http://abs.twimg.com/images/themes/theme4/bg.gif", "screen_name": "DebsKeeler", "lang": "en", "profile_background_tile": true, "favourites_count": 738, "name": "Debs  Keeler", "notifications": false, "url": null, "created_at": "Thu Feb 03 22:59:25 +0000 2011", "contributors_enabled": false, "time_zone": "Eastern Time (US & Canada)", "protected": false, "default_profile": false, "is_translator": false}, "geo": null, "in_reply_to_user_id_str": "15649636", "lang": "en", "created_at": "Fri Aug 15 15:37:36 +0000 2014", "in_reply_to_status_id_str": "500297571856678912", "place": null}
