{"contributors":null,"truncated":false,"text":"@InfectiousChris I meant in general. People went off the deep end and believed the 1st thing they heard or read. No matter how 1 sided","in_reply_to_status_id":500303880820117504,"id":500304092296912897,"favorite_count":0,"source":"<a href=\"http:\/\/twitter.com\" rel=\"nofollow\">Twitter Web Client<\/a>","retweeted":false,"coordinates":null,"entities":{"symbols":[],"user_mentions":[{"id":37697842,"indices":[0,16],"id_str":"37697842","screen_name":"InfectiousChris","name":"Infectious Chris"}],"hashtags":[],"urls":[]},"in_reply_to_screen_name":"InfectiousChris","id_str":"500304092296912897","retweet_count":0,"in_reply_to_user_id":37697842,"favorited":false,"user":{"follow_request_sent":false,"profile_use_background_image":true,"default_profile_image":false,"id":1923265614,"profile_background_image_url_https":"https:\/\/abs.twimg.com\/images\/themes\/theme1\/bg.png","verified":false,"profile_text_color":"333333","profile_image_url_https":"https:\/\/pbs.twimg.com\/profile_images\/574252815473758209\/IRGL66tl_normal.png","profile_sidebar_fill_color":"DDEEF6","entities":{"description":{"urls":[]}},"followers_count":39,"profile_sidebar_border_color":"C0DEED","id_str":"1923265614","profile_background_color":"C0DEED","listed_count":1,"is_translation_enabled":false,"utc_offset":-14400,"statuses_count":3537,"description":"Mainly use this for gaming. So expect bitching about gaming & some other crap going on out there","friends_count":135,"location":"","profile_link_color":"0084B4","profile_image_url":"http:\/\/pbs.twimg.com\/profile_images\/574252815473758209\/IRGL66tl_normal.png","following":false,"geo_enabled":false,"profile_banner_url":"https:\/\/pbs.twimg.com\/profile_banners\/1923265614\/1381716251","profile_background_image_url":"http:\/\/abs.twimg.com\/images\/themes\/theme1\/bg.png","screen_name":"PancakeBreasts","lang":"en","profile_background_tile":false,"favourites_count":467,"name":"Cornbread","notifications":false,"url":null,"created_at":"Tue Oct 01 12:25:01 +0000 2013","contributors_enabled":false,"time_zone":"Eastern Time (US & Canada)","protected":false,"default_profile":true,"is_translator":false},"geo":null,"in_reply_to_user_id_str":"37697842","lang":"en","created_at":"Fri Aug 15 15:32:45 +0000 2014","in_reply_to_status_id_str":"500303880820117504","place":null}