{"contributors":null,"truncated":false,"text":"@iRondrea @nickk330 @YourAnonLive they have the whole thing on video..","in_reply_to_status_id":500297423047376897,"id":500306310450003968,"favorite_count":0,"source":"<a href=\"http:\/\/twitter.com\/download\/iphone\" rel=\"nofollow\">Twitter for iPhone<\/a>","retweeted":false,"coordinates":null,"entities":{"symbols":[],"user_mentions":[{"id":20013471,"indices":[0,9],"id_str":"20013471","screen_name":"iRondrea","name":"Uhuru: Freedom"},{"id":16311907,"indices":[10,19],"id_str":"16311907","screen_name":"nickk330","name":"Nick K."},{"id":1363520268,"indices":[20,33],"id_str":"1363520268","screen_name":"YourAnonLive","name":"Anonymous"}],"hashtags":[],"urls":[]},"in_reply_to_screen_name":"iRondrea","id_str":"500306310450003968","retweet_count":0,"in_reply_to_user_id":20013471,"favorited":false,"user":{"follow_request_sent":false,"profile_use_background_image":true,"default_profile_image":false,"id":492775893,"profile_background_image_url_https":"https:\/\/abs.twimg.com\/images\/themes\/theme1\/bg.png","verified":false,"profile_text_color":"333333","profile_image_url_https":"https:\/\/pbs.twimg.com\/profile_images\/518266100232900609\/rzWDhiNr_normal.jpeg","profile_sidebar_fill_color":"DDEEF6","entities":{"description":{"urls":[]}},"followers_count":281,"profile_sidebar_border_color":"C0DEED","id_str":"492775893","profile_background_color":"C0DEED","listed_count":1,"is_translation_enabled":false,"utc_offset":null,"statuses_count":10616,"description":"John 13:7-8","friends_count":152,"location":"#ThunderUp","profile_link_color":"0084B4","profile_image_url":"http:\/\/pbs.twimg.com\/profile_images\/518266100232900609\/rzWDhiNr_normal.jpeg","following":false,"geo_enabled":true,"profile_banner_url":"https:\/\/pbs.twimg.com\/profile_banners\/492775893\/1409542239","profile_background_image_url":"http:\/\/abs.twimg.com\/images\/themes\/theme1\/bg.png","screen_name":"GdurhamGarrett","lang":"en","profile_background_tile":false,"favourites_count":4724,"name":"Garrett Durham ","notifications":false,"url":null,"created_at":"Wed Feb 15 03:26:32 +0000 2012","contributors_enabled":false,"time_zone":null,"protected":false,"default_profile":true,"is_translator":false},"geo":null,"in_reply_to_user_id_str":"20013471","lang":"en","created_at":"Fri Aug 15 15:41:34 +0000 2014","in_reply_to_status_id_str":"500297423047376897","place":null}