{"contributors": null, "truncated": false, "text": "@YourAnonLive I think perhaps they\u2019re saying the entire wholesale box a store would use for display\u2026as opposed to one package.", "in_reply_to_status_id": 500290456845299714, "id": 500305543802519553, "favorite_count": 1, "source": "<a href=\"http://tapbots.com/software/tweetbot/mac\" rel=\"nofollow\">Tweetbot for Mac</a>", "retweeted": false, "coordinates": null, "entities": {"symbols": [], "user_mentions": [{"id": 1363520268, "indices": [0, 13], "id_str": "1363520268", "screen_name": "YourAnonLive", "name": "Anonymous"}], "hashtags": [], "urls": []}, "in_reply_to_screen_name": "YourAnonLive", "id_str": "500305543802519553", "retweet_count": 0, "in_reply_to_user_id": 1363520268, "favorited": false, "user": {"follow_request_sent": false, "profile_use_background_image": true, "default_profile_image": false, "id": 159322669, "profile_background_image_url_https": "https://pbs.twimg.com/profile_background_images/378800000006652813/8d8a03399c49465650c264d504eb360c.jpeg", "verified": false, "profile_text_color": "666666", "profile_image_url_https": "https://pbs.twimg.com/profile_images/344513261575318660/653130b7807c2492861bae065f17c927_normal.jpeg", "profile_sidebar_fill_color": "252429", "entities": {"description": {"urls": []}}, "followers_count": 89, "profile_sidebar_border_color": "000000", "id_str": "159322669", "profile_background_color": "1A1B1F", "listed_count": 7, "is_translation_enabled": false, "utc_offset": -18000, "statuses_count": 2868, "description": "Husband and Daddy x3. SysAdmin. I yap about Apple, vSphere, other tech, photography, Colts & weather.", "friends_count": 209, "location": "Wichita Falls, TX", "profile_link_color": "1B6880", "profile_image_url": "http://pbs.twimg.com/profile_images/344513261575318660/653130b7807c2492861bae065f17c927_normal.jpeg", "following": false, "geo_enabled": false, "profile_banner_url": "https://pbs.twimg.com/profile_banners/159322669/1403040654", "profile_background_image_url": "http://pbs.twimg.com/profile_background_images/378800000006652813/8d8a03399c49465650c264d504eb360c.jpeg", "screen_name": "jimduyck", "lang": "en", "profile_background_tile": false, "favourites_count": 133, "name": "Jim Duyck", "notifications": false, "url": null, "created_at": "Fri Jun 25 02:12:45 +0000 2010", "contributors_enabled": false, "time_zone": "Central Time (US & Canada)", "protected": false, "default_profile": false, "is_translator": false}, "geo": null, "in_reply_to_user_id_str": "1363520268", "lang": "en", "created_at": "Fri Aug 15 15:38:31 +0000 2014", "in_reply_to_status_id_str": "500290456845299714", "place": null}
