{"contributors":null,"truncated":false,"text":"@YourAnonLive @FrancoisKilljoy for real.. I buy a box for 15 bucks.","in_reply_to_status_id":500290456845299714,"id":500303314106720256,"favorite_count":1,"source":"<a href=\"http:\/\/twitter.com\/#!\/download\/ipad\" rel=\"nofollow\">Twitter for iPad<\/a>","retweeted":false,"coordinates":null,"entities":{"symbols":[],"user_mentions":[{"id":1363520268,"indices":[0,13],"id_str":"1363520268","screen_name":"YourAnonLive","name":"Anonymous"},{"id":310287655,"indices":[14,30],"id_str":"310287655","screen_name":"FrancoisKilljoy","name":"#EatCleanTrainDirty"}],"hashtags":[],"urls":[]},"in_reply_to_screen_name":"YourAnonLive","id_str":"500303314106720256","retweet_count":0,"in_reply_to_user_id":1363520268,"favorited":false,"user":{"follow_request_sent":false,"profile_use_background_image":true,"default_profile_image":false,"id":73545605,"profile_background_image_url_https":"https:\/\/abs.twimg.com\/images\/themes\/theme1\/bg.png","verified":false,"profile_text_color":"333333","profile_image_url_https":"https:\/\/pbs.twimg.com\/profile_images\/589195966109982722\/QM2QMPO9_normal.jpg","profile_sidebar_fill_color":"DDEEF6","entities":{"url":{"urls":[{"url":"http:\/\/t.co\/dvqz0OoXcs","indices":[0,22],"expanded_url":"http:\/\/mobile.livemixtapes.com\/mixtapes\/27464\/tony-kush-money-pacquiao-kush-money.html","display_url":"mobile.livemixtapes.com\/mixtapes\/27464\u2026"}]},"description":{"urls":[]}},"followers_count":883,"profile_sidebar_border_color":"C0DEED","id_str":"73545605","profile_background_color":"C0DEED","listed_count":8,"is_translation_enabled":false,"utc_offset":-18000,"statuses_count":18026,"description":"Filipino Barry White\nBH","friends_count":1527,"location":"www.countdowncityclothing.com","profile_link_color":"0084B4","profile_image_url":"http:\/\/pbs.twimg.com\/profile_images\/589195966109982722\/QM2QMPO9_normal.jpg","following":false,"geo_enabled":true,"profile_banner_url":"https:\/\/pbs.twimg.com\/profile_banners\/73545605\/1409722536","profile_background_image_url":"http:\/\/abs.twimg.com\/images\/themes\/theme1\/bg.png","screen_name":"Calmp","lang":"en","profile_background_tile":false,"favourites_count":5473,"name":"Money Pacquiao","notifications":false,"url":"http:\/\/t.co\/dvqz0OoXcs","created_at":"Sat Sep 12 02:10:31 +0000 2009","contributors_enabled":false,"time_zone":"Central Time (US & Canada)","protected":false,"default_profile":true,"is_translator":false},"geo":null,"in_reply_to_user_id_str":"1363520268","lang":"en","created_at":"Fri Aug 15 15:29:39 +0000 2014","in_reply_to_status_id_str":"500290456845299714","place":null}