{"contributors":null,"truncated":false,"text":"#MikeBrown wanted to walk down the street. And he is dead. And the #Ferguson PD is using his silence in death to make him a criminal.","in_reply_to_status_id":null,"id":500281094239817728,"favorite_count":38,"source":"<a href=\"http:\/\/twitter.com\" rel=\"nofollow\">Twitter Web Client<\/a>","retweeted":false,"coordinates":null,"entities":{"symbols":[],"user_mentions":[],"hashtags":[{"indices":[0,10],"text":"MikeBrown"},{"indices":[67,76],"text":"Ferguson"}],"urls":[]},"in_reply_to_screen_name":null,"id_str":"500281094239817728","retweet_count":108,"in_reply_to_user_id":null,"favorited":false,"user":{"follow_request_sent":false,"profile_use_background_image":true,"default_profile_image":false,"id":172869874,"profile_background_image_url_https":"https:\/\/abs.twimg.com\/images\/themes\/theme14\/bg.gif","verified":false,"profile_text_color":"333333","profile_image_url_https":"https:\/\/pbs.twimg.com\/profile_images\/483638417217961986\/Z7sDwHWE_normal.jpeg","profile_sidebar_fill_color":"EFEFEF","entities":{"url":{"urls":[{"url":"http:\/\/t.co\/whYPFsbHSo","indices":[0,22],"expanded_url":"http:\/\/jessicawluther.com","display_url":"jessicawluther.com"}]},"description":{"urls":[]}},"followers_count":13953,"profile_sidebar_border_color":"EEEEEE","id_str":"172869874","profile_background_color":"131516","listed_count":682,"is_translation_enabled":false,"utc_offset":-18000,"statuses_count":168438,"description":"Freelance Writer and Journalist. Sports. Texas. Writing book on college football and sexual assault for Akashic. EMAIL: luther.jessica at gmail.","friends_count":2025,"location":"austin, tx","profile_link_color":"009999","profile_image_url":"http:\/\/pbs.twimg.com\/profile_images\/483638417217961986\/Z7sDwHWE_normal.jpeg","following":false,"geo_enabled":false,"profile_banner_url":"https:\/\/pbs.twimg.com\/profile_banners\/172869874\/1404947734","profile_background_image_url":"http:\/\/abs.twimg.com\/images\/themes\/theme14\/bg.gif","screen_name":"scATX","lang":"en","profile_background_tile":true,"favourites_count":4048,"name":"Jessica W. Luther","notifications":false,"url":"http:\/\/t.co\/whYPFsbHSo","created_at":"Fri Jul 30 20:36:56 +0000 2010","contributors_enabled":false,"time_zone":"Central Time (US & Canada)","protected":false,"default_profile":false,"is_translator":false},"geo":null,"in_reply_to_user_id_str":null,"lang":"en","created_at":"Fri Aug 15 14:01:22 +0000 2014","in_reply_to_status_id_str":null,"place":null}