{"contributors":null,"truncated":false,"text":"Did anyone think of comparing the clothes that #MikeBrown was wearing when he was laying on the street to the security footage? #Ferguson","in_reply_to_status_id":null,"id":500288349924782080,"favorite_count":141,"source":"<a href=\"http:\/\/twitter.com\/download\/iphone\" rel=\"nofollow\">Twitter for iPhone<\/a>","retweeted":false,"coordinates":null,"entities":{"symbols":[],"user_mentions":[],"hashtags":[{"indices":[47,57],"text":"MikeBrown"},{"indices":[128,137],"text":"Ferguson"}],"urls":[]},"in_reply_to_screen_name":null,"id_str":"500288349924782080","retweet_count":331,"in_reply_to_user_id":null,"favorited":false,"user":{"follow_request_sent":false,"profile_use_background_image":true,"default_profile_image":false,"id":2725579568,"profile_background_image_url_https":"https:\/\/abs.twimg.com\/images\/themes\/theme1\/bg.png","verified":false,"profile_text_color":"333333","profile_image_url_https":"https:\/\/pbs.twimg.com\/profile_images\/500800023828127744\/qzKYlO5e_normal.jpeg","profile_sidebar_fill_color":"DDEEF6","entities":{"description":{"urls":[]}},"followers_count":18662,"profile_sidebar_border_color":"C0DEED","id_str":"2725579568","profile_background_color":"C0DEED","listed_count":88,"is_translation_enabled":false,"utc_offset":null,"statuses_count":153,"description":"YO WE HACK DIS NIGGA","friends_count":36,"location":"MIAMI","profile_link_color":"0084B4","profile_image_url":"http:\/\/pbs.twimg.com\/profile_images\/500800023828127744\/qzKYlO5e_normal.jpeg","following":false,"geo_enabled":false,"profile_banner_url":"https:\/\/pbs.twimg.com\/profile_banners\/2725579568\/1408235622","profile_background_image_url":"http:\/\/abs.twimg.com\/images\/themes\/theme1\/bg.png","screen_name":"TheAnonMessage2","lang":"en","profile_background_tile":false,"favourites_count":20,"name":"TheAnonNigga","notifications":false,"url":null,"created_at":"Tue Aug 12 06:41:41 +0000 2014","contributors_enabled":false,"time_zone":null,"protected":false,"default_profile":true,"is_translator":false},"geo":null,"in_reply_to_user_id_str":null,"lang":"en","created_at":"Fri Aug 15 14:30:12 +0000 2014","in_reply_to_status_id_str":null,"place":null}