{"contributors":null,"truncated":false,"text":"Nearly 7k blacks were murdered last yr--almost all by other blacks. A tiny % were unarmed-killed-by-cop.\nWhere's Al, Jesse?\n#tcot #ferguson","in_reply_to_status_id":null,"id":499612545909415938,"favorite_count":41,"source":"<a href=\"https:\/\/about.twitter.com\/products\/tweetdeck\" rel=\"nofollow\">TweetDeck<\/a>","retweeted":false,"coordinates":null,"entities":{"symbols":[],"user_mentions":[],"hashtags":[{"indices":[124,129],"text":"tcot"},{"indices":[130,139],"text":"ferguson"}],"urls":[]},"in_reply_to_screen_name":null,"id_str":"499612545909415938","retweet_count":120,"in_reply_to_user_id":null,"favorited":false,"user":{"follow_request_sent":false,"profile_use_background_image":true,"default_profile_image":false,"id":195271137,"profile_background_image_url_https":"https:\/\/pbs.twimg.com\/profile_background_images\/494911771694465024\/YMwkf0fe.png","verified":true,"profile_text_color":"333333","profile_image_url_https":"https:\/\/pbs.twimg.com\/profile_images\/494912342346317824\/rbQxobXU_normal.jpeg","profile_sidebar_fill_color":"DDEEF6","entities":{"url":{"urls":[{"url":"http:\/\/t.co\/UICCzPg7hE","indices":[0,22],"expanded_url":"http:\/\/LarryElder.com","display_url":"LarryElder.com"}]},"description":{"urls":[]}},"followers_count":50984,"profile_sidebar_border_color":"FFFFFF","id_str":"195271137","profile_background_color":"1E1728","listed_count":1199,"is_translation_enabled":false,"utc_offset":-25200,"statuses_count":12552,"description":"KABC-LA Talk Radio AM 790","friends_count":6075,"location":"3pm-6pm PT ","profile_link_color":"7B6DA3","profile_image_url":"http:\/\/pbs.twimg.com\/profile_images\/494912342346317824\/rbQxobXU_normal.jpeg","following":false,"geo_enabled":false,"profile_banner_url":"https:\/\/pbs.twimg.com\/profile_banners\/195271137\/1401427388","profile_background_image_url":"http:\/\/pbs.twimg.com\/profile_background_images\/494911771694465024\/YMwkf0fe.png","screen_name":"larryelder","lang":"en","profile_background_tile":true,"favourites_count":11,"name":"Larry Elder","notifications":false,"url":"http:\/\/t.co\/UICCzPg7hE","created_at":"Sun Sep 26 07:34:31 +0000 2010","contributors_enabled":false,"time_zone":"Pacific Time (US & Canada)","protected":false,"default_profile":false,"is_translator":false},"geo":null,"in_reply_to_user_id_str":null,"lang":"en","created_at":"Wed Aug 13 17:44:47 +0000 2014","in_reply_to_status_id_str":null,"place":null}