{"contributors":null,"truncated":false,"text":"@ReutersUS dont plan on it release it already. #Ferguson #Mike Brown","in_reply_to_status_id":500270780832174080,"id":500271679273054208,"favorite_count":1,"source":"<a href=\"http:\/\/twitter.com\/download\/iphone\" rel=\"nofollow\">Twitter for iPhone<\/a>","retweeted":false,"coordinates":null,"entities":{"symbols":[],"user_mentions":[{"id":15108530,"indices":[0,10],"id_str":"15108530","screen_name":"ReutersUS","name":"Reuters U.S. News"}],"hashtags":[{"indices":[47,56],"text":"Ferguson"},{"indices":[57,62],"text":"Mike"}],"urls":[]},"in_reply_to_screen_name":"ReutersUS","id_str":"500271679273054208","retweet_count":0,"in_reply_to_user_id":15108530,"favorited":false,"user":{"follow_request_sent":false,"profile_use_background_image":true,"default_profile_image":false,"id":979419048,"profile_background_image_url_https":"https:\/\/pbs.twimg.com\/profile_background_images\/733964548\/e99bb9d7909f5d2f232b0ad737084a48.jpeg","verified":false,"profile_text_color":"000000","profile_image_url_https":"https:\/\/pbs.twimg.com\/profile_images\/567103045712896002\/sQbqUffj_normal.jpeg","profile_sidebar_fill_color":"FFFFFF","entities":{"description":{"urls":[]}},"followers_count":370,"profile_sidebar_border_color":"000000","id_str":"979419048","profile_background_color":"FFFFFF","listed_count":4,"is_translation_enabled":false,"utc_offset":-18000,"statuses_count":2005,"description":"Smarter than the Average Kardashian.","friends_count":354,"location":"","profile_link_color":"000000","profile_image_url":"http:\/\/pbs.twimg.com\/profile_images\/567103045712896002\/sQbqUffj_normal.jpeg","following":false,"geo_enabled":false,"profile_banner_url":"https:\/\/pbs.twimg.com\/profile_banners\/979419048\/1407800418","profile_background_image_url":"http:\/\/pbs.twimg.com\/profile_background_images\/733964548\/e99bb9d7909f5d2f232b0ad737084a48.jpeg","screen_name":"KingRJ98","lang":"en","profile_background_tile":false,"favourites_count":1082,"name":"X T C","notifications":false,"url":null,"created_at":"Fri Nov 30 00:19:21 +0000 2012","contributors_enabled":false,"time_zone":"Central Time (US & Canada)","protected":false,"default_profile":false,"is_translator":false},"geo":null,"in_reply_to_user_id_str":"15108530","lang":"en","created_at":"Fri Aug 15 13:23:57 +0000 2014","in_reply_to_status_id_str":"500270780832174080","place":null}