{"contributors": null, "truncated": false, "text": "@ReutersUS then put him under 24/7/365 guard???", "in_reply_to_status_id": 500270780832174080, "id": 500296531036364800, "favorite_count": 0, "source": "<a href=\"http://twitter.com\" rel=\"nofollow\">Twitter Web Client</a>", "retweeted": false, "coordinates": null, "entities": {"symbols": [], "user_mentions": [{"id": 15108530, "indices": [0, 10], "id_str": "15108530", "screen_name": "ReutersUS", "name": "Reuters U.S. News"}], "hashtags": [], "urls": []}, "in_reply_to_screen_name": "ReutersUS", "id_str": "500296531036364800", "retweet_count": 0, "in_reply_to_user_id": 15108530, "favorited": false, "user": {"follow_request_sent": false, "profile_use_background_image": true, "default_profile_image": false, "id": 2731905756, "profile_background_image_url_https": "https://abs.twimg.com/images/themes/theme1/bg.png", "verified": false, "profile_text_color": "333333", "profile_image_url_https": "https://pbs.twimg.com/profile_images/499940543573417986/Y7o2hTmZ_normal.jpeg", "profile_sidebar_fill_color": "DDEEF6", "entities": {"description": {"urls": []}}, "followers_count": 3, "profile_sidebar_border_color": "C0DEED", "id_str": "2731905756", "profile_background_color": "C0DEED", "listed_count": 0, "is_translation_enabled": false, "utc_offset": null, "statuses_count": 139, "description": "cunt by name cunt by nature born outwith wedlock world class misandrist play nice boys", "friends_count": 12, "location": "", "profile_link_color": "0084B4", "profile_image_url": "http://pbs.twimg.com/profile_images/499940543573417986/Y7o2hTmZ_normal.jpeg", "following": false, "geo_enabled": false, "profile_background_image_url": "http://abs.twimg.com/images/themes/theme1/bg.png", "screen_name": "lillithfarage", "lang": "en-gb", "profile_background_tile": false, "favourites_count": 88, "name": "lillith farage", "notifications": false, "url": null, "created_at": "Thu Aug 14 15:02:57 +0000 2014", "contributors_enabled": false, "time_zone": null, "protected": false, "default_profile": true, "is_translator": false}, "geo": null, "in_reply_to_user_id_str": "15108530", "lang": "en", "created_at": "Fri Aug 15 15:02:42 +0000 2014", "in_reply_to_status_id_str": "500270780832174080", "place": null}
