{"contributors": null, "truncated": false, "text": "@ReutersUS @Reuters Well, Darrel Wilson is officially screwed!", "in_reply_to_status_id": 500270780832174080, "id": 500278197447966722, "favorite_count": 0, "source": "<a href=\"http://twitter.com/#!/download/ipad\" rel=\"nofollow\">Twitter for iPad</a>", "retweeted": false, "coordinates": null, "entities": {"symbols": [], "user_mentions": [{"id": 15108530, "indices": [0, 10], "id_str": "15108530", "screen_name": "ReutersUS", "name": "Reuters U.S. News"}, {"id": 1652541, "indices": [11, 19], "id_str": "1652541", "screen_name": "Reuters", "name": "Reuters Top News"}], "hashtags": [], "urls": []}, "in_reply_to_screen_name": "ReutersUS", "id_str": "500278197447966722", "retweet_count": 0, "in_reply_to_user_id": 15108530, "favorited": false, "user": {"follow_request_sent": false, "profile_use_background_image": true, "default_profile_image": true, "id": 2393234545, "profile_background_image_url_https": "https://abs.twimg.com/images/themes/theme1/bg.png", "verified": false, "profile_text_color": "333333", "profile_image_url_https": "https://abs.twimg.com/sticky/default_profile_images/default_profile_2_normal.png", "profile_sidebar_fill_color": "DDEEF6", "entities": {"description": {"urls": []}}, "followers_count": 316, "profile_sidebar_border_color": "C0DEED", "id_str": "2393234545", "profile_background_color": "C0DEED", "listed_count": 0, "is_translation_enabled": false, "utc_offset": null, "statuses_count": 7553, "description": "Christian, Conservative, Independent, Former Soldier, \nA little to the right of Atilla the Hun.", "friends_count": 124, "location": "", "profile_link_color": "0084B4", "profile_image_url": "http://abs.twimg.com/sticky/default_profile_images/default_profile_2_normal.png", "following": false, "geo_enabled": false, "profile_background_image_url": "http://abs.twimg.com/images/themes/theme1/bg.png", "screen_name": "Gb8269George", "lang": "en", "profile_background_tile": false, "favourites_count": 1789, "name": "George", "notifications": false, "url": null, "created_at": "Sun Mar 16 20:14:50 +0000 2014", "contributors_enabled": false, "time_zone": null, "protected": false, "default_profile": true, "is_translator": false}, "geo": null, "in_reply_to_user_id_str": "15108530", "lang": "en", "created_at": "Fri Aug 15 13:49:51 +0000 2014", "in_reply_to_status_id_str": "500270780832174080", "place": null}
