{"contributors": null, "truncated": false, "text": "@ReutersUS @Reuters   whos the man in blk,", "in_reply_to_status_id": 500270780832174080, "id": 500273884479098880, "favorite_count": 0, "source": "<a href=\"http://twitter.com/download/iphone\" rel=\"nofollow\">Twitter for iPhone</a>", "retweeted": false, "coordinates": null, "entities": {"symbols": [], "user_mentions": [{"id": 15108530, "indices": [0, 10], "id_str": "15108530", "screen_name": "ReutersUS", "name": "Reuters U.S. News"}, {"id": 1652541, "indices": [11, 19], "id_str": "1652541", "screen_name": "Reuters", "name": "Reuters Top News"}], "hashtags": [], "urls": []}, "in_reply_to_screen_name": "ReutersUS", "id_str": "500273884479098880", "retweet_count": 0, "in_reply_to_user_id": 15108530, "favorited": false, "user": {"follow_request_sent": false, "profile_use_background_image": true, "default_profile_image": false, "id": 503580426, "profile_background_image_url_https": "https://abs.twimg.com/images/themes/theme1/bg.png", "verified": false, "profile_text_color": "333333", "profile_image_url_https": "https://pbs.twimg.com/profile_images/2304967325/bvjyqmxut95ab976yxkg_normal.jpeg", "profile_sidebar_fill_color": "DDEEF6", "entities": {"description": {"urls": []}}, "followers_count": 28, "profile_sidebar_border_color": "C0DEED", "id_str": "503580426", "profile_background_color": "C0DEED", "listed_count": 0, "is_translation_enabled": false, "utc_offset": null, "statuses_count": 1463, "description": "", "friends_count": 103, "location": "Michigan ", "profile_link_color": "0084B4", "profile_image_url": "http://pbs.twimg.com/profile_images/2304967325/bvjyqmxut95ab976yxkg_normal.jpeg", "following": false, "geo_enabled": true, "profile_background_image_url": "http://abs.twimg.com/images/themes/theme1/bg.png", "screen_name": "us_rich", "lang": "en", "profile_background_tile": false, "favourites_count": 1800, "name": "richie", "notifications": false, "url": null, "created_at": "Sat Feb 25 21:33:51 +0000 2012", "contributors_enabled": false, "time_zone": null, "protected": false, "default_profile": true, "is_translator": false}, "geo": null, "in_reply_to_user_id_str": "15108530", "lang": "en", "created_at": "Fri Aug 15 13:32:43 +0000 2014", "in_reply_to_status_id_str": "500270780832174080", "place": null}
