{"contributors": null, "truncated": false, "text": "@ReutersUS @Reuters its about time...\nhttp://t.co/7pGtEKqEO8", "in_reply_to_status_id": 500270780832174080, "id": 500272785428860928, "favorite_count": 0, "source": "<a href=\"http://twitter.com/#!/download/ipad\" rel=\"nofollow\">Twitter for iPad</a>", "retweeted": false, "coordinates": null, "entities": {"symbols": [], "user_mentions": [{"id": 15108530, "indices": [0, 10], "id_str": "15108530", "screen_name": "ReutersUS", "name": "Reuters U.S. News"}, {"id": 1652541, "indices": [11, 19], "id_str": "1652541", "screen_name": "Reuters", "name": "Reuters Top News"}], "hashtags": [], "urls": [{"url": "http://t.co/7pGtEKqEO8", "indices": [38, 60], "expanded_url": "http://webtalkradio.net/internet-talk-radio/the-book-of-dad/", "display_url": "webtalkradio.net/internet-talk-\u2026"}]}, "in_reply_to_screen_name": "ReutersUS", "id_str": "500272785428860928", "retweet_count": 0, "in_reply_to_user_id": 15108530, "favorited": false, "user": {"follow_request_sent": false, "profile_use_background_image": true, "default_profile_image": false, "id": 94691395, "profile_background_image_url_https": "https://abs.twimg.com/images/themes/theme3/bg.gif", "verified": false, "profile_text_color": "634047", "profile_image_url_https": "https://pbs.twimg.com/profile_images/3083540797/cb9a76e6df76da45e020f030803e9447_normal.jpeg", "profile_sidebar_fill_color": "E3E2DE", "entities": {"url": {"urls": [{"url": "http://t.co/z55sYdZGSq", "indices": [0, 22], "expanded_url": "http://thebookofdad.org", "display_url": "thebookofdad.org"}]}, "description": {"urls": [{"url": "http://t.co/sw1IYO3CKK", "indices": [16, 38], "expanded_url": "http://webtalkradio.net/internet-talk-radio/the-book-of-dad/", "display_url": "webtalkradio.net/internet-talk-\u2026"}]}}, "followers_count": 186, "profile_sidebar_border_color": "D3D2CF", "id_str": "94691395", "profile_background_color": "EDECE9", "listed_count": 0, "is_translation_enabled": false, "utc_offset": -18000, "statuses_count": 447, "description": "Radio Talk Show http://t.co/sw1IYO3CKK", "friends_count": 2001, "location": "Georgia", "profile_link_color": "088253", "profile_image_url": "http://pbs.twimg.com/profile_images/3083540797/cb9a76e6df76da45e020f030803e9447_normal.jpeg", "following": false, "geo_enabled": false, "profile_banner_url": "https://pbs.twimg.com/profile_banners/94691395/1410058636", "profile_background_image_url": "http://abs.twimg.com/images/themes/theme3/bg.gif", "screen_name": "thebookofdad", "lang": "en", "profile_background_tile": false, "favourites_count": 6, "name": "The Book of Dad", "notifications": false, "url": "http://t.co/z55sYdZGSq", "created_at": "Sat Dec 05 01:21:33 +0000 2009", "contributors_enabled": false, "time_zone": "Central Time (US & Canada)", "protected": false, "default_profile": false, "is_translator": false}, "geo": null, "in_reply_to_user_id_str": "15108530", "possibly_sensitive": false, "lang": "en", "created_at": "Fri Aug 15 13:28:21 +0000 2014", "in_reply_to_status_id_str": "500270780832174080", "place": null}
