{"contributors": null, "truncated": false, "text": "@ReutersUS @PeoplesReport FergusonMO Police Officer is Darren Wilson who shot&amp;killed #MikeBrown. Also a video too of Strong Armed robbery.", "in_reply_to_status_id": 500270780832174080, "id": 500282815796494337, "favorite_count": 0, "source": "<a href=\"http://twitter.com\" rel=\"nofollow\">Twitter Web Client</a>", "retweeted": false, "coordinates": null, "entities": {"symbols": [], "user_mentions": [{"id": 15108530, "indices": [0, 10], "id_str": "15108530", "screen_name": "ReutersUS", "name": "Reuters U.S. News"}, {"id": 1618331880, "indices": [11, 25], "id_str": "1618331880", "screen_name": "PeoplesReport", "name": "The Peoples Report"}], "hashtags": [{"indices": [89, 99], "text": "MikeBrown"}], "urls": []}, "in_reply_to_screen_name": "ReutersUS", "id_str": "500282815796494337", "retweet_count": 0, "in_reply_to_user_id": 15108530, "favorited": false, "user": {"follow_request_sent": false, "profile_use_background_image": true, "default_profile_image": true, "id": 1319684480, "profile_background_image_url_https": "https://abs.twimg.com/images/themes/theme1/bg.png", "verified": false, "profile_text_color": "333333", "profile_image_url_https": "https://abs.twimg.com/sticky/default_profile_images/default_profile_2_normal.png", "profile_sidebar_fill_color": "DDEEF6", "entities": {"description": {"urls": []}}, "followers_count": 329, "profile_sidebar_border_color": "C0DEED", "id_str": "1319684480", "profile_background_color": "C0DEED", "listed_count": 10, "is_translation_enabled": false, "utc_offset": -14400, "statuses_count": 42019, "description": "LoveMusic(MostALL)emphasisMOST Gr8food ItalianGreek,HilariousComics make U LOL:D TheFoo Fighters,Nirvana,TheBeatles,CCR,JohnFogerty,Tom Petty,Wavves,MaryJBlige+", "friends_count": 898, "location": "NYC Catch Me If You Can ! :D ", "profile_link_color": "0084B4", "profile_image_url": "http://abs.twimg.com/sticky/default_profile_images/default_profile_2_normal.png", "following": false, "geo_enabled": false, "profile_background_image_url": "http://abs.twimg.com/images/themes/theme1/bg.png", "screen_name": "LegalLENNON", "lang": "en", "profile_background_tile": false, "favourites_count": 9575, "name": "JLennon", "notifications": false, "url": null, "created_at": "Mon Apr 01 05:01:01 +0000 2013", "contributors_enabled": false, "time_zone": "Eastern Time (US & Canada)", "protected": false, "default_profile": true, "is_translator": false}, "geo": null, "in_reply_to_user_id_str": "15108530", "lang": "en", "created_at": "Fri Aug 15 14:08:12 +0000 2014", "in_reply_to_status_id_str": "500270780832174080", "place": null}
