{"contributors": null, "truncated": false, "text": "@ReutersUS @Reuters   All this because they are black people ,,who are in America second class", "in_reply_to_status_id": 500270780832174080, "id": 500274134094319618, "favorite_count": 0, "source": "<a href=\"http://twitter.com/#!/download/ipad\" rel=\"nofollow\">Twitter for iPad</a>", "retweeted": false, "coordinates": null, "entities": {"symbols": [], "user_mentions": [{"id": 15108530, "indices": [0, 10], "id_str": "15108530", "screen_name": "ReutersUS", "name": "Reuters U.S. News"}, {"id": 1652541, "indices": [11, 19], "id_str": "1652541", "screen_name": "Reuters", "name": "Reuters Top News"}], "hashtags": [], "urls": []}, "in_reply_to_screen_name": "ReutersUS", "id_str": "500274134094319618", "retweet_count": 0, "in_reply_to_user_id": 15108530, "favorited": false, "user": {"follow_request_sent": false, "profile_use_background_image": true, "default_profile_image": false, "id": 1483824186, "profile_background_image_url_https": "https://abs.twimg.com/images/themes/theme1/bg.png", "verified": false, "profile_text_color": "333333", "profile_image_url_https": "https://pbs.twimg.com/profile_images/3757074805/e1f80f0a2351e25b5367658bef150f43_normal.jpeg", "profile_sidebar_fill_color": "DDEEF6", "entities": {"description": {"urls": []}}, "followers_count": 39, "profile_sidebar_border_color": "C0DEED", "id_str": "1483824186", "profile_background_color": "C0DEED", "listed_count": 0, "is_translation_enabled": false, "utc_offset": null, "statuses_count": 724, "description": "", "friends_count": 121, "location": "", "profile_link_color": "0084B4", "profile_image_url": "http://pbs.twimg.com/profile_images/3757074805/e1f80f0a2351e25b5367658bef150f43_normal.jpeg", "following": false, "geo_enabled": false, "profile_banner_url": "https://pbs.twimg.com/profile_banners/1483824186/1409318158", "profile_background_image_url": "http://abs.twimg.com/images/themes/theme1/bg.png", "screen_name": "ali4all331", "lang": "ar", "profile_background_tile": false, "favourites_count": 9, "name": "ali hani", "notifications": false, "url": null, "created_at": "Wed Jun 05 02:29:37 +0000 2013", "contributors_enabled": false, "time_zone": null, "protected": false, "default_profile": true, "is_translator": false}, "geo": null, "in_reply_to_user_id_str": "15108530", "lang": "en", "created_at": "Fri Aug 15 13:33:42 +0000 2014", "in_reply_to_status_id_str": "500270780832174080", "place": null}
