{"contributors": null, "truncated": false, "text": "@ReutersUS http://t.co/KgeCZVWWLp", "in_reply_to_status_id": 500270780832174080, "id": 500279384075685888, "favorite_count": 0, "source": "<a href=\"http://twitter.com\" rel=\"nofollow\">Twitter Web Client</a>", "retweeted": false, "coordinates": null, "entities": {"symbols": [], "user_mentions": [{"id": 15108530, "indices": [0, 10], "id_str": "15108530", "screen_name": "ReutersUS", "name": "Reuters U.S. News"}], "hashtags": [], "urls": [], "media": [{"expanded_url": "http://twitter.com/kproductionel/status/500279384075685888/photo/1", "display_url": "pic.twitter.com/KgeCZVWWLp", "url": "http://t.co/KgeCZVWWLp", "media_url_https": "https://pbs.twimg.com/media/BvFZcuJCIAANCIT.jpg", "id_str": "500279383571963904", "sizes": {"small": {"h": 226, "resize": "fit", "w": 340}, "large": {"h": 306, "resize": "fit", "w": 459}, "medium": {"h": 306, "resize": "fit", "w": 459}, "thumb": {"h": 150, "resize": "crop", "w": 150}}, "indices": [11, 33], "type": "photo", "id": 500279383571963904, "media_url": "http://pbs.twimg.com/media/BvFZcuJCIAANCIT.jpg"}]}, "in_reply_to_screen_name": "ReutersUS", "id_str": "500279384075685888", "retweet_count": 0, "in_reply_to_user_id": 15108530, "favorited": false, "user": {"follow_request_sent": false, "profile_use_background_image": true, "default_profile_image": false, "id": 275331952, "profile_background_image_url_https": "https://abs.twimg.com/images/themes/theme4/bg.gif", "verified": false, "profile_text_color": "3C3940", "profile_image_url_https": "https://pbs.twimg.com/profile_images/1662654170/film_normal.jpg", "profile_sidebar_fill_color": "95E8EC", "entities": {"description": {"urls": []}}, "followers_count": 40, "profile_sidebar_border_color": "5ED4DC", "id_str": "275331952", "profile_background_color": "0099B9", "listed_count": 1, "is_translation_enabled": false, "utc_offset": -18000, "statuses_count": 897, "description": "make it happen", "friends_count": 61, "location": "", "profile_link_color": "0099B9", "profile_image_url": "http://pbs.twimg.com/profile_images/1662654170/film_normal.jpg", "following": false, "geo_enabled": false, "profile_background_image_url": "http://abs.twimg.com/images/themes/theme4/bg.gif", "screen_name": "kproductionel", "lang": "en", "profile_background_tile": false, "favourites_count": 2, "name": "kp", "notifications": false, "url": null, "created_at": "Fri Apr 01 02:25:48 +0000 2011", "contributors_enabled": false, "time_zone": "Quito", "protected": false, "default_profile": false, "is_translator": false}, "geo": null, "in_reply_to_user_id_str": "15108530", "possibly_sensitive": false, "lang": "und", "created_at": "Fri Aug 15 13:54:34 +0000 2014", "in_reply_to_status_id_str": "500270780832174080", "place": null, "extended_entities": {"media": [{"expanded_url": "http://twitter.com/kproductionel/status/500279384075685888/photo/1", "display_url": "pic.twitter.com/KgeCZVWWLp", "url": "http://t.co/KgeCZVWWLp", "media_url_https": "https://pbs.twimg.com/media/BvFZcuJCIAANCIT.jpg", "id_str": "500279383571963904", "sizes": {"small": {"h": 226, "resize": "fit", "w": 340}, "large": {"h": 306, "resize": "fit", "w": 459}, "medium": {"h": 306, "resize": "fit", "w": 459}, "thumb": {"h": 150, "resize": "crop", "w": 150}}, "indices": [11, 33], "type": "photo", "id": 500279383571963904, "media_url": "http://pbs.twimg.com/media/BvFZcuJCIAANCIT.jpg"}]}}
