{"contributors": null, "truncated": false, "text": "@ReutersUS  better than the crap sparking ice buy @VitaminFizz available now on amazon  http://t.co/syBQufr67s", "in_reply_to_status_id": 500270780832174080, "id": 500277729863159808, "favorite_count": 0, "source": "<a href=\"http://twitter.com/download/android\" rel=\"nofollow\">Twitter for Android</a>", "retweeted": false, "coordinates": null, "entities": {"symbols": [], "user_mentions": [{"id": 15108530, "indices": [0, 10], "id_str": "15108530", "screen_name": "ReutersUS", "name": "Reuters U.S. News"}, {"id": 2519254622, "indices": [50, 62], "id_str": "2519254622", "screen_name": "VitaminFizz", "name": "VitaminFIZZ\u00ae"}], "hashtags": [], "urls": [{"url": "http://t.co/syBQufr67s", "indices": [88, 110], "expanded_url": "http://www.amazon.com/gp/aw/d/B00MC41QGY?cache=8b73b808270640cd4ef7634735c59efb&pi=AC_SX110_SY165_QL70&qid=1408077741&sr=8-4#ref=mp_s_a_1_4", "display_url": "amazon.com/gp/aw/d/B00MC4\u2026"}]}, "in_reply_to_screen_name": "ReutersUS", "id_str": "500277729863159808", "retweet_count": 0, "in_reply_to_user_id": 15108530, "favorited": false, "user": {"follow_request_sent": false, "profile_use_background_image": true, "default_profile_image": false, "id": 2437651009, "profile_background_image_url_https": "https://abs.twimg.com/images/themes/theme1/bg.png", "verified": false, "profile_text_color": "333333", "profile_image_url_https": "https://pbs.twimg.com/profile_images/505530123719049216/RsohlvvX_normal.jpeg", "profile_sidebar_fill_color": "DDEEF6", "entities": {"description": {"urls": []}}, "followers_count": 174, "profile_sidebar_border_color": "C0DEED", "id_str": "2437651009", "profile_background_color": "C0DEED", "listed_count": 0, "is_translation_enabled": false, "utc_offset": null, "statuses_count": 2301, "description": "", "friends_count": 299, "location": "idaho", "profile_link_color": "0084B4", "profile_image_url": "http://pbs.twimg.com/profile_images/505530123719049216/RsohlvvX_normal.jpeg", "following": false, "geo_enabled": false, "profile_banner_url": "https://pbs.twimg.com/profile_banners/2437651009/1409458944", "profile_background_image_url": "http://abs.twimg.com/images/themes/theme1/bg.png", "screen_name": "subaruwrx13", "lang": "en", "profile_background_tile": false, "favourites_count": 1082, "name": "matt meyer", "notifications": false, "url": null, "created_at": "Thu Apr 10 23:31:28 +0000 2014", "contributors_enabled": false, "time_zone": null, "protected": false, "default_profile": true, "is_translator": false}, "geo": null, "in_reply_to_user_id_str": "15108530", "possibly_sensitive": false, "lang": "en", "created_at": "Fri Aug 15 13:48:00 +0000 2014", "in_reply_to_status_id_str": "500270780832174080", "place": null}
