{"contributors":null,"truncated":false,"text":"@ReutersUS @Reuters they don't have a choice under MO law","in_reply_to_status_id":500270780832174080,"id":500274739537924096,"favorite_count":0,"source":"<a href=\"http:\/\/twitter.com\/download\/iphone\" rel=\"nofollow\">Twitter for iPhone<\/a>","retweeted":false,"coordinates":null,"entities":{"symbols":[],"user_mentions":[{"id":15108530,"indices":[0,10],"id_str":"15108530","screen_name":"ReutersUS","name":"Reuters U.S. News"},{"id":1652541,"indices":[11,19],"id_str":"1652541","screen_name":"Reuters","name":"Reuters Top News"}],"hashtags":[],"urls":[]},"in_reply_to_screen_name":"ReutersUS","id_str":"500274739537924096","retweet_count":0,"in_reply_to_user_id":15108530,"favorited":false,"user":{"follow_request_sent":false,"profile_use_background_image":true,"default_profile_image":false,"id":65598570,"profile_background_image_url_https":"https:\/\/abs.twimg.com\/images\/themes\/theme14\/bg.gif","verified":false,"profile_text_color":"333333","profile_image_url_https":"https:\/\/pbs.twimg.com\/profile_images\/561278584975675393\/LJvDM3S9_normal.jpeg","profile_sidebar_fill_color":"EFEFEF","entities":{"description":{"urls":[]}},"followers_count":111,"profile_sidebar_border_color":"EEEEEE","id_str":"65598570","profile_background_color":"131516","listed_count":2,"is_translation_enabled":false,"utc_offset":-18000,"statuses_count":7301,"description":"I enjoy\r\nbuilding tuning and racing cars\r\ngraphic design for iPhones\/iPads\r\nand spending time with my sons","friends_count":145,"location":"USA","profile_link_color":"009999","profile_image_url":"http:\/\/pbs.twimg.com\/profile_images\/561278584975675393\/LJvDM3S9_normal.jpeg","following":false,"geo_enabled":false,"profile_banner_url":"https:\/\/pbs.twimg.com\/profile_banners\/65598570\/1349187689","profile_background_image_url":"http:\/\/abs.twimg.com\/images\/themes\/theme14\/bg.gif","screen_name":"Efi2nr","lang":"en","profile_background_tile":true,"favourites_count":21,"name":"Tony Laughlin","notifications":false,"url":null,"created_at":"Fri Aug 14 09:07:15 +0000 2009","contributors_enabled":false,"time_zone":"Central Time (US & Canada)","protected":false,"default_profile":false,"is_translator":false},"geo":null,"in_reply_to_user_id_str":"15108530","lang":"en","created_at":"Fri Aug 15 13:36:07 +0000 2014","in_reply_to_status_id_str":"500270780832174080","place":null}