{"contributors": null, "truncated": false, "text": "@ReutersUS More kissing blacks butt", "in_reply_to_status_id": 500270780832174080, "id": 500273321213456385, "favorite_count": 0, "source": "<a href=\"http://twitter.com/download/android\" rel=\"nofollow\">Twitter for Android</a>", "retweeted": false, "coordinates": null, "entities": {"symbols": [], "user_mentions": [{"id": 15108530, "indices": [0, 10], "id_str": "15108530", "screen_name": "ReutersUS", "name": "Reuters U.S. News"}], "hashtags": [], "urls": []}, "in_reply_to_screen_name": "ReutersUS", "id_str": "500273321213456385", "retweet_count": 0, "in_reply_to_user_id": 15108530, "favorited": false, "user": {"follow_request_sent": false, "profile_use_background_image": true, "default_profile_image": false, "id": 14557032, "profile_background_image_url_https": "https://pbs.twimg.com/profile_background_images/177834169/x2724c18ff282101bea85b8cf6b67a79.jpg", "verified": false, "profile_text_color": "895429", "profile_image_url_https": "https://pbs.twimg.com/profile_images/501438185218772992/7YLluueF_normal.jpeg", "profile_sidebar_fill_color": "0E0D02", "entities": {"description": {"urls": []}}, "followers_count": 866, "profile_sidebar_border_color": "BEDFB6", "id_str": "14557032", "profile_background_color": "0E0D02", "listed_count": 31, "is_translation_enabled": false, "utc_offset": -14400, "statuses_count": 29741, "description": "Watch Ghost Hunters,GHI,Destination Truth(DT),Paranormal Investigator in Michigan,NWS Spotter for Severe Weather", "friends_count": 1423, "location": "\u00dcT: 0.0,0.0", "profile_link_color": "39BD91", "profile_image_url": "http://pbs.twimg.com/profile_images/501438185218772992/7YLluueF_normal.jpeg", "following": false, "geo_enabled": true, "profile_background_image_url": "http://pbs.twimg.com/profile_background_images/177834169/x2724c18ff282101bea85b8cf6b67a79.jpg", "screen_name": "john070170", "lang": "en", "profile_background_tile": false, "favourites_count": 179, "name": "John Masters Jr.", "notifications": false, "url": null, "created_at": "Sun Apr 27 10:50:06 +0000 2008", "contributors_enabled": false, "time_zone": "Eastern Time (US & Canada)", "protected": false, "default_profile": false, "is_translator": false}, "geo": null, "in_reply_to_user_id_str": "15108530", "lang": "en", "created_at": "Fri Aug 15 13:30:29 +0000 2014", "in_reply_to_status_id_str": "500270780832174080", "place": null}
