{"contributors":null,"truncated":false,"text":"@ReutersUS that is a really stupid announcement by the Ferguson police","in_reply_to_status_id":500270780832174080,"id":500313330930966529,"favorite_count":0,"source":"<a href=\"http:\/\/twitter.com\/download\/android\" rel=\"nofollow\">Twitter for Android<\/a>","retweeted":false,"coordinates":null,"entities":{"symbols":[],"user_mentions":[{"id":15108530,"indices":[0,10],"id_str":"15108530","screen_name":"ReutersUS","name":"Reuters U.S. News"}],"hashtags":[],"urls":[]},"in_reply_to_screen_name":"ReutersUS","id_str":"500313330930966529","retweet_count":0,"in_reply_to_user_id":15108530,"favorited":false,"user":{"follow_request_sent":false,"profile_use_background_image":true,"default_profile_image":false,"id":2420706595,"profile_background_image_url_https":"https:\/\/abs.twimg.com\/images\/themes\/theme1\/bg.png","verified":false,"profile_text_color":"333333","profile_image_url_https":"https:\/\/pbs.twimg.com\/profile_images\/531282356640821249\/9HZidBRJ_normal.png","profile_sidebar_fill_color":"DDEEF6","entities":{"description":{"urls":[]}},"followers_count":224,"profile_sidebar_border_color":"C0DEED","id_str":"2420706595","profile_background_color":"C0DEED","listed_count":7,"is_translation_enabled":false,"utc_offset":null,"statuses_count":1870,"description":"Retired RN, BSN, love the United States of America, Texan, mother, grandmother,history buff","friends_count":317,"location":"Texas on the border","profile_link_color":"0084B4","profile_image_url":"http:\/\/pbs.twimg.com\/profile_images\/531282356640821249\/9HZidBRJ_normal.png","following":false,"geo_enabled":true,"profile_banner_url":"https:\/\/pbs.twimg.com\/profile_banners\/2420706595\/1408574280","profile_background_image_url":"http:\/\/abs.twimg.com\/images\/themes\/theme1\/bg.png","screen_name":"pwloveda","lang":"en","profile_background_tile":false,"favourites_count":1379,"name":"Betty Jo Bowden","notifications":false,"url":null,"created_at":"Mon Mar 31 15:26:29 +0000 2014","contributors_enabled":false,"time_zone":null,"protected":false,"default_profile":true,"is_translator":false},"geo":null,"in_reply_to_user_id_str":"15108530","lang":"en","created_at":"Fri Aug 15 16:09:28 +0000 2014","in_reply_to_status_id_str":"500270780832174080","place":null}