{"contributors":null,"truncated":false,"text":"If there is surveillance of a robbery why release stills and not the video itself? #Ferguson","in_reply_to_status_id":null,"id":500284699546517505,"favorite_count":60,"source":"<a href=\"http:\/\/twitter.com\/download\/iphone\" rel=\"nofollow\">Twitter for iPhone<\/a>","retweeted":false,"coordinates":null,"entities":{"symbols":[],"user_mentions":[],"hashtags":[{"indices":[83,92],"text":"Ferguson"}],"urls":[]},"in_reply_to_screen_name":null,"id_str":"500284699546517505","retweet_count":125,"in_reply_to_user_id":null,"favorited":false,"user":{"follow_request_sent":false,"profile_use_background_image":true,"default_profile_image":false,"id":325076723,"profile_background_image_url_https":"https:\/\/abs.twimg.com\/images\/themes\/theme14\/bg.gif","verified":false,"profile_text_color":"333333","profile_image_url_https":"https:\/\/pbs.twimg.com\/profile_images\/378800000179362439\/90f034432122f61df63e471932fdfc62_normal.jpeg","profile_sidebar_fill_color":"EFEFEF","entities":{"url":{"urls":[{"url":"http:\/\/t.co\/eC6kAS7KzW","indices":[0,22],"expanded_url":"http:\/\/www.black-culture.com","display_url":"black-culture.com"}]},"description":{"urls":[]}},"followers_count":15127,"profile_sidebar_border_color":"EEEEEE","id_str":"325076723","profile_background_color":"131516","listed_count":276,"is_translation_enabled":false,"utc_offset":-14400,"statuses_count":76524,"description":"All Black Everything. Teacher. Blogger. Activist. Brother. Son. Contact: zellie.imani@gmail.com","friends_count":1025,"location":"NJ","profile_link_color":"009999","profile_image_url":"http:\/\/pbs.twimg.com\/profile_images\/378800000179362439\/90f034432122f61df63e471932fdfc62_normal.jpeg","following":false,"geo_enabled":false,"profile_banner_url":"https:\/\/pbs.twimg.com\/profile_banners\/325076723\/1387896720","profile_background_image_url":"http:\/\/abs.twimg.com\/images\/themes\/theme14\/bg.gif","screen_name":"zellieimani","lang":"en","profile_background_tile":true,"favourites_count":1939,"name":"zellie","notifications":false,"url":"http:\/\/t.co\/eC6kAS7KzW","created_at":"Mon Jun 27 18:06:47 +0000 2011","contributors_enabled":false,"time_zone":"Eastern Time (US & Canada)","protected":false,"default_profile":false,"is_translator":false},"geo":null,"in_reply_to_user_id_str":null,"lang":"en","created_at":"Fri Aug 15 14:15:41 +0000 2014","in_reply_to_status_id_str":null,"place":null}