{"contributors": null, "truncated": false, "text": "@edeweysmith So they shot him 8 times because he was a \"suspect\"? Still doesn't make any sense.", "in_reply_to_status_id": 500279189405433858, "id": 500291697167712258, "favorite_count": 0, "source": "<a href=\"http://twitter.com/download/iphone\" rel=\"nofollow\">Twitter for iPhone</a>", "retweeted": false, "coordinates": null, "entities": {"symbols": [], "user_mentions": [{"id": 193395018, "indices": [0, 12], "id_str": "193395018", "screen_name": "edeweysmith", "name": "E. Dewey Smith"}], "hashtags": [], "urls": []}, "in_reply_to_screen_name": "edeweysmith", "id_str": "500291697167712258", "retweet_count": 0, "in_reply_to_user_id": 193395018, "favorited": false, "user": {"follow_request_sent": false, "profile_use_background_image": true, "default_profile_image": false, "id": 23726888, "profile_background_image_url_https": "https://abs.twimg.com/images/themes/theme1/bg.png", "verified": false, "profile_text_color": "333333", "profile_image_url_https": "https://pbs.twimg.com/profile_images/378800000652590899/81b02808eeaac0627650e66a4aa11bbe_normal.jpeg", "profile_sidebar_fill_color": "DDEEF6", "entities": {"url": {"urls": [{"url": "http://t.co/A5RvrxbmGW", "indices": [0, 22], "expanded_url": "http://jeremydavidteague.wordpress.com", "display_url": "jeremydavidteague.wordpress.com"}]}, "description": {"urls": []}}, "followers_count": 348, "profile_sidebar_border_color": "C0DEED", "id_str": "23726888", "profile_background_color": "C0DEED", "listed_count": 3, "is_translation_enabled": false, "utc_offset": -18000, "statuses_count": 6052, "description": "Follower of Jesus, Husband of Catherine, Father of Jackson, Minister of Music for Fellowship of Believers, Pearland.", "friends_count": 330, "location": "Houston, Texas", "profile_link_color": "0084B4", "profile_image_url": "http://pbs.twimg.com/profile_images/378800000652590899/81b02808eeaac0627650e66a4aa11bbe_normal.jpeg", "following": false, "geo_enabled": false, "profile_background_image_url": "http://abs.twimg.com/images/themes/theme1/bg.png", "screen_name": "JDavidTeague", "lang": "en", "profile_background_tile": false, "favourites_count": 659, "name": "Jeremy David Teague", "notifications": false, "url": "http://t.co/A5RvrxbmGW", "created_at": "Wed Mar 11 05:19:48 +0000 2009", "contributors_enabled": false, "time_zone": "Central Time (US & Canada)", "protected": false, "default_profile": true, "is_translator": false}, "geo": null, "in_reply_to_user_id_str": "193395018", "lang": "en", "created_at": "Fri Aug 15 14:43:30 +0000 2014", "in_reply_to_status_id_str": "500279189405433858", "place": null}
