{"contributors": null, "truncated": false, "text": "@edeweysmith Yeah...I caught that too. \"VERY SLICK\"  Seeing the framing of the lie starting now!", "in_reply_to_status_id": 500279189405433858, "id": 500280140560338944, "favorite_count": 0, "source": "<a href=\"http://twitter.com\" rel=\"nofollow\">Twitter Web Client</a>", "retweeted": false, "coordinates": null, "entities": {"symbols": [], "user_mentions": [{"id": 193395018, "indices": [0, 12], "id_str": "193395018", "screen_name": "edeweysmith", "name": "E. Dewey Smith"}], "hashtags": [], "urls": []}, "in_reply_to_screen_name": "edeweysmith", "id_str": "500280140560338944", "retweet_count": 0, "in_reply_to_user_id": 193395018, "favorited": false, "user": {"follow_request_sent": false, "profile_use_background_image": true, "default_profile_image": true, "id": 15916534, "profile_background_image_url_https": "https://abs.twimg.com/images/themes/theme1/bg.png", "verified": false, "profile_text_color": "333333", "profile_image_url_https": "https://abs.twimg.com/sticky/default_profile_images/default_profile_4_normal.png", "profile_sidebar_fill_color": "DDEEF6", "entities": {"description": {"urls": []}}, "followers_count": 17, "profile_sidebar_border_color": "C0DEED", "id_str": "15916534", "profile_background_color": "C0DEED", "listed_count": 0, "is_translation_enabled": false, "utc_offset": -14400, "statuses_count": 948, "description": "", "friends_count": 59, "location": "Virginia", "profile_link_color": "7A00B3", "profile_image_url": "http://abs.twimg.com/sticky/default_profile_images/default_profile_4_normal.png", "following": false, "geo_enabled": true, "profile_banner_url": "https://pbs.twimg.com/profile_banners/15916534/1401334428", "profile_background_image_url": "http://abs.twimg.com/images/themes/theme1/bg.png", "screen_name": "TstormVA", "lang": "en", "profile_background_tile": false, "favourites_count": 453, "name": "TstormVA", "notifications": false, "url": null, "created_at": "Wed Aug 20 12:05:47 +0000 2008", "contributors_enabled": false, "time_zone": "Eastern Time (US & Canada)", "protected": false, "default_profile": false, "is_translator": false}, "geo": null, "in_reply_to_user_id_str": "193395018", "lang": "en", "created_at": "Fri Aug 15 13:57:34 +0000 2014", "in_reply_to_status_id_str": "500279189405433858", "place": null}
