{"contributors":null,"truncated":false,"text":"@edeweysmith he just admitted on national TV that Michael Brown was racially profiled","in_reply_to_status_id":500279189405433858,"id":500279402635067393,"favorite_count":1,"source":"<a href=\"http:\/\/twitter.com\/download\/android\" rel=\"nofollow\">Twitter for Android<\/a>","retweeted":false,"coordinates":null,"entities":{"symbols":[],"user_mentions":[{"id":193395018,"indices":[0,12],"id_str":"193395018","screen_name":"edeweysmith","name":"E. Dewey Smith"}],"hashtags":[],"urls":[]},"in_reply_to_screen_name":"edeweysmith","id_str":"500279402635067393","retweet_count":1,"in_reply_to_user_id":193395018,"favorited":false,"user":{"follow_request_sent":false,"profile_use_background_image":true,"default_profile_image":false,"id":15326653,"profile_background_image_url_https":"https:\/\/abs.twimg.com\/images\/themes\/theme6\/bg.gif","verified":false,"profile_text_color":"333333","profile_image_url_https":"https:\/\/pbs.twimg.com\/profile_images\/564779640984580098\/1i-VwtEk_normal.jpeg","profile_sidebar_fill_color":"A0C5C7","entities":{"url":{"urls":[{"url":"http:\/\/t.co\/VTHqjC3d8S","indices":[0,22],"expanded_url":"http:\/\/www.lancemann.org","display_url":"lancemann.org"}]},"description":{"urls":[]}},"followers_count":1049,"profile_sidebar_border_color":"86A4A6","id_str":"15326653","profile_background_color":"709397","listed_count":16,"is_translation_enabled":false,"utc_offset":-14400,"statuses_count":11397,"description":"I am married to Penny; father of Tory, Tony, Marquis & Devante; Pastor of St. Luke Missionary Baptist Church, Crockett, TX; intense Lakers & Cowboys fan","friends_count":1979,"location":"Texas","profile_link_color":"FF3300","profile_image_url":"http:\/\/pbs.twimg.com\/profile_images\/564779640984580098\/1i-VwtEk_normal.jpeg","following":false,"geo_enabled":true,"profile_banner_url":"https:\/\/pbs.twimg.com\/profile_banners\/15326653\/1386137135","profile_background_image_url":"http:\/\/abs.twimg.com\/images\/themes\/theme6\/bg.gif","screen_name":"lancemann","lang":"en","profile_background_tile":false,"favourites_count":1447,"name":"Lance Mann","notifications":false,"url":"http:\/\/t.co\/VTHqjC3d8S","created_at":"Sat Jul 05 17:04:53 +0000 2008","contributors_enabled":false,"time_zone":"Eastern Time (US & Canada)","protected":false,"default_profile":false,"is_translator":false},"geo":null,"in_reply_to_user_id_str":"193395018","lang":"en","created_at":"Fri Aug 15 13:54:38 +0000 2014","in_reply_to_status_id_str":"500279189405433858","place":null}