{"contributors":null,"truncated":false,"text":"@edeweysmith he knew what he was doing. Smh!","in_reply_to_status_id":500279189405433858,"id":500279473187860480,"favorite_count":0,"source":"<a href=\"http:\/\/tapbots.com\/tweetbot\" rel=\"nofollow\">Tweetbot for i\u039fS<\/a>","retweeted":false,"coordinates":null,"entities":{"symbols":[],"user_mentions":[{"id":193395018,"indices":[0,12],"id_str":"193395018","screen_name":"edeweysmith","name":"E. Dewey Smith"}],"hashtags":[],"urls":[]},"in_reply_to_screen_name":"edeweysmith","id_str":"500279473187860480","retweet_count":0,"in_reply_to_user_id":193395018,"favorited":false,"user":{"follow_request_sent":false,"profile_use_background_image":true,"default_profile_image":false,"id":23365521,"profile_background_image_url_https":"https:\/\/abs.twimg.com\/images\/themes\/theme9\/bg.gif","verified":false,"profile_text_color":"666666","profile_image_url_https":"https:\/\/pbs.twimg.com\/profile_images\/589260288588939264\/-jN0lP0E_normal.jpg","profile_sidebar_fill_color":"252429","entities":{"url":{"urls":[{"url":"http:\/\/t.co\/Sd3cxZKL9b","indices":[0,22],"expanded_url":"http:\/\/www.50ShadesOfJ.com","display_url":"50ShadesOfJ.com"}]},"description":{"urls":[]}},"followers_count":1111,"profile_sidebar_border_color":"181A1E","id_str":"23365521","profile_background_color":"1A1B1F","listed_count":11,"is_translation_enabled":false,"utc_offset":-14400,"statuses_count":79082,"description":"Child of God, father of @KingShad_, mentor, son, brother, friend, FAMU grad. Loving life and excited for my future. Exquisite connoisseur of Apple products.","friends_count":709,"location":"30.12808,-81.523768","profile_link_color":"2FC2EF","profile_image_url":"http:\/\/pbs.twimg.com\/profile_images\/589260288588939264\/-jN0lP0E_normal.jpg","following":false,"geo_enabled":true,"profile_banner_url":"https:\/\/pbs.twimg.com\/profile_banners\/23365521\/1351461844","profile_background_image_url":"http:\/\/abs.twimg.com\/images\/themes\/theme9\/bg.gif","screen_name":"jmccray","lang":"en","profile_background_tile":false,"favourites_count":297,"name":"Jason McCray","notifications":false,"url":"http:\/\/t.co\/Sd3cxZKL9b","created_at":"Sun Mar 08 22:44:25 +0000 2009","contributors_enabled":false,"time_zone":"Eastern Time (US & Canada)","protected":false,"default_profile":false,"is_translator":false},"geo":null,"in_reply_to_user_id_str":"193395018","lang":"en","created_at":"Fri Aug 15 13:54:55 +0000 2014","in_reply_to_status_id_str":"500279189405433858","place":null}