{"contributors":null,"truncated":false,"text":"@edeweysmith of course because they want to try and make black people look as bad as possible and worth them killing.","in_reply_to_status_id":500279189405433858,"id":500286793632071681,"favorite_count":0,"source":"<a href=\"http:\/\/twitter.com\/download\/android\" rel=\"nofollow\">Twitter for Android<\/a>","retweeted":false,"coordinates":null,"entities":{"symbols":[],"user_mentions":[{"id":193395018,"indices":[0,12],"id_str":"193395018","screen_name":"edeweysmith","name":"E. Dewey Smith"}],"hashtags":[],"urls":[]},"in_reply_to_screen_name":"edeweysmith","id_str":"500286793632071681","retweet_count":0,"in_reply_to_user_id":193395018,"favorited":false,"user":{"follow_request_sent":false,"profile_use_background_image":true,"default_profile_image":false,"id":295824399,"profile_background_image_url_https":"https:\/\/pbs.twimg.com\/profile_background_images\/378800000021350475\/39b8b11431b4f53a59710ba96aa02f13.png","verified":false,"profile_text_color":"28B00C","profile_image_url_https":"https:\/\/pbs.twimg.com\/profile_images\/575658193088483328\/srJFbGBY_normal.jpeg","profile_sidebar_fill_color":"78C0A8","entities":{"description":{"urls":[]}},"followers_count":193,"profile_sidebar_border_color":"FFFFFF","id_str":"295824399","profile_background_color":"EB2CDE","listed_count":1,"is_translation_enabled":false,"utc_offset":-18000,"statuses_count":11949,"description":"Show respect to people who don\u2019t even deserve it. Not as a reflection of their character, but as a reflection of yours.","friends_count":361,"location":"","profile_link_color":"5D078F","profile_image_url":"http:\/\/pbs.twimg.com\/profile_images\/575658193088483328\/srJFbGBY_normal.jpeg","following":false,"geo_enabled":false,"profile_banner_url":"https:\/\/pbs.twimg.com\/profile_banners\/295824399\/1408804075","profile_background_image_url":"http:\/\/pbs.twimg.com\/profile_background_images\/378800000021350475\/39b8b11431b4f53a59710ba96aa02f13.png","screen_name":"Tslifeisblessed","lang":"en","profile_background_tile":true,"favourites_count":282,"name":"Therease","notifications":false,"url":null,"created_at":"Mon May 09 18:35:28 +0000 2011","contributors_enabled":false,"time_zone":"Central Time (US & Canada)","protected":false,"default_profile":false,"is_translator":false},"geo":null,"in_reply_to_user_id_str":"193395018","lang":"en","created_at":"Fri Aug 15 14:24:01 +0000 2014","in_reply_to_status_id_str":"500279189405433858","place":null}