{"contributors": null, "truncated": false, "text": "@edeweysmith VERY SLICK PASTOR!", "in_reply_to_status_id": 500279189405433858, "id": 500281136816594944, "favorite_count": 0, "source": "<a href=\"http://twitter.com/download/iphone\" rel=\"nofollow\">Twitter for iPhone</a>", "retweeted": false, "coordinates": null, "entities": {"symbols": [], "user_mentions": [{"id": 193395018, "indices": [0, 12], "id_str": "193395018", "screen_name": "edeweysmith", "name": "E. Dewey Smith"}], "hashtags": [], "urls": []}, "in_reply_to_screen_name": "edeweysmith", "id_str": "500281136816594944", "retweet_count": 0, "in_reply_to_user_id": 193395018, "favorited": false, "user": {"follow_request_sent": false, "profile_use_background_image": true, "default_profile_image": false, "id": 216199629, "profile_background_image_url_https": "https://abs.twimg.com/images/themes/theme1/bg.png", "verified": false, "profile_text_color": "333333", "profile_image_url_https": "https://pbs.twimg.com/profile_images/471865357515231233/go1vhFQw_normal.jpeg", "profile_sidebar_fill_color": "DDEEF6", "entities": {"url": {"urls": [{"url": "http://t.co/ra6amJ8vUR", "indices": [0, 22], "expanded_url": "http://www.thepkcministry.com", "display_url": "thepkcministry.com"}]}, "description": {"urls": []}}, "followers_count": 664, "profile_sidebar_border_color": "C0DEED", "id_str": "216199629", "profile_background_color": "C0DEED", "listed_count": 12, "is_translation_enabled": false, "utc_offset": -14400, "statuses_count": 17324, "description": "CEO & Lead Insight-er of Victorious Insight @victoriousnsite and Founder of the The Pastor Kids Coalition @pastorkidsradio", "friends_count": 667, "location": "Miami ", "profile_link_color": "003CB3", "profile_image_url": "http://pbs.twimg.com/profile_images/471865357515231233/go1vhFQw_normal.jpeg", "following": false, "geo_enabled": false, "profile_banner_url": "https://pbs.twimg.com/profile_banners/216199629/1367106387", "profile_background_image_url": "http://abs.twimg.com/images/themes/theme1/bg.png", "screen_name": "victoriatcurry", "lang": "en", "profile_background_tile": false, "favourites_count": 42, "name": "Victoria Curry ", "notifications": false, "url": "http://t.co/ra6amJ8vUR", "created_at": "Tue Nov 16 01:24:02 +0000 2010", "contributors_enabled": false, "time_zone": "Eastern Time (US & Canada)", "protected": false, "default_profile": false, "is_translator": false}, "geo": null, "in_reply_to_user_id_str": "193395018", "lang": "en", "created_at": "Fri Aug 15 14:01:32 +0000 2014", "in_reply_to_status_id_str": "500279189405433858", "place": null}
