{"contributors": null, "truncated": false, "text": "@edeweysmith Chief should go to Hollywood &amp; write suspense thrillers! #Ferguson #MikeBrown", "in_reply_to_status_id": 500279189405433858, "id": 500280663065772032, "favorite_count": 0, "source": "<a href=\"http://twitter.com\" rel=\"nofollow\">Twitter Web Client</a>", "retweeted": false, "coordinates": null, "entities": {"symbols": [], "user_mentions": [{"id": 193395018, "indices": [0, 12], "id_str": "193395018", "screen_name": "edeweysmith", "name": "E. Dewey Smith"}], "hashtags": [{"indices": [74, 83], "text": "Ferguson"}, {"indices": [84, 94], "text": "MikeBrown"}], "urls": []}, "in_reply_to_screen_name": "edeweysmith", "id_str": "500280663065772032", "retweet_count": 0, "in_reply_to_user_id": 193395018, "favorited": false, "user": {"follow_request_sent": false, "profile_use_background_image": true, "default_profile_image": false, "id": 331557233, "profile_background_image_url_https": "https://abs.twimg.com/images/themes/theme10/bg.gif", "verified": false, "profile_text_color": "3D1957", "profile_image_url_https": "https://pbs.twimg.com/profile_images/455515997609291776/hltr2jKT_normal.jpeg", "profile_sidebar_fill_color": "7AC3EE", "entities": {"description": {"urls": []}}, "followers_count": 897, "profile_sidebar_border_color": "FFFFFF", "id_str": "331557233", "profile_background_color": "642D8B", "listed_count": 21, "is_translation_enabled": false, "utc_offset": -10800, "statuses_count": 11287, "description": "ACTION CHANGES THINGS!  COMMUNITY ADVOCATE/ACTIVIST  CAN'T BE DONE ISN'T IN MY VOCAB! I SAY WHAT OTHERS ARE THINKING, DON'T LIKE MY TWEETS, DON'T READ!  MBA", "friends_count": 1919, "location": "", "profile_link_color": "FF0000", "profile_image_url": "http://pbs.twimg.com/profile_images/455515997609291776/hltr2jKT_normal.jpeg", "following": false, "geo_enabled": true, "profile_background_image_url": "http://abs.twimg.com/images/themes/theme10/bg.gif", "screen_name": "HyltonHylton123", "lang": "en", "profile_background_tile": true, "favourites_count": 2619, "name": "HyltonHylton", "notifications": false, "url": null, "created_at": "Fri Jul 08 10:50:21 +0000 2011", "contributors_enabled": false, "time_zone": "Atlantic Time (Canada)", "protected": false, "default_profile": false, "is_translator": false}, "geo": null, "in_reply_to_user_id_str": "193395018", "lang": "en", "created_at": "Fri Aug 15 13:59:39 +0000 2014", "in_reply_to_status_id_str": "500279189405433858", "place": null}
