{"contributors": null, "truncated": false, "text": "@edeweysmith We need b careful of jumping 2 conclusions. Waiting to see this videotape.", "in_reply_to_status_id": 500279189405433858, "id": 500280396010229760, "favorite_count": 0, "source": "<a href=\"http://twitter.com/#!/download/ipad\" rel=\"nofollow\">Twitter for iPad</a>", "retweeted": false, "coordinates": null, "entities": {"symbols": [], "user_mentions": [{"id": 193395018, "indices": [0, 12], "id_str": "193395018", "screen_name": "edeweysmith", "name": "E. Dewey Smith"}], "hashtags": [], "urls": []}, "in_reply_to_screen_name": "edeweysmith", "id_str": "500280396010229760", "retweet_count": 0, "in_reply_to_user_id": 193395018, "favorited": false, "user": {"follow_request_sent": false, "profile_use_background_image": true, "default_profile_image": false, "id": 1009448575, "profile_background_image_url_https": "https://abs.twimg.com/images/themes/theme8/bg.gif", "verified": false, "profile_text_color": "333333", "profile_image_url_https": "https://pbs.twimg.com/profile_images/482672775065108480/vOGdPemy_normal.jpeg", "profile_sidebar_fill_color": "EADEAA", "entities": {"url": {"urls": [{"url": "http://t.co/iJA54uVpz9", "indices": [0, 22], "expanded_url": "http://www.Freedomforlivingministries.com", "display_url": "Freedomforlivingministries.com"}]}, "description": {"urls": []}}, "followers_count": 366, "profile_sidebar_border_color": "000000", "id_str": "1009448575", "profile_background_color": "8B542B", "listed_count": 2, "is_translation_enabled": false, "utc_offset": null, "statuses_count": 921, "description": "Associate Minister under the Mentorship of Overseer Troy Blackwell. Ministering by the Spirit!", "friends_count": 967, "location": "Ruffin, NC", "profile_link_color": "9D582E", "profile_image_url": "http://pbs.twimg.com/profile_images/482672775065108480/vOGdPemy_normal.jpeg", "following": false, "geo_enabled": true, "profile_banner_url": "https://pbs.twimg.com/profile_banners/1009448575/1406721479", "profile_background_image_url": "http://abs.twimg.com/images/themes/theme8/bg.gif", "screen_name": "mcannonoliver", "lang": "en", "profile_background_tile": true, "favourites_count": 1302, "name": "Monica Oliver", "notifications": false, "url": "http://t.co/iJA54uVpz9", "created_at": "Thu Dec 13 18:30:25 +0000 2012", "contributors_enabled": false, "time_zone": null, "protected": false, "default_profile": false, "is_translator": false}, "geo": null, "in_reply_to_user_id_str": "193395018", "lang": "en", "created_at": "Fri Aug 15 13:58:35 +0000 2014", "in_reply_to_status_id_str": "500279189405433858", "place": null}
