{"contributors": null, "truncated": false, "text": "@edeweysmith I thought Mike Brown was \"struggling\" for the cops gun? Total lies by police chief", "in_reply_to_status_id": 500279189405433858, "id": 500279528225120256, "favorite_count": 1, "source": "<a href=\"http://twitter.com/download/android\" rel=\"nofollow\">Twitter for Android</a>", "retweeted": false, "coordinates": null, "entities": {"symbols": [], "user_mentions": [{"id": 193395018, "indices": [0, 12], "id_str": "193395018", "screen_name": "edeweysmith", "name": "E. Dewey Smith"}], "hashtags": [], "urls": []}, "in_reply_to_screen_name": "edeweysmith", "id_str": "500279528225120256", "retweet_count": 1, "in_reply_to_user_id": 193395018, "favorited": false, "user": {"follow_request_sent": false, "profile_use_background_image": true, "default_profile_image": false, "id": 375814969, "profile_background_image_url_https": "https://abs.twimg.com/images/themes/theme14/bg.gif", "verified": false, "profile_text_color": "333333", "profile_image_url_https": "https://pbs.twimg.com/profile_images/509669573927256064/5YXVfnDJ_normal.jpeg", "profile_sidebar_fill_color": "EFEFEF", "entities": {"description": {"urls": []}}, "followers_count": 255, "profile_sidebar_border_color": "EEEEEE", "id_str": "375814969", "profile_background_color": "131516", "listed_count": 1, "is_translation_enabled": false, "utc_offset": -18000, "statuses_count": 13383, "description": "Sports&political pundit who knows Twitter is all about entertainment and not real life. Wont boast&brag unless asked.", "friends_count": 408, "location": "Houston", "profile_link_color": "009999", "profile_image_url": "http://pbs.twimg.com/profile_images/509669573927256064/5YXVfnDJ_normal.jpeg", "following": false, "geo_enabled": false, "profile_background_image_url": "http://abs.twimg.com/images/themes/theme14/bg.gif", "screen_name": "v2the4", "lang": "en", "profile_background_tile": true, "favourites_count": 119, "name": "v2the4", "notifications": false, "url": null, "created_at": "Sun Sep 18 19:47:42 +0000 2011", "contributors_enabled": false, "time_zone": "Central Time (US & Canada)", "protected": false, "default_profile": false, "is_translator": false}, "geo": null, "in_reply_to_user_id_str": "193395018", "lang": "en", "created_at": "Fri Aug 15 13:55:08 +0000 2014", "in_reply_to_status_id_str": "500279189405433858", "place": null}
