{"contributors":null,"truncated":false,"text":"@lancemann @edeweysmith he was racially profiled because he fit the description of a strong arm robber?","in_reply_to_status_id":500279402635067393,"id":500280380910751745,"favorite_count":0,"source":"<a href=\"http:\/\/twitter.com\/#!\/download\/ipad\" rel=\"nofollow\">Twitter for iPad<\/a>","retweeted":false,"coordinates":null,"entities":{"symbols":[],"user_mentions":[{"id":15326653,"indices":[0,10],"id_str":"15326653","screen_name":"lancemann","name":"Lance Mann"},{"id":193395018,"indices":[11,23],"id_str":"193395018","screen_name":"edeweysmith","name":"E. Dewey Smith"}],"hashtags":[],"urls":[]},"in_reply_to_screen_name":"lancemann","id_str":"500280380910751745","retweet_count":0,"in_reply_to_user_id":15326653,"favorited":false,"user":{"follow_request_sent":false,"profile_use_background_image":true,"default_profile_image":false,"id":35406114,"profile_background_image_url_https":"https:\/\/abs.twimg.com\/images\/themes\/theme1\/bg.png","verified":false,"profile_text_color":"333333","profile_image_url_https":"https:\/\/pbs.twimg.com\/profile_images\/557736557395054593\/xPmTSqK4_normal.jpeg","profile_sidebar_fill_color":"DDEEF6","entities":{"description":{"urls":[]}},"followers_count":1109,"profile_sidebar_border_color":"C0DEED","id_str":"35406114","profile_background_color":"C0DEED","listed_count":32,"is_translation_enabled":false,"utc_offset":-25200,"statuses_count":8454,"description":"Blow ISIS all to hell.\n\nGOD BLESS THE U.S.A!!!","friends_count":655,"location":"","profile_link_color":"0084B4","profile_image_url":"http:\/\/pbs.twimg.com\/profile_images\/557736557395054593\/xPmTSqK4_normal.jpeg","following":false,"geo_enabled":false,"profile_banner_url":"https:\/\/pbs.twimg.com\/profile_banners\/35406114\/1360300888","profile_background_image_url":"http:\/\/abs.twimg.com\/images\/themes\/theme1\/bg.png","screen_name":"tcotonleftcoast","lang":"en","profile_background_tile":false,"favourites_count":4385,"name":"California Crazy!","notifications":false,"url":null,"created_at":"Sun Apr 26 04:51:27 +0000 2009","contributors_enabled":false,"time_zone":"Pacific Time (US & Canada)","protected":false,"default_profile":true,"is_translator":false},"geo":null,"in_reply_to_user_id_str":"15326653","lang":"en","created_at":"Fri Aug 15 13:58:32 +0000 2014","in_reply_to_status_id_str":"500279402635067393","place":null}