{"contributors":null,"truncated":false,"text":"@edeweysmith CRAZY","in_reply_to_status_id":500279189405433858,"id":500279483732361216,"favorite_count":0,"source":"<a href=\"http:\/\/twitter.com\/download\/iphone\" rel=\"nofollow\">Twitter for iPhone<\/a>","retweeted":false,"coordinates":null,"entities":{"symbols":[],"user_mentions":[{"id":193395018,"indices":[0,12],"id_str":"193395018","screen_name":"edeweysmith","name":"E. Dewey Smith"}],"hashtags":[],"urls":[]},"in_reply_to_screen_name":"edeweysmith","id_str":"500279483732361216","retweet_count":1,"in_reply_to_user_id":193395018,"favorited":false,"user":{"follow_request_sent":false,"profile_use_background_image":true,"default_profile_image":false,"id":72051169,"profile_background_image_url_https":"https:\/\/pbs.twimg.com\/profile_background_images\/197902187\/3037_1052065822613_1254803439_149098_6187726_s-1.jpg","verified":false,"profile_text_color":"1F191F","profile_image_url_https":"https:\/\/pbs.twimg.com\/profile_images\/521006583015559168\/0Vr0ZwtI_normal.jpeg","profile_sidebar_fill_color":"EFEFEF","entities":{"url":{"urls":[{"url":"http:\/\/t.co\/bTBaS0sIfD","indices":[0,22],"expanded_url":"http:\/\/Cory-Henry.com","display_url":"Cory-Henry.com"}]},"description":{"urls":[]}},"followers_count":12356,"profile_sidebar_border_color":"EEEEEE","id_str":"72051169","profile_background_color":"6250A1","listed_count":66,"is_translation_enabled":false,"utc_offset":-18000,"statuses_count":58903,"description":"Grammy award Winner!!!! \nFor booking reach me at coryahenry@aol.com","friends_count":1643,"location":"","profile_link_color":"009999","profile_image_url":"http:\/\/pbs.twimg.com\/profile_images\/521006583015559168\/0Vr0ZwtI_normal.jpeg","following":false,"geo_enabled":false,"profile_banner_url":"https:\/\/pbs.twimg.com\/profile_banners\/72051169\/1391188701","profile_background_image_url":"http:\/\/pbs.twimg.com\/profile_background_images\/197902187\/3037_1052065822613_1254803439_149098_6187726_s-1.jpg","screen_name":"Cory_Henry","lang":"en","profile_background_tile":true,"favourites_count":1200,"name":"Cory Henry ","notifications":false,"url":"http:\/\/t.co\/bTBaS0sIfD","created_at":"Sun Sep 06 15:01:45 +0000 2009","contributors_enabled":false,"time_zone":"Quito","protected":false,"default_profile":false,"is_translator":false},"geo":null,"in_reply_to_user_id_str":"193395018","lang":"en","created_at":"Fri Aug 15 13:54:58 +0000 2014","in_reply_to_status_id_str":"500279189405433858","place":null}