{"contributors":null,"truncated":false,"text":"@edeweysmith key word: create...if that were true, that could've been released Sunday...smh","in_reply_to_status_id":500279189405433858,"id":500279655925293058,"favorite_count":0,"source":"<a href=\"http:\/\/twitter.com\/download\/iphone\" rel=\"nofollow\">Twitter for iPhone<\/a>","retweeted":false,"coordinates":null,"entities":{"symbols":[],"user_mentions":[{"id":193395018,"indices":[0,12],"id_str":"193395018","screen_name":"edeweysmith","name":"E. Dewey Smith"}],"hashtags":[],"urls":[]},"in_reply_to_screen_name":"edeweysmith","id_str":"500279655925293058","retweet_count":0,"in_reply_to_user_id":193395018,"favorited":false,"user":{"follow_request_sent":false,"profile_use_background_image":true,"default_profile_image":false,"id":19773091,"profile_background_image_url_https":"https:\/\/abs.twimg.com\/images\/themes\/theme8\/bg.gif","verified":false,"profile_text_color":"333333","profile_image_url_https":"https:\/\/pbs.twimg.com\/profile_images\/559706777407983616\/cIhKiUal_normal.jpeg","profile_sidebar_fill_color":"EADEAA","entities":{"description":{"urls":[]}},"followers_count":840,"profile_sidebar_border_color":"D9B17E","id_str":"19773091","profile_background_color":"8B542B","listed_count":9,"is_translation_enabled":false,"utc_offset":-18000,"statuses_count":10504,"description":"Believer, Faith-full, Actress\/Chameleon, mentor of many, mommy of four, wife of one, entrepreneur, world changer, truth seeker, love bringer! #NOLA\/Cleveland","friends_count":1845,"location":"Worldwide by way of #NOLA","profile_link_color":"9D582E","profile_image_url":"http:\/\/pbs.twimg.com\/profile_images\/559706777407983616\/cIhKiUal_normal.jpeg","following":false,"geo_enabled":true,"profile_banner_url":"https:\/\/pbs.twimg.com\/profile_banners\/19773091\/1384309335","profile_background_image_url":"http:\/\/abs.twimg.com\/images\/themes\/theme8\/bg.gif","screen_name":"NDGloEdutainmnt","lang":"en","profile_background_tile":false,"favourites_count":1705,"name":"Nina Domingue Glover","notifications":false,"url":null,"created_at":"Fri Jan 30 15:56:49 +0000 2009","contributors_enabled":false,"time_zone":"Quito","protected":false,"default_profile":false,"is_translator":false},"geo":null,"in_reply_to_user_id_str":"193395018","lang":"en","created_at":"Fri Aug 15 13:55:39 +0000 2014","in_reply_to_status_id_str":"500279189405433858","place":null}