{"contributors":null,"truncated":false,"text":"That was very \"SLICK\" of the Police Chief to create a narrative that #MikeBrown was a \"suspect\" in a robbery!  #Ferguson","in_reply_to_status_id":null,"id":500279189405433858,"favorite_count":58,"source":"<a href=\"http:\/\/twitter.com\/download\/iphone\" rel=\"nofollow\">Twitter for iPhone<\/a>","retweeted":false,"coordinates":null,"entities":{"symbols":[],"user_mentions":[],"hashtags":[{"indices":[69,79],"text":"MikeBrown"},{"indices":[111,120],"text":"Ferguson"}],"urls":[]},"in_reply_to_screen_name":null,"id_str":"500279189405433858","retweet_count":109,"in_reply_to_user_id":null,"favorited":false,"user":{"follow_request_sent":false,"profile_use_background_image":true,"default_profile_image":false,"id":193395018,"profile_background_image_url_https":"https:\/\/pbs.twimg.com\/profile_background_images\/378800000050745439\/2b0f0ce176ab3a90e68f25cb8229d66e.jpeg","verified":false,"profile_text_color":"333333","profile_image_url_https":"https:\/\/pbs.twimg.com\/profile_images\/442991907338457088\/kfIMOsr7_normal.jpeg","profile_sidebar_fill_color":"DDEEF6","entities":{"description":{"urls":[{"url":"http:\/\/t.co\/tNxFNcUNrF","indices":[79,101],"expanded_url":"http:\/\/edeweysmith.org","display_url":"edeweysmith.org"}]}},"followers_count":58301,"profile_sidebar_border_color":"FFFFFF","id_str":"193395018","profile_background_color":"C0DEED","listed_count":314,"is_translation_enabled":false,"utc_offset":null,"statuses_count":55026,"description":"Official Twitter for Dr. E. Dewey Smith, Jr. Pastor-The House of Hope Atlanta. http:\/\/t.co\/tNxFNcUNrF","friends_count":4177,"location":"","profile_link_color":"0084B4","profile_image_url":"http:\/\/pbs.twimg.com\/profile_images\/442991907338457088\/kfIMOsr7_normal.jpeg","following":false,"geo_enabled":false,"profile_background_image_url":"http:\/\/pbs.twimg.com\/profile_background_images\/378800000050745439\/2b0f0ce176ab3a90e68f25cb8229d66e.jpeg","screen_name":"edeweysmith","lang":"en","profile_background_tile":false,"favourites_count":8178,"name":"E. Dewey Smith","notifications":false,"url":null,"created_at":"Tue Sep 21 18:24:17 +0000 2010","contributors_enabled":false,"time_zone":null,"protected":false,"default_profile":false,"is_translator":false},"geo":null,"in_reply_to_user_id_str":null,"lang":"en","created_at":"Fri Aug 15 13:53:48 +0000 2014","in_reply_to_status_id_str":null,"place":null}