{"contributors": null, "truncated": false, "text": "@clydetheslyde Thanks 4 going where many of us don't care to wonder \u270c\ufe0f. No surprises, but really no articles \"he ran at my car really fast.\"", "in_reply_to_status_id": 499368931367608320, "id": 499371743773863936, "favorite_count": 0, "source": "<a href=\"http://twitter.com/download/iphone\" rel=\"nofollow\">Twitter for iPhone</a>", "retweeted": false, "coordinates": null, "entities": {"symbols": [], "user_mentions": [{"id": 17072206, "indices": [0, 14], "id_str": "17072206", "screen_name": "clydetheslyde", "name": "clydetheslyde"}], "hashtags": [], "urls": []}, "in_reply_to_screen_name": "clydetheslyde", "id_str": "499371743773863936", "retweet_count": 0, "in_reply_to_user_id": 17072206, "favorited": false, "user": {"follow_request_sent": false, "profile_use_background_image": true, "default_profile_image": false, "id": 513774875, "profile_background_image_url_https": "https://abs.twimg.com/images/themes/theme1/bg.png", "verified": false, "profile_text_color": "333333", "profile_image_url_https": "https://pbs.twimg.com/profile_images/484106597640048640/TP64Nsny_normal.jpeg", "profile_sidebar_fill_color": "DDEEF6", "entities": {"url": {"urls": [{"url": "http://t.co/5rdMrXkebS", "indices": [0, 22], "expanded_url": "http://www.michellewarrenlaw.com", "display_url": "michellewarrenlaw.com"}]}, "description": {"urls": []}}, "followers_count": 2709, "profile_sidebar_border_color": "C0DEED", "id_str": "513774875", "profile_background_color": "C0DEED", "listed_count": 63, "is_translation_enabled": false, "utc_offset": -25200, "statuses_count": 220363, "description": "CuriousEsq./I abhor the obvious. Tweet 4me-Leftie-hand&views/NoRWNorSpam/Cheyenne River Sioux&Chippewa/\u2764#44PBO.MNraised\u2764music&laughing#Vote2014", "friends_count": 2821, "location": "Taos,NM", "profile_link_color": "0084B4", "profile_image_url": "http://pbs.twimg.com/profile_images/484106597640048640/TP64Nsny_normal.jpeg", "following": false, "geo_enabled": true, "profile_banner_url": "https://pbs.twimg.com/profile_banners/513774875/1404255306", "profile_background_image_url": "http://abs.twimg.com/images/themes/theme1/bg.png", "screen_name": "mmwlawtaos", "lang": "en", "profile_background_tile": false, "favourites_count": 6365, "name": "Michelle", "notifications": false, "url": "http://t.co/5rdMrXkebS", "created_at": "Sun Mar 04 00:41:56 +0000 2012", "contributors_enabled": false, "time_zone": "Arizona", "protected": false, "default_profile": true, "is_translator": false}, "geo": null, "in_reply_to_user_id_str": "17072206", "lang": "en", "created_at": "Wed Aug 13 01:47:56 +0000 2014", "in_reply_to_status_id_str": "499368931367608320", "place": null}
