{"contributors":null,"truncated":false,"text":"@clydetheslyde @GrooveSDC They don't want their hillbilly viewers to start thinking that the race war has finally started... yet. #FOXNEWS","in_reply_to_status_id":499368931367608320,"id":499385991292280832,"favorite_count":1,"source":"<a href=\"http:\/\/twitter.com\" rel=\"nofollow\">Twitter Web Client<\/a>","retweeted":false,"coordinates":null,"entities":{"symbols":[],"user_mentions":[{"id":17072206,"indices":[0,14],"id_str":"17072206","screen_name":"clydetheslyde","name":"clydetheslyde"},{"id":12004852,"indices":[15,25],"id_str":"12004852","screen_name":"GrooveSDC","name":"GrooveSDC"}],"hashtags":[{"indices":[130,138],"text":"FOXNEWS"}],"urls":[]},"in_reply_to_screen_name":"clydetheslyde","id_str":"499385991292280832","retweet_count":0,"in_reply_to_user_id":17072206,"favorited":false,"user":{"follow_request_sent":false,"profile_use_background_image":false,"default_profile_image":false,"id":318088667,"profile_background_image_url_https":"https:\/\/pbs.twimg.com\/profile_background_images\/731839522\/4ad6e746eeefb1b68460d40d8a7f103b.jpeg","verified":false,"profile_text_color":"333333","profile_image_url_https":"https:\/\/pbs.twimg.com\/profile_images\/554490143067762688\/NQMGJNiy_normal.jpeg","profile_sidebar_fill_color":"EFEFEF","entities":{"description":{"urls":[]}},"followers_count":959,"profile_sidebar_border_color":"000000","id_str":"318088667","profile_background_color":"000000","listed_count":11,"is_translation_enabled":false,"utc_offset":-14400,"statuses_count":11162,"description":"i'm a sample of a soul made to look just like a human being.","friends_count":1845,"location":"Cleveland, OH","profile_link_color":"BECC00","profile_image_url":"http:\/\/pbs.twimg.com\/profile_images\/554490143067762688\/NQMGJNiy_normal.jpeg","following":false,"geo_enabled":false,"profile_banner_url":"https:\/\/pbs.twimg.com\/profile_banners\/318088667\/1410816741","profile_background_image_url":"http:\/\/pbs.twimg.com\/profile_background_images\/731839522\/4ad6e746eeefb1b68460d40d8a7f103b.jpeg","screen_name":"mchen4now","lang":"en","profile_background_tile":false,"favourites_count":496,"name":"Michael ChenThompson","notifications":false,"url":null,"created_at":"Wed Jun 15 23:21:12 +0000 2011","contributors_enabled":false,"time_zone":"Eastern Time (US & Canada)","protected":false,"default_profile":false,"is_translator":false},"geo":null,"in_reply_to_user_id_str":"17072206","lang":"en","created_at":"Wed Aug 13 02:44:33 +0000 2014","in_reply_to_status_id_str":"499368931367608320","place":null}