{"contributors": null, "truncated": false, "text": "@clydetheslyde Na, it's too many black people for #FoxNews to care", "in_reply_to_status_id": 499368931367608320, "id": 499370418445508608, "favorite_count": 1, "source": "<a href=\"http://twitter.com\" rel=\"nofollow\">Twitter Web Client</a>", "retweeted": false, "coordinates": null, "entities": {"symbols": [], "user_mentions": [{"id": 17072206, "indices": [0, 14], "id_str": "17072206", "screen_name": "clydetheslyde", "name": "clydetheslyde"}], "hashtags": [{"indices": [50, 58], "text": "FoxNews"}], "urls": []}, "in_reply_to_screen_name": "clydetheslyde", "id_str": "499370418445508608", "retweet_count": 0, "in_reply_to_user_id": 17072206, "favorited": false, "user": {"follow_request_sent": false, "profile_use_background_image": true, "default_profile_image": false, "id": 1638532436, "profile_background_image_url_https": "https://abs.twimg.com/images/themes/theme1/bg.png", "verified": false, "profile_text_color": "333333", "profile_image_url_https": "https://pbs.twimg.com/profile_images/499271049200947200/-ObkCPjq_normal.jpeg", "profile_sidebar_fill_color": "DDEEF6", "entities": {"description": {"urls": []}}, "followers_count": 6, "profile_sidebar_border_color": "C0DEED", "id_str": "1638532436", "profile_background_color": "C0DEED", "listed_count": 0, "is_translation_enabled": false, "utc_offset": null, "statuses_count": 473, "description": "", "friends_count": 20, "location": "", "profile_link_color": "0084B4", "profile_image_url": "http://pbs.twimg.com/profile_images/499271049200947200/-ObkCPjq_normal.jpeg", "following": false, "geo_enabled": false, "profile_background_image_url": "http://abs.twimg.com/images/themes/theme1/bg.png", "screen_name": "TheRealZenof", "lang": "en", "profile_background_tile": false, "favourites_count": 33, "name": "Zenof", "notifications": false, "url": null, "created_at": "Thu Aug 01 18:04:18 +0000 2013", "contributors_enabled": false, "time_zone": null, "protected": false, "default_profile": true, "is_translator": false}, "geo": null, "in_reply_to_user_id_str": "17072206", "lang": "en", "created_at": "Wed Aug 13 01:42:40 +0000 2014", "in_reply_to_status_id_str": "499368931367608320", "place": null}
