{"contributors": null, "truncated": false, "text": "@clydetheslyde get some \"don't tread on me\" flags and fox will go", "in_reply_to_status_id": 499368931367608320, "id": 499369781846233088, "favorite_count": 2, "source": "<a href=\"http://twitter.com/download/iphone\" rel=\"nofollow\">Twitter for iPhone</a>", "retweeted": false, "coordinates": null, "entities": {"symbols": [], "user_mentions": [{"id": 17072206, "indices": [0, 14], "id_str": "17072206", "screen_name": "clydetheslyde", "name": "clydetheslyde"}], "hashtags": [], "urls": []}, "in_reply_to_screen_name": "clydetheslyde", "id_str": "499369781846233088", "retweet_count": 1, "in_reply_to_user_id": 17072206, "favorited": false, "user": {"follow_request_sent": false, "profile_use_background_image": true, "default_profile_image": false, "id": 27345589, "profile_background_image_url_https": "https://abs.twimg.com/images/themes/theme1/bg.png", "verified": false, "profile_text_color": "333333", "profile_image_url_https": "https://pbs.twimg.com/profile_images/445344923571597312/TivqcWzM_normal.jpeg", "profile_sidebar_fill_color": "DDEEF6", "entities": {"description": {"urls": []}}, "followers_count": 98, "profile_sidebar_border_color": "C0DEED", "id_str": "27345589", "profile_background_color": "C0DEED", "listed_count": 2, "is_translation_enabled": false, "utc_offset": null, "statuses_count": 3069, "description": "Hard core sports fan. self prolaimed know-it-all. CFB writer for @lastwordonsport. Husband. Tennis dad. Political junkie. Supporter of Sea Shepherd and WWF", "friends_count": 167, "location": "", "profile_link_color": "0084B4", "profile_image_url": "http://pbs.twimg.com/profile_images/445344923571597312/TivqcWzM_normal.jpeg", "following": false, "geo_enabled": false, "profile_background_image_url": "http://abs.twimg.com/images/themes/theme1/bg.png", "screen_name": "TonyBruin", "lang": "en", "profile_background_tile": false, "favourites_count": 873, "name": "Tony Siracusa", "notifications": false, "url": null, "created_at": "Sun Mar 29 00:42:57 +0000 2009", "contributors_enabled": false, "time_zone": null, "protected": false, "default_profile": true, "is_translator": false}, "geo": null, "in_reply_to_user_id_str": "17072206", "lang": "en", "created_at": "Wed Aug 13 01:40:08 +0000 2014", "in_reply_to_status_id_str": "499368931367608320", "place": null}
