{"contributors": null, "truncated": false, "text": "\u201c@clydetheslyde: Currently the #FoxNews website has zero/........as the three wise monkeys commented 'see no evil hear no evil speak no evil", "in_reply_to_status_id": 499368931367608320, "id": 499370209442942976, "favorite_count": 0, "source": "<a href=\"http://twitter.com/download/iphone\" rel=\"nofollow\">Twitter for iPhone</a>", "retweeted": false, "coordinates": {"type": "Point", "coordinates": [150.86696471, -34.4329704]}, "entities": {"symbols": [], "user_mentions": [{"id": 17072206, "indices": [1, 15], "id_str": "17072206", "screen_name": "clydetheslyde", "name": "clydetheslyde"}], "hashtags": [{"indices": [31, 39], "text": "FoxNews"}], "urls": []}, "in_reply_to_screen_name": "clydetheslyde", "id_str": "499370209442942976", "retweet_count": 1, "in_reply_to_user_id": 17072206, "favorited": false, "user": {"follow_request_sent": false, "profile_use_background_image": true, "default_profile_image": false, "id": 1560515610, "profile_background_image_url_https": "https://abs.twimg.com/images/themes/theme1/bg.png", "verified": false, "profile_text_color": "333333", "profile_image_url_https": "https://pbs.twimg.com/profile_images/478385724341776384/QceHzRUL_normal.jpeg", "profile_sidebar_fill_color": "DDEEF6", "entities": {"description": {"urls": []}}, "followers_count": 189, "profile_sidebar_border_color": "C0DEED", "id_str": "1560515610", "profile_background_color": "C0DEED", "listed_count": 3, "is_translation_enabled": false, "utc_offset": null, "statuses_count": 3495, "description": "Antarctica February 2013 advocate for  Intellectualty disabled, interests American Civil war, current US politics and current Australian politics, love animals", "friends_count": 251, "location": "wollongong", "profile_link_color": "0084B4", "profile_image_url": "http://pbs.twimg.com/profile_images/478385724341776384/QceHzRUL_normal.jpeg", "following": false, "geo_enabled": true, "profile_banner_url": "https://pbs.twimg.com/profile_banners/1560515610/1406273100", "profile_background_image_url": "http://abs.twimg.com/images/themes/theme1/bg.png", "screen_name": "junehartman46", "lang": "en", "profile_background_tile": false, "favourites_count": 2934, "name": "Ladyjustmissedout", "notifications": false, "url": null, "created_at": "Mon Jul 01 13:24:57 +0000 2013", "contributors_enabled": false, "time_zone": null, "protected": false, "default_profile": true, "is_translator": false}, "geo": {"type": "Point", "coordinates": [-34.4329704, 150.86696471]}, "in_reply_to_user_id_str": "17072206", "lang": "en", "created_at": "Wed Aug 13 01:41:50 +0000 2014", "in_reply_to_status_id_str": "499368931367608320", "place": {"full_name": "Wollongong, New South Wales", "url": "https://api.twitter.com/1.1/geo/id/0180d6313aa616b2.json", "country": "Australia", "place_type": "city", "bounding_box": {"type": "Polygon", "coordinates": [[[150.743944832, -34.628601669], [150.973866016, -34.628601669], [150.973866016, -34.2513407335], [150.743944832, -34.2513407335]]]}, "contained_within": [], "country_code": "AU", "attributes": {}, "id": "0180d6313aa616b2", "name": "Wollongong"}}
