{"contributors":null,"truncated":false,"text":"@clydetheslyde Too busy bitching about POTUS for sure","in_reply_to_status_id":499368931367608320,"id":499370097698291713,"favorite_count":1,"source":"<a href=\"http:\/\/twitter.com\/download\/iphone\" rel=\"nofollow\">Twitter for iPhone<\/a>","retweeted":false,"coordinates":null,"entities":{"symbols":[],"user_mentions":[{"id":17072206,"indices":[0,14],"id_str":"17072206","screen_name":"clydetheslyde","name":"clydetheslyde"}],"hashtags":[],"urls":[]},"in_reply_to_screen_name":"clydetheslyde","id_str":"499370097698291713","retweet_count":0,"in_reply_to_user_id":17072206,"favorited":false,"user":{"follow_request_sent":false,"profile_use_background_image":true,"default_profile_image":false,"id":2161673947,"profile_background_image_url_https":"https:\/\/pbs.twimg.com\/profile_background_images\/378800000173662211\/hVA3KgdB.jpeg","verified":false,"profile_text_color":"333333","profile_image_url_https":"https:\/\/pbs.twimg.com\/profile_images\/518509091371507712\/k4XSlwP2_normal.jpeg","profile_sidebar_fill_color":"DDEEF6","entities":{"description":{"urls":[]}},"followers_count":308,"profile_sidebar_border_color":"000000","id_str":"2161673947","profile_background_color":"000000","listed_count":17,"is_translation_enabled":false,"utc_offset":null,"statuses_count":7647,"description":"Male Gamer |#Diablo #Warcraft #Ecigs| BattleTag: Foqbupog#1616| Friend Code: 2981-6062-6295","friends_count":249,"location":"","profile_link_color":"FF0022","profile_image_url":"http:\/\/pbs.twimg.com\/profile_images\/518509091371507712\/k4XSlwP2_normal.jpeg","following":false,"geo_enabled":false,"profile_banner_url":"https:\/\/pbs.twimg.com\/profile_banners\/2161673947\/1407699782","profile_background_image_url":"http:\/\/pbs.twimg.com\/profile_background_images\/378800000173662211\/hVA3KgdB.jpeg","screen_name":"Foqbupog","lang":"en","profile_background_tile":false,"favourites_count":7045,"name":"Foqbupog","notifications":false,"url":null,"created_at":"Mon Oct 28 22:02:21 +0000 2013","contributors_enabled":false,"time_zone":null,"protected":false,"default_profile":false,"is_translator":false},"geo":null,"in_reply_to_user_id_str":"17072206","lang":"en","created_at":"Wed Aug 13 01:41:23 +0000 2014","in_reply_to_status_id_str":"499368931367608320","place":null}