{"contributors":null,"truncated":false,"text":"@clydetheslyde @mchenthompson  Isn't this the truth!","in_reply_to_status_id":499368931367608320,"id":499386359841554432,"favorite_count":2,"source":"<a href=\"http:\/\/twitter.com\/#!\/download\/ipad\" rel=\"nofollow\">Twitter for iPad<\/a>","retweeted":false,"coordinates":null,"entities":{"symbols":[],"user_mentions":[{"id":17072206,"indices":[0,14],"id_str":"17072206","screen_name":"clydetheslyde","name":"clydetheslyde"}],"hashtags":[],"urls":[]},"in_reply_to_screen_name":"clydetheslyde","id_str":"499386359841554432","retweet_count":0,"in_reply_to_user_id":17072206,"favorited":false,"user":{"follow_request_sent":false,"profile_use_background_image":true,"default_profile_image":false,"id":28837388,"profile_background_image_url_https":"https:\/\/abs.twimg.com\/images\/themes\/theme1\/bg.png","verified":false,"profile_text_color":"333333","profile_image_url_https":"https:\/\/pbs.twimg.com\/profile_images\/566991078533103617\/yXNjfHL-_normal.jpeg","profile_sidebar_fill_color":"DDEEF6","entities":{"description":{"urls":[]}},"followers_count":3782,"profile_sidebar_border_color":"C0DEED","id_str":"28837388","profile_background_color":"C0DEED","listed_count":108,"is_translation_enabled":false,"utc_offset":null,"statuses_count":83321,"description":"Psychotherapist, world traveler, seeker of knowlege, hiker and lover of nature!!! News junkie!!! PEACE! NAMASTE!","friends_count":3248,"location":"","profile_link_color":"0084B4","profile_image_url":"http:\/\/pbs.twimg.com\/profile_images\/566991078533103617\/yXNjfHL-_normal.jpeg","following":false,"geo_enabled":true,"profile_background_image_url":"http:\/\/abs.twimg.com\/images\/themes\/theme1\/bg.png","screen_name":"9kittens","lang":"en","profile_background_tile":false,"favourites_count":185,"name":"Paulette Donahue","notifications":false,"url":null,"created_at":"Sat Apr 04 17:55:39 +0000 2009","contributors_enabled":false,"time_zone":null,"protected":false,"default_profile":true,"is_translator":false},"geo":null,"in_reply_to_user_id_str":"17072206","lang":"en","created_at":"Wed Aug 13 02:46:01 +0000 2014","in_reply_to_status_id_str":"499368931367608320","place":null}