{"contributors": null, "truncated": false, "text": "@clydetheslyde assholes on FOXNEWS are a major reason why stupid cops don't give a damn about d life of young black kids", "in_reply_to_status_id": 499368931367608320, "id": 499370756241764352, "favorite_count": 1, "source": "<a href=\"http://twitter.com/download/iphone\" rel=\"nofollow\">Twitter for iPhone</a>", "retweeted": false, "coordinates": {"type": "Point", "coordinates": [-95.5729753, 29.54019152]}, "entities": {"symbols": [], "user_mentions": [{"id": 17072206, "indices": [0, 14], "id_str": "17072206", "screen_name": "clydetheslyde", "name": "clydetheslyde"}], "hashtags": [], "urls": []}, "in_reply_to_screen_name": "clydetheslyde", "id_str": "499370756241764352", "retweet_count": 0, "in_reply_to_user_id": 17072206, "favorited": false, "user": {"follow_request_sent": false, "profile_use_background_image": true, "default_profile_image": false, "id": 464308569, "profile_background_image_url_https": "https://abs.twimg.com/images/themes/theme1/bg.png", "verified": false, "profile_text_color": "333333", "profile_image_url_https": "https://pbs.twimg.com/profile_images/481945697294372864/Et8K9kLd_normal.jpeg", "profile_sidebar_fill_color": "DDEEF6", "entities": {"description": {"urls": []}}, "followers_count": 846, "profile_sidebar_border_color": "C0DEED", "id_str": "464308569", "profile_background_color": "C0DEED", "listed_count": 11, "is_translation_enabled": false, "utc_offset": null, "statuses_count": 13590, "description": "Father,husband,progressive,pharmacist and a #DallasCowboy 4 Life", "friends_count": 991, "location": "Texas", "profile_link_color": "0084B4", "profile_image_url": "http://pbs.twimg.com/profile_images/481945697294372864/Et8K9kLd_normal.jpeg", "following": false, "geo_enabled": true, "profile_background_image_url": "http://abs.twimg.com/images/themes/theme1/bg.png", "screen_name": "iloanya1", "lang": "en", "profile_background_tile": false, "favourites_count": 3650, "name": "chimezie", "notifications": false, "url": null, "created_at": "Sun Jan 15 02:59:02 +0000 2012", "contributors_enabled": false, "time_zone": null, "protected": false, "default_profile": true, "is_translator": false}, "geo": {"type": "Point", "coordinates": [29.54019152, -95.5729753]}, "in_reply_to_user_id_str": "17072206", "lang": "en", "created_at": "Wed Aug 13 01:44:00 +0000 2014", "in_reply_to_status_id_str": "499368931367608320", "place": {"full_name": "Texas, US", "url": "https://api.twitter.com/1.1/geo/id/e0060cda70f5f341.json", "country": "United States", "place_type": "admin", "bounding_box": {"type": "Polygon", "coordinates": [[[-106.645646, 25.837092], [-93.508131, 25.837092], [-93.508131, 36.500695], [-106.645646, 36.500695]]]}, "contained_within": [], "country_code": "US", "attributes": {}, "id": "e0060cda70f5f341", "name": "Texas"}}
