{"contributors": null, "truncated": false, "text": "@clydetheslyde Their cameras can't focus on brown people.", "in_reply_to_status_id": 499368931367608320, "id": 499377993153019904, "favorite_count": 1, "source": "<a href=\"http://twitter.com\" rel=\"nofollow\">Twitter Web Client</a>", "retweeted": false, "coordinates": null, "entities": {"symbols": [], "user_mentions": [{"id": 17072206, "indices": [0, 14], "id_str": "17072206", "screen_name": "clydetheslyde", "name": "clydetheslyde"}], "hashtags": [], "urls": []}, "in_reply_to_screen_name": "clydetheslyde", "id_str": "499377993153019904", "retweet_count": 0, "in_reply_to_user_id": 17072206, "favorited": false, "user": {"follow_request_sent": false, "profile_use_background_image": true, "default_profile_image": false, "id": 1001495072, "profile_background_image_url_https": "https://abs.twimg.com/images/themes/theme7/bg.gif", "verified": false, "profile_text_color": "333333", "profile_image_url_https": "https://pbs.twimg.com/profile_images/504107487671230465/tm_1xy5K_normal.jpeg", "profile_sidebar_fill_color": "F3F3F3", "entities": {"url": {"urls": [{"url": "https://t.co/Ly2D17sTii", "indices": [0, 23], "expanded_url": "https://www.facebook.com/Lannister.Schooling", "display_url": "facebook.com/Lannister.Scho\u2026"}]}, "description": {"urls": []}}, "followers_count": 310, "profile_sidebar_border_color": "DFDFDF", "id_str": "1001495072", "profile_background_color": "EBEBEB", "listed_count": 33, "is_translation_enabled": false, "utc_offset": null, "statuses_count": 2777, "description": "#Asatru #Green and #FarLeft. #LGBTAlly You think you know, but you don't know shit.  Battles started WILL be ended.", "friends_count": 527, "location": "Cortland, NY", "profile_link_color": "990000", "profile_image_url": "http://pbs.twimg.com/profile_images/504107487671230465/tm_1xy5K_normal.jpeg", "following": false, "geo_enabled": true, "profile_banner_url": "https://pbs.twimg.com/profile_banners/1001495072/1409023591", "profile_background_image_url": "http://abs.twimg.com/images/themes/theme7/bg.gif", "screen_name": "cat_fates", "lang": "en", "profile_background_tile": false, "favourites_count": 1103, "name": "~~Siren~~", "notifications": false, "url": "https://t.co/Ly2D17sTii", "created_at": "Mon Dec 10 11:42:07 +0000 2012", "contributors_enabled": false, "time_zone": null, "protected": false, "default_profile": false, "is_translator": false}, "geo": null, "in_reply_to_user_id_str": "17072206", "lang": "en", "created_at": "Wed Aug 13 02:12:46 +0000 2014", "in_reply_to_status_id_str": "499368931367608320", "place": null}
