{"contributors":null,"truncated":false,"text":"@clydetheslyde Shocking... Earlier they had a segment on TV asking if black America would do anything to stop the looting in Ferguson","in_reply_to_status_id":499368931367608320,"id":499369111663550465,"favorite_count":0,"source":"<a href=\"https:\/\/about.twitter.com\/products\/tweetdeck\" rel=\"nofollow\">TweetDeck<\/a>","retweeted":false,"coordinates":null,"entities":{"symbols":[],"user_mentions":[{"id":17072206,"indices":[0,14],"id_str":"17072206","screen_name":"clydetheslyde","name":"clydetheslyde"}],"hashtags":[],"urls":[]},"in_reply_to_screen_name":"clydetheslyde","id_str":"499369111663550465","retweet_count":0,"in_reply_to_user_id":17072206,"favorited":false,"user":{"follow_request_sent":false,"profile_use_background_image":true,"default_profile_image":false,"id":2596618610,"profile_background_image_url_https":"https:\/\/abs.twimg.com\/images\/themes\/theme1\/bg.png","verified":false,"profile_text_color":"333333","profile_image_url_https":"https:\/\/pbs.twimg.com\/profile_images\/542827746942935042\/DpkbZopG_normal.jpeg","profile_sidebar_fill_color":"DDEEF6","entities":{"url":{"urls":[{"url":"http:\/\/t.co\/SuSd9rz1Rq","indices":[0,22],"expanded_url":"http:\/\/thedoctrinairediatribes.wordpress.com\/","display_url":"thedoctrinairediatribes.wordpress.com"}]},"description":{"urls":[]}},"followers_count":44,"profile_sidebar_border_color":"C0DEED","id_str":"2596618610","profile_background_color":"C0DEED","listed_count":0,"is_translation_enabled":false,"utc_offset":null,"statuses_count":707,"description":"Opinionated and progressive blogger but always open to an intelligent conversation.","friends_count":74,"location":"Oakland, CA","profile_link_color":"5400B3","profile_image_url":"http:\/\/pbs.twimg.com\/profile_images\/542827746942935042\/DpkbZopG_normal.jpeg","following":false,"geo_enabled":false,"profile_banner_url":"https:\/\/pbs.twimg.com\/profile_banners\/2596618610\/1404148158","profile_background_image_url":"http:\/\/abs.twimg.com\/images\/themes\/theme1\/bg.png","screen_name":"The_Doctrinaire","lang":"en","profile_background_tile":false,"favourites_count":290,"name":"James Arcellana","notifications":false,"url":"http:\/\/t.co\/SuSd9rz1Rq","created_at":"Mon Jun 30 16:47:24 +0000 2014","contributors_enabled":false,"time_zone":null,"protected":false,"default_profile":false,"is_translator":false},"geo":null,"in_reply_to_user_id_str":"17072206","lang":"en","created_at":"Wed Aug 13 01:37:28 +0000 2014","in_reply_to_status_id_str":"499368931367608320","place":null}