{"contributors":null,"truncated":false,"text":"@clydetheslyde @SacJim2012 they have already f'd themselves..all the #different accounts of what happened..#dirtyTruth will come to light..","in_reply_to_status_id":499368931367608320,"id":499447660777316352,"favorite_count":0,"source":"<a href=\"http:\/\/twitter.com\" rel=\"nofollow\">Twitter Web Client<\/a>","retweeted":false,"coordinates":null,"entities":{"symbols":[],"user_mentions":[{"id":17072206,"indices":[0,14],"id_str":"17072206","screen_name":"clydetheslyde","name":"clydetheslyde"},{"id":484497386,"indices":[15,26],"id_str":"484497386","screen_name":"SacJim2012","name":"SacJim2014"}],"hashtags":[{"indices":[69,79],"text":"different"},{"indices":[107,118],"text":"dirtyTruth"}],"urls":[]},"in_reply_to_screen_name":"clydetheslyde","id_str":"499447660777316352","retweet_count":0,"in_reply_to_user_id":17072206,"favorited":false,"user":{"follow_request_sent":false,"profile_use_background_image":true,"default_profile_image":false,"id":274422511,"profile_background_image_url_https":"https:\/\/pbs.twimg.com\/profile_background_images\/501162171024146432\/S3S2pLoL.jpeg","verified":false,"profile_text_color":"FF5005","profile_image_url_https":"https:\/\/pbs.twimg.com\/profile_images\/577046029255585792\/5EEC3HZI_normal.jpeg","profile_sidebar_fill_color":"D47AD2","entities":{"description":{"urls":[]}},"followers_count":2756,"profile_sidebar_border_color":"FFFFFF","id_str":"274422511","profile_background_color":"FF7707","listed_count":64,"is_translation_enabled":false,"utc_offset":-18000,"statuses_count":122412,"description":"#EpiscopalRoots...married to Al 23 yrs Three great kids~ Came Out in '96-  #Obama\\Biden #MIDTERMS 2014_  Lets #REALLY put CONGRESS TO WORK\u203c #SnoopDoggROCKs","friends_count":3021,"location":"","profile_link_color":"FD8084","profile_image_url":"http:\/\/pbs.twimg.com\/profile_images\/577046029255585792\/5EEC3HZI_normal.jpeg","following":false,"geo_enabled":false,"profile_banner_url":"https:\/\/pbs.twimg.com\/profile_banners\/274422511\/1405192509","profile_background_image_url":"http:\/\/pbs.twimg.com\/profile_background_images\/501162171024146432\/S3S2pLoL.jpeg","screen_name":"graceslick77","lang":"en","profile_background_tile":true,"favourites_count":90129,"name":"graceslick77","notifications":false,"url":null,"created_at":"Wed Mar 30 08:14:29 +0000 2011","contributors_enabled":false,"time_zone":"Central Time (US & Canada)","protected":false,"default_profile":false,"is_translator":false},"geo":null,"in_reply_to_user_id_str":"17072206","lang":"en","created_at":"Wed Aug 13 06:49:36 +0000 2014","in_reply_to_status_id_str":"499368931367608320","place":null}