{"contributors": null, "truncated": false, "text": "@clydetheslyde My column: AN EXECUTION IN FERGUSON: http://t.co/bh8fgwu3gZ \n#ferguson #michaelbrown #policebrutality", "in_reply_to_status_id": 499368931367608320, "id": 499435529130504192, "favorite_count": 1, "source": "<a href=\"http://twitter.com\" rel=\"nofollow\">Twitter Web Client</a>", "retweeted": false, "coordinates": null, "entities": {"symbols": [], "user_mentions": [{"id": 17072206, "indices": [0, 14], "id_str": "17072206", "screen_name": "clydetheslyde", "name": "clydetheslyde"}], "hashtags": [{"indices": [76, 85], "text": "ferguson"}, {"indices": [86, 99], "text": "michaelbrown"}, {"indices": [100, 116], "text": "policebrutality"}], "urls": [{"url": "http://t.co/bh8fgwu3gZ", "indices": [52, 74], "expanded_url": "http://wp.me/p3M9Ke-OT", "display_url": "wp.me/p3M9Ke-OT"}]}, "in_reply_to_screen_name": "clydetheslyde", "id_str": "499435529130504192", "retweet_count": 2, "in_reply_to_user_id": 17072206, "favorited": false, "user": {"follow_request_sent": false, "profile_use_background_image": true, "default_profile_image": false, "id": 902528816, "profile_background_image_url_https": "https://abs.twimg.com/images/themes/theme1/bg.png", "verified": false, "profile_text_color": "333333", "profile_image_url_https": "https://pbs.twimg.com/profile_images/2759991557/29ab8b477655a0dd21f49954d5928d2f_normal.jpeg", "profile_sidebar_fill_color": "DDEEF6", "entities": {"url": {"urls": [{"url": "http://t.co/m9duOcyeg1", "indices": [0, 22], "expanded_url": "http://www.americathenotsobeautiful.wordpress.com", "display_url": "americathenotsobeautiful.wordpress.com"}]}, "description": {"urls": []}}, "followers_count": 2111, "profile_sidebar_border_color": "C0DEED", "id_str": "902528816", "profile_background_color": "C0DEED", "listed_count": 38, "is_translation_enabled": false, "utc_offset": null, "statuses_count": 15130, "description": "Politics,sports and film...former radio talk show host and U.S. Congressional candidate (2006-AZ 1). Worked at WABC Radio in NYC and KXNT Radio in Las Vegas.", "friends_count": 2011, "location": "San Francisco, CA", "profile_link_color": "0084B4", "profile_image_url": "http://pbs.twimg.com/profile_images/2759991557/29ab8b477655a0dd21f49954d5928d2f_normal.jpeg", "following": false, "geo_enabled": false, "profile_banner_url": "https://pbs.twimg.com/profile_banners/902528816/1398197284", "profile_background_image_url": "http://abs.twimg.com/images/themes/theme1/bg.png", "screen_name": "CaccioppoliMike", "lang": "en", "profile_background_tile": false, "favourites_count": 13080, "name": "Mike Caccioppoli", "notifications": false, "url": "http://t.co/m9duOcyeg1", "created_at": "Wed Oct 24 20:14:29 +0000 2012", "contributors_enabled": false, "time_zone": null, "protected": false, "default_profile": true, "is_translator": false}, "geo": null, "in_reply_to_user_id_str": "17072206", "possibly_sensitive": false, "lang": "en", "created_at": "Wed Aug 13 06:01:23 +0000 2014", "in_reply_to_status_id_str": "499368931367608320", "place": null}
