{"contributors":null,"truncated":false,"text":"@my2bits4u @DMeralles @clydetheslyde http:\/\/t.co\/u8QxZ0Dv60","in_reply_to_status_id":499435314373734400,"id":499448422127394816,"favorite_count":2,"source":"<a href=\"http:\/\/twitter.com\" rel=\"nofollow\">Twitter Web Client<\/a>","retweeted":false,"coordinates":null,"entities":{"symbols":[],"user_mentions":[{"id":22095997,"indices":[0,10],"id_str":"22095997","screen_name":"my2bits4u","name":"Ben and Bowe gaaaazy"},{"id":2390798966,"indices":[11,21],"id_str":"2390798966","screen_name":"DMeralles","name":"DMeralles"},{"id":17072206,"indices":[22,36],"id_str":"17072206","screen_name":"clydetheslyde","name":"clydetheslyde"}],"hashtags":[],"urls":[],"media":[{"expanded_url":"http:\/\/twitter.com\/JohannesDreijer\/status\/499448422127394816\/photo\/1","display_url":"pic.twitter.com\/u8QxZ0Dv60","url":"http:\/\/t.co\/u8QxZ0Dv60","media_url_https":"https:\/\/pbs.twimg.com\/media\/Bu5lsTCIUAEYZAM.jpg","id_str":"499448420382560257","sizes":{"small":{"h":239,"resize":"fit","w":340},"large":{"h":422,"resize":"fit","w":599},"medium":{"h":422,"resize":"fit","w":599},"thumb":{"h":150,"resize":"crop","w":150}},"indices":[37,59],"type":"photo","id":499448420382560257,"media_url":"http:\/\/pbs.twimg.com\/media\/Bu5lsTCIUAEYZAM.jpg"}]},"in_reply_to_screen_name":"my2bits4u","id_str":"499448422127394816","retweet_count":1,"in_reply_to_user_id":22095997,"favorited":false,"user":{"follow_request_sent":false,"profile_use_background_image":true,"default_profile_image":false,"id":2269391174,"profile_background_image_url_https":"https:\/\/abs.twimg.com\/images\/themes\/theme1\/bg.png","verified":false,"profile_text_color":"333333","profile_image_url_https":"https:\/\/pbs.twimg.com\/profile_images\/585406533875314688\/FfsWdUog_normal.png","profile_sidebar_fill_color":"DDEEF6","entities":{"description":{"urls":[]}},"followers_count":958,"profile_sidebar_border_color":"C0DEED","id_str":"2269391174","profile_background_color":"C0DEED","listed_count":32,"is_translation_enabled":false,"utc_offset":null,"statuses_count":40480,"description":"Who Cares!\r\nWaarschuwing: 21+","friends_count":1595,"location":"'t Zandt Groningen","profile_link_color":"0084B4","profile_image_url":"http:\/\/pbs.twimg.com\/profile_images\/585406533875314688\/FfsWdUog_normal.png","following":false,"geo_enabled":true,"profile_banner_url":"https:\/\/pbs.twimg.com\/profile_banners\/2269391174\/1405351790","profile_background_image_url":"http:\/\/abs.twimg.com\/images\/themes\/theme1\/bg.png","screen_name":"JohannesDreijer","lang":"nl","profile_background_tile":false,"favourites_count":1946,"name":"JohannesD","notifications":false,"url":null,"created_at":"Mon Dec 30 20:23:02 +0000 2013","contributors_enabled":false,"time_zone":null,"protected":false,"default_profile":true,"is_translator":false},"geo":null,"in_reply_to_user_id_str":"22095997","possibly_sensitive":false,"lang":"und","created_at":"Wed Aug 13 06:52:37 +0000 2014","in_reply_to_status_id_str":"499435314373734400","place":null,"extended_entities":{"media":[{"expanded_url":"http:\/\/twitter.com\/JohannesDreijer\/status\/499448422127394816\/photo\/1","display_url":"pic.twitter.com\/u8QxZ0Dv60","url":"http:\/\/t.co\/u8QxZ0Dv60","media_url_https":"https:\/\/pbs.twimg.com\/media\/Bu5lsTCIUAEYZAM.jpg","id_str":"499448420382560257","sizes":{"small":{"h":239,"resize":"fit","w":340},"large":{"h":422,"resize":"fit","w":599},"medium":{"h":422,"resize":"fit","w":599},"thumb":{"h":150,"resize":"crop","w":150}},"indices":[37,59],"type":"photo","id":499448420382560257,"media_url":"http:\/\/pbs.twimg.com\/media\/Bu5lsTCIUAEYZAM.jpg"}]}}