{"contributors": null, "truncated": false, "text": "@graceslick77 @clydetheslyde Buying Time to Protect a Racist..Murdering Cop.. #Sick #Coward", "in_reply_to_status_id": 499447388025921536, "id": 499449102908653570, "favorite_count": 2, "source": "<a href=\"http://twitter.com\" rel=\"nofollow\">Twitter Web Client</a>", "retweeted": false, "coordinates": null, "entities": {"symbols": [], "user_mentions": [{"id": 274422511, "indices": [0, 13], "id_str": "274422511", "screen_name": "graceslick77", "name": "graceslick77"}, {"id": 17072206, "indices": [14, 28], "id_str": "17072206", "screen_name": "clydetheslyde", "name": "clydetheslyde"}], "hashtags": [{"indices": [78, 83], "text": "Sick"}, {"indices": [84, 91], "text": "Coward"}], "urls": []}, "in_reply_to_screen_name": "graceslick77", "id_str": "499449102908653570", "retweet_count": 1, "in_reply_to_user_id": 274422511, "favorited": false, "user": {"follow_request_sent": false, "profile_use_background_image": true, "default_profile_image": false, "id": 484497386, "profile_background_image_url_https": "https://pbs.twimg.com/profile_background_images/581741233/in8mgw3ahbgdbnzqo5yr.jpeg", "verified": false, "profile_text_color": "333333", "profile_image_url_https": "https://pbs.twimg.com/profile_images/2317811777/aw7g6phmqoqcmh9spixp_normal.jpeg", "profile_sidebar_fill_color": "DDEEF6", "entities": {"description": {"urls": []}}, "followers_count": 2239, "profile_sidebar_border_color": "C0DEED", "id_str": "484497386", "profile_background_color": "C0DEED", "listed_count": 45, "is_translation_enabled": false, "utc_offset": -25200, "statuses_count": 19285, "description": "Progressive/Liberal Warrior fighting the Profit Hoarders and Tax Cheats", "friends_count": 2381, "location": "Sacramento,Ca", "profile_link_color": "0084B4", "profile_image_url": "http://pbs.twimg.com/profile_images/2317811777/aw7g6phmqoqcmh9spixp_normal.jpeg", "following": false, "geo_enabled": false, "profile_background_image_url": "http://pbs.twimg.com/profile_background_images/581741233/in8mgw3ahbgdbnzqo5yr.jpeg", "screen_name": "SacJim2012", "lang": "en", "profile_background_tile": true, "favourites_count": 214, "name": "SacJim2014", "notifications": false, "url": null, "created_at": "Mon Feb 06 05:24:05 +0000 2012", "contributors_enabled": false, "time_zone": "Pacific Time (US & Canada)", "protected": false, "default_profile": false, "is_translator": false}, "geo": null, "in_reply_to_user_id_str": "274422511", "lang": "en", "created_at": "Wed Aug 13 06:55:20 +0000 2014", "in_reply_to_status_id_str": "499447388025921536", "place": null}
