{"contributors": null, "truncated": false, "text": ".@clydetheslyde It's the lack of property damage. On Fox, it's property&gt;people", "in_reply_to_status_id": 499368931367608320, "id": 499427932935180289, "favorite_count": 1, "source": "<a href=\"http://www.echofon.com/\" rel=\"nofollow\">Echofon</a>", "retweeted": false, "coordinates": null, "entities": {"symbols": [], "user_mentions": [{"id": 17072206, "indices": [1, 15], "id_str": "17072206", "screen_name": "clydetheslyde", "name": "clydetheslyde"}], "hashtags": [], "urls": []}, "in_reply_to_screen_name": "clydetheslyde", "id_str": "499427932935180289", "retweet_count": 0, "in_reply_to_user_id": 17072206, "favorited": false, "user": {"follow_request_sent": false, "profile_use_background_image": true, "default_profile_image": false, "id": 15150904, "profile_background_image_url_https": "https://pbs.twimg.com/profile_background_images/175134661/twbgnu.jpg", "verified": false, "profile_text_color": "333333", "profile_image_url_https": "https://pbs.twimg.com/profile_images/2097709326/DrBobTwittr99_normal.gif", "profile_sidebar_fill_color": "CCDCF0", "entities": {"description": {"urls": []}}, "followers_count": 4138, "profile_sidebar_border_color": "BDDCAD", "id_str": "15150904", "profile_background_color": "FBFFDB", "listed_count": 327, "is_translation_enabled": false, "utc_offset": -25200, "statuses_count": 40718, "description": "Vietnam era Army veteran proudly for Obama. Serial entrepreneur. Cat guy. IAVA supporter. Read things; know stuff. Chevy Volt driver.", "friends_count": 2912, "location": "34.0095,-118.4209", "profile_link_color": "0084B4", "profile_image_url": "http://pbs.twimg.com/profile_images/2097709326/DrBobTwittr99_normal.gif", "following": false, "geo_enabled": true, "profile_banner_url": "https://pbs.twimg.com/profile_banners/15150904/1399950284", "profile_background_image_url": "http://pbs.twimg.com/profile_background_images/175134661/twbgnu.jpg", "screen_name": "techweenie", "lang": "en", "profile_background_tile": false, "favourites_count": 2249, "name": "techweenie", "notifications": false, "url": null, "created_at": "Tue Jun 17 21:54:25 +0000 2008", "contributors_enabled": false, "time_zone": "Pacific Time (US & Canada)", "protected": false, "default_profile": false, "is_translator": false}, "geo": null, "in_reply_to_user_id_str": "17072206", "lang": "en", "created_at": "Wed Aug 13 05:31:12 +0000 2014", "in_reply_to_status_id_str": "499368931367608320", "place": null}
