{"contributors": null, "truncated": false, "text": "@clydetheslyde or no missing pretty blonde white girl.", "in_reply_to_status_id": 499368931367608320, "id": 499434486804000768, "favorite_count": 2, "source": "<a href=\"http://twitter.com/download/iphone\" rel=\"nofollow\">Twitter for iPhone</a>", "retweeted": false, "coordinates": null, "entities": {"symbols": [], "user_mentions": [{"id": 17072206, "indices": [0, 14], "id_str": "17072206", "screen_name": "clydetheslyde", "name": "clydetheslyde"}], "hashtags": [], "urls": []}, "in_reply_to_screen_name": "clydetheslyde", "id_str": "499434486804000768", "retweet_count": 0, "in_reply_to_user_id": 17072206, "favorited": false, "user": {"follow_request_sent": false, "profile_use_background_image": true, "default_profile_image": false, "id": 2264980638, "profile_background_image_url_https": "https://abs.twimg.com/images/themes/theme1/bg.png", "verified": false, "profile_text_color": "333333", "profile_image_url_https": "https://pbs.twimg.com/profile_images/417028556883894272/GlduGSDb_normal.jpeg", "profile_sidebar_fill_color": "DDEEF6", "entities": {"description": {"urls": []}}, "followers_count": 2933, "profile_sidebar_border_color": "C0DEED", "id_str": "2264980638", "profile_background_color": "C0DEED", "listed_count": 56, "is_translation_enabled": false, "utc_offset": -25200, "statuses_count": 2812, "description": "I went to Harvard. Perhaps you've heard of it?", "friends_count": 2566, "location": "* Ted Cruz Parody Account *", "profile_link_color": "0084B4", "profile_image_url": "http://pbs.twimg.com/profile_images/417028556883894272/GlduGSDb_normal.jpeg", "following": false, "geo_enabled": false, "profile_banner_url": "https://pbs.twimg.com/profile_banners/2264980638/1388262374", "profile_background_image_url": "http://abs.twimg.com/images/themes/theme1/bg.png", "screen_name": "HavanaTed", "lang": "en", "profile_background_tile": false, "favourites_count": 736, "name": "Speaker Cruz", "notifications": false, "url": null, "created_at": "Fri Dec 27 22:07:05 +0000 2013", "contributors_enabled": false, "time_zone": "Pacific Time (US & Canada)", "protected": false, "default_profile": true, "is_translator": false}, "geo": null, "in_reply_to_user_id_str": "17072206", "lang": "en", "created_at": "Wed Aug 13 05:57:15 +0000 2014", "in_reply_to_status_id_str": "499368931367608320", "place": null}
