{"contributors": null, "truncated": false, "text": "@clydetheslyde you have the right to remain silent but isn't that how we ended up here? #Ferguson http://t.co/SErbzckzdX", "in_reply_to_status_id": 499368931367608320, "id": 499435314373734400, "favorite_count": 15, "source": "<a href=\"http://twitter.com/#!/download/ipad\" rel=\"nofollow\">Twitter for iPad</a>", "retweeted": false, "coordinates": null, "entities": {"symbols": [], "user_mentions": [{"id": 17072206, "indices": [0, 14], "id_str": "17072206", "screen_name": "clydetheslyde", "name": "clydetheslyde"}], "hashtags": [{"indices": [88, 97], "text": "Ferguson"}], "urls": [], "media": [{"expanded_url": "http://twitter.com/my2bits4u/status/499435314373734400/photo/1", "display_url": "pic.twitter.com/SErbzckzdX", "url": "http://t.co/SErbzckzdX", "media_url_https": "https://pbs.twimg.com/media/Bu5ZxY9CEAA6dsd.jpg", "id_str": "499435313731604480", "sizes": {"small": {"h": 290, "resize": "fit", "w": 340}, "large": {"h": 876, "resize": "fit", "w": 1024}, "medium": {"h": 513, "resize": "fit", "w": 600}, "thumb": {"h": 150, "resize": "crop", "w": 150}}, "indices": [98, 120], "type": "photo", "id": 499435313731604480, "media_url": "http://pbs.twimg.com/media/Bu5ZxY9CEAA6dsd.jpg"}]}, "in_reply_to_screen_name": "clydetheslyde", "id_str": "499435314373734400", "retweet_count": 51, "in_reply_to_user_id": 17072206, "favorited": false, "user": {"follow_request_sent": false, "profile_use_background_image": true, "default_profile_image": false, "id": 22095997, "profile_background_image_url_https": "https://abs.twimg.com/images/themes/theme17/bg.gif", "verified": false, "profile_text_color": "333333", "profile_image_url_https": "https://pbs.twimg.com/profile_images/441292445708345344/YIFUXUZ1_normal.jpeg", "profile_sidebar_fill_color": "E6F6F9", "entities": {"description": {"urls": []}}, "followers_count": 706, "profile_sidebar_border_color": "DBE9ED", "id_str": "22095997", "profile_background_color": "DBE9ED", "listed_count": 15, "is_translation_enabled": false, "utc_offset": -25200, "statuses_count": 17320, "description": "ORPHAN ATHIEST\nGun grabber", "friends_count": 1348, "location": "", "profile_link_color": "CC3366", "profile_image_url": "http://pbs.twimg.com/profile_images/441292445708345344/YIFUXUZ1_normal.jpeg", "following": false, "geo_enabled": true, "profile_banner_url": "https://pbs.twimg.com/profile_banners/22095997/1393910369", "profile_background_image_url": "http://abs.twimg.com/images/themes/theme17/bg.gif", "screen_name": "my2bits4u", "lang": "en", "profile_background_tile": false, "favourites_count": 1053, "name": "Ben and Bowe gaaaazy", "notifications": false, "url": null, "created_at": "Fri Feb 27 02:19:42 +0000 2009", "contributors_enabled": false, "time_zone": "Pacific Time (US & Canada)", "protected": false, "default_profile": false, "is_translator": false}, "geo": null, "in_reply_to_user_id_str": "17072206", "possibly_sensitive": false, "lang": "en", "created_at": "Wed Aug 13 06:00:32 +0000 2014", "in_reply_to_status_id_str": "499368931367608320", "place": null, "extended_entities": {"media": [{"expanded_url": "http://twitter.com/my2bits4u/status/499435314373734400/photo/1", "display_url": "pic.twitter.com/SErbzckzdX", "url": "http://t.co/SErbzckzdX", "media_url_https": "https://pbs.twimg.com/media/Bu5ZxY9CEAA6dsd.jpg", "id_str": "499435313731604480", "sizes": {"small": {"h": 290, "resize": "fit", "w": 340}, "large": {"h": 876, "resize": "fit", "w": 1024}, "medium": {"h": 513, "resize": "fit", "w": 600}, "thumb": {"h": 150, "resize": "crop", "w": 150}}, "indices": [98, 120], "type": "photo", "id": 499435313731604480, "media_url": "http://pbs.twimg.com/media/Bu5ZxY9CEAA6dsd.jpg"}]}}
