{"contributors":null,"truncated":false,"text":"@SacJim2012 @clydetheslyde I know that's right..hoping to god #Someone captured on phone +hasn't came forward -yet..(video\/shooting)","in_reply_to_status_id":499449102908653570,"id":499451011791335424,"favorite_count":0,"source":"<a href=\"http:\/\/twitter.com\" rel=\"nofollow\">Twitter Web Client<\/a>","retweeted":false,"coordinates":null,"entities":{"symbols":[],"user_mentions":[{"id":484497386,"indices":[0,11],"id_str":"484497386","screen_name":"SacJim2012","name":"SacJim2014"},{"id":17072206,"indices":[12,26],"id_str":"17072206","screen_name":"clydetheslyde","name":"clydetheslyde"}],"hashtags":[{"indices":[62,70],"text":"Someone"}],"urls":[]},"in_reply_to_screen_name":"SacJim2012","id_str":"499451011791335424","retweet_count":1,"in_reply_to_user_id":484497386,"favorited":false,"user":{"follow_request_sent":false,"profile_use_background_image":true,"default_profile_image":false,"id":274422511,"profile_background_image_url_https":"https:\/\/pbs.twimg.com\/profile_background_images\/501162171024146432\/S3S2pLoL.jpeg","verified":false,"profile_text_color":"FF5005","profile_image_url_https":"https:\/\/pbs.twimg.com\/profile_images\/577046029255585792\/5EEC3HZI_normal.jpeg","profile_sidebar_fill_color":"D47AD2","entities":{"description":{"urls":[]}},"followers_count":2756,"profile_sidebar_border_color":"FFFFFF","id_str":"274422511","profile_background_color":"FF7707","listed_count":64,"is_translation_enabled":false,"utc_offset":-18000,"statuses_count":122412,"description":"#EpiscopalRoots...married to Al 23 yrs Three great kids~ Came Out in '96-  #Obama\\Biden #MIDTERMS 2014_  Lets #REALLY put CONGRESS TO WORK\u203c #SnoopDoggROCKs","friends_count":3021,"location":"","profile_link_color":"FD8084","profile_image_url":"http:\/\/pbs.twimg.com\/profile_images\/577046029255585792\/5EEC3HZI_normal.jpeg","following":false,"geo_enabled":false,"profile_banner_url":"https:\/\/pbs.twimg.com\/profile_banners\/274422511\/1405192509","profile_background_image_url":"http:\/\/pbs.twimg.com\/profile_background_images\/501162171024146432\/S3S2pLoL.jpeg","screen_name":"graceslick77","lang":"en","profile_background_tile":true,"favourites_count":90129,"name":"graceslick77","notifications":false,"url":null,"created_at":"Wed Mar 30 08:14:29 +0000 2011","contributors_enabled":false,"time_zone":"Central Time (US & Canada)","protected":false,"default_profile":false,"is_translator":false},"geo":null,"in_reply_to_user_id_str":"484497386","lang":"en","created_at":"Wed Aug 13 07:02:55 +0000 2014","in_reply_to_status_id_str":"499449102908653570","place":null}