{"contributors":null,"truncated":false,"text":"@clydetheslyde @mylifeishid #MikeBrown would need to be shot in #Benghazi  for #foxnews to cover it","in_reply_to_status_id":499368931367608320,"id":499570907602767872,"favorite_count":6,"source":"<a href=\"http:\/\/twitter.com\/#!\/download\/ipad\" rel=\"nofollow\">Twitter for iPad<\/a>","retweeted":false,"coordinates":null,"entities":{"symbols":[],"user_mentions":[{"id":17072206,"indices":[0,14],"id_str":"17072206","screen_name":"clydetheslyde","name":"clydetheslyde"},{"id":225015902,"indices":[15,27],"id_str":"225015902","screen_name":"mylifeishid","name":"Michael Mallory"}],"hashtags":[{"indices":[28,38],"text":"MikeBrown"},{"indices":[64,73],"text":"Benghazi"},{"indices":[79,87],"text":"foxnews"}],"urls":[]},"in_reply_to_screen_name":"clydetheslyde","id_str":"499570907602767872","retweet_count":11,"in_reply_to_user_id":17072206,"favorited":false,"user":{"follow_request_sent":false,"profile_use_background_image":true,"default_profile_image":false,"id":1849223671,"profile_background_image_url_https":"https:\/\/abs.twimg.com\/images\/themes\/theme14\/bg.gif","verified":false,"profile_text_color":"333333","profile_image_url_https":"https:\/\/pbs.twimg.com\/profile_images\/545088126784663552\/QquMmzYI_normal.jpeg","profile_sidebar_fill_color":"EFEFEF","entities":{"description":{"urls":[]}},"followers_count":73,"profile_sidebar_border_color":"EEEEEE","id_str":"1849223671","profile_background_color":"131516","listed_count":2,"is_translation_enabled":false,"utc_offset":null,"statuses_count":4897,"description":"Chicago's own Lyrical Engineer of African American Culture. AKA a Rapper. For Bookings\/Music Request email marlonjfrazier@yahoo.com or 773 418 5668","friends_count":43,"location":"chicago","profile_link_color":"009999","profile_image_url":"http:\/\/pbs.twimg.com\/profile_images\/545088126784663552\/QquMmzYI_normal.jpeg","following":false,"geo_enabled":true,"profile_banner_url":"https:\/\/pbs.twimg.com\/profile_banners\/1849223671\/1410746353","profile_background_image_url":"http:\/\/abs.twimg.com\/images\/themes\/theme14\/bg.gif","screen_name":"mechphree","lang":"en","profile_background_tile":true,"favourites_count":518,"name":"Phreedom","notifications":false,"url":null,"created_at":"Mon Sep 09 19:28:39 +0000 2013","contributors_enabled":false,"time_zone":null,"protected":false,"default_profile":false,"is_translator":false},"geo":null,"in_reply_to_user_id_str":"17072206","lang":"en","created_at":"Wed Aug 13 14:59:20 +0000 2014","in_reply_to_status_id_str":"499368931367608320","place":null}