{"contributors":null,"truncated":false,"text":"@clydetheslyde @Madaza41 Boots on the ground? Who cares! We need more coverage of Brittney Spears' blobs!","in_reply_to_status_id":499368931367608320,"id":499596052623028224,"favorite_count":0,"source":"<a href=\"http:\/\/twitter.com\/download\/android\" rel=\"nofollow\">Twitter for Android<\/a>","retweeted":false,"coordinates":null,"entities":{"symbols":[],"user_mentions":[{"id":17072206,"indices":[0,14],"id_str":"17072206","screen_name":"clydetheslyde","name":"clydetheslyde"},{"id":2384079631,"indices":[15,24],"id_str":"2384079631","screen_name":"Madaza41","name":"Mark Z"}],"hashtags":[],"urls":[]},"in_reply_to_screen_name":"clydetheslyde","id_str":"499596052623028224","retweet_count":0,"in_reply_to_user_id":17072206,"favorited":false,"user":{"follow_request_sent":false,"profile_use_background_image":true,"default_profile_image":false,"id":636287283,"profile_background_image_url_https":"https:\/\/pbs.twimg.com\/profile_background_images\/845223718\/eea3b1b6458b8e4b3bc0aa1841a4ea53.jpeg","verified":false,"profile_text_color":"7A5C45","profile_image_url_https":"https:\/\/pbs.twimg.com\/profile_images\/557754006055833600\/iPmN7QRh_normal.png","profile_sidebar_fill_color":"281E17","entities":{"url":{"urls":[{"url":"http:\/\/t.co\/Ur2r6OoBsy","indices":[0,22],"expanded_url":"http:\/\/about.me\/anthony_payson","display_url":"about.me\/anthony_payson"}]},"description":{"urls":[]}},"followers_count":267,"profile_sidebar_border_color":"7A5C45","id_str":"636287283","profile_background_color":"3C2C22","listed_count":2,"is_translation_enabled":false,"utc_offset":-10800,"statuses_count":3605,"description":"Writer, blogger, unemployed, pizza lover, closet Brony","friends_count":310,"location":"Ormond Beach, FL","profile_link_color":"54493E","profile_image_url":"http:\/\/pbs.twimg.com\/profile_images\/557754006055833600\/iPmN7QRh_normal.png","following":false,"geo_enabled":false,"profile_banner_url":"https:\/\/pbs.twimg.com\/profile_banners\/636287283\/1398260406","profile_background_image_url":"http:\/\/pbs.twimg.com\/profile_background_images\/845223718\/eea3b1b6458b8e4b3bc0aa1841a4ea53.jpeg","screen_name":"his40thieves","lang":"en","profile_background_tile":false,"favourites_count":2632,"name":"Tony Payson","notifications":false,"url":"http:\/\/t.co\/Ur2r6OoBsy","created_at":"Sun Jul 15 14:10:59 +0000 2012","contributors_enabled":false,"time_zone":"Atlantic Time (Canada)","protected":false,"default_profile":false,"is_translator":false},"geo":null,"in_reply_to_user_id_str":"17072206","lang":"en","created_at":"Wed Aug 13 16:39:15 +0000 2014","in_reply_to_status_id_str":"499368931367608320","place":null}