{"contributors":null,"truncated":false,"text":"@clydetheslyde Your tweet really makes this page stronger: http:\/\/t.co\/QNABzh699U","in_reply_to_status_id":499368931367608320,"id":499592983810158594,"favorite_count":1,"source":"<a href=\"http:\/\/www.rebelmouse.com\" rel=\"nofollow\">RebelMouse Application<\/a>","retweeted":false,"coordinates":null,"entities":{"symbols":[],"user_mentions":[{"id":17072206,"indices":[0,14],"id_str":"17072206","screen_name":"clydetheslyde","name":"clydetheslyde"}],"hashtags":[],"urls":[{"url":"http:\/\/t.co\/QNABzh699U","indices":[59,81],"expanded_url":"http:\/\/rbl.ms\/1ojEhRP","display_url":"rbl.ms\/1ojEhRP"}]},"in_reply_to_screen_name":"clydetheslyde","id_str":"499592983810158594","retweet_count":0,"in_reply_to_user_id":17072206,"favorited":false,"user":{"follow_request_sent":false,"profile_use_background_image":true,"default_profile_image":false,"id":377540405,"profile_background_image_url_https":"https:\/\/pbs.twimg.com\/profile_background_images\/484313964956762113\/6sRK6lxu.jpeg","verified":false,"profile_text_color":"333333","profile_image_url_https":"https:\/\/pbs.twimg.com\/profile_images\/530244800524476416\/rx6U7TZS_normal.jpeg","profile_sidebar_fill_color":"FFFFFF","entities":{"url":{"urls":[{"url":"http:\/\/t.co\/q6qA3M7JUw","indices":[0,22],"expanded_url":"http:\/\/www.flickr.com\/photos\/poeteyes\/","display_url":"flickr.com\/photos\/poeteye\u2026"}]},"description":{"urls":[]}},"followers_count":4093,"profile_sidebar_border_color":"FFFFFF","id_str":"377540405","profile_background_color":"01010D","listed_count":203,"is_translation_enabled":false,"utc_offset":-14400,"statuses_count":148761,"description":"Progressive raging granny. We're all in this together. What harms one harms the whole. Knowledge is power:pass it on. #IDWP RT\u2260endorsement No auto followback","friends_count":2161,"location":"Provincetown, MA","profile_link_color":"233F99","profile_image_url":"http:\/\/pbs.twimg.com\/profile_images\/530244800524476416\/rx6U7TZS_normal.jpeg","following":false,"geo_enabled":false,"profile_banner_url":"https:\/\/pbs.twimg.com\/profile_banners\/377540405\/1401656445","profile_background_image_url":"http:\/\/pbs.twimg.com\/profile_background_images\/484313964956762113\/6sRK6lxu.jpeg","screen_name":"JamiaStarheart","lang":"en","profile_background_tile":true,"favourites_count":20678,"name":"FriendofTrees ","notifications":false,"url":"http:\/\/t.co\/q6qA3M7JUw","created_at":"Wed Sep 21 18:53:14 +0000 2011","contributors_enabled":false,"time_zone":"Eastern Time (US & Canada)","protected":false,"default_profile":false,"is_translator":false},"geo":null,"in_reply_to_user_id_str":"17072206","possibly_sensitive":false,"lang":"en","created_at":"Wed Aug 13 16:27:03 +0000 2014","in_reply_to_status_id_str":"499368931367608320","place":null}