{"contributors": null, "truncated": false, "text": "@mechphree @mylifeishid Nicely played, sir!", "in_reply_to_status_id": 499570907602767872, "id": 499571259730976771, "favorite_count": 1, "source": "<a href=\"http://twitter.com\" rel=\"nofollow\">Twitter Web Client</a>", "retweeted": false, "coordinates": null, "entities": {"symbols": [], "user_mentions": [{"id": 1849223671, "indices": [0, 10], "id_str": "1849223671", "screen_name": "mechphree", "name": "Phreedom"}, {"id": 225015902, "indices": [11, 23], "id_str": "225015902", "screen_name": "mylifeishid", "name": "Michael Mallory"}], "hashtags": [], "urls": []}, "in_reply_to_screen_name": "mechphree", "id_str": "499571259730976771", "retweet_count": 1, "in_reply_to_user_id": 1849223671, "favorited": false, "user": {"follow_request_sent": false, "profile_use_background_image": false, "default_profile_image": false, "id": 17072206, "profile_background_image_url_https": "https://abs.twimg.com/images/themes/theme4/bg.gif", "verified": false, "profile_text_color": "3C3940", "profile_image_url_https": "https://pbs.twimg.com/profile_images/378800000832794077/26da617bd7c683db2c4eaf66a5cc8369_normal.jpeg", "profile_sidebar_fill_color": "95E8EC", "entities": {"description": {"urls": []}}, "followers_count": 11742, "profile_sidebar_border_color": "FFFFFF", "id_str": "17072206", "profile_background_color": "050F42", "listed_count": 126, "is_translation_enabled": false, "utc_offset": -18000, "statuses_count": 16266, "description": "When you gotta new hammer, everything looks like a nail!  \r\n\r\nI run a clean TL.  No Monkey Business!", "friends_count": 12837, "location": "", "profile_link_color": "0099B9", "profile_image_url": "http://pbs.twimg.com/profile_images/378800000832794077/26da617bd7c683db2c4eaf66a5cc8369_normal.jpeg", "following": false, "geo_enabled": false, "profile_banner_url": "https://pbs.twimg.com/profile_banners/17072206/1406315471", "profile_background_image_url": "http://abs.twimg.com/images/themes/theme4/bg.gif", "screen_name": "clydetheslyde", "lang": "en", "profile_background_tile": false, "favourites_count": 5887, "name": "clydetheslyde", "notifications": false, "url": null, "created_at": "Thu Oct 30 19:24:15 +0000 2008", "contributors_enabled": false, "time_zone": "Central Time (US & Canada)", "protected": false, "default_profile": false, "is_translator": false}, "geo": null, "in_reply_to_user_id_str": "1849223671", "lang": "en", "created_at": "Wed Aug 13 15:00:44 +0000 2014", "in_reply_to_status_id_str": "499570907602767872", "place": null}
