{"contributors":null,"truncated":false,"text":"@clydetheslyde @moiskd Imagine if Ferguson folks were strutting around with AR's. Think Perry&amp;Hannity would be hunkered down in solidarity?","in_reply_to_status_id":499368931367608320,"id":499586042752557056,"favorite_count":2,"source":"<a href=\"http:\/\/twitter.com\/download\/android\" rel=\"nofollow\">Twitter for Android<\/a>","retweeted":false,"coordinates":null,"entities":{"symbols":[],"user_mentions":[{"id":17072206,"indices":[0,14],"id_str":"17072206","screen_name":"clydetheslyde","name":"clydetheslyde"},{"id":1268353729,"indices":[15,22],"id_str":"1268353729","screen_name":"moiskd","name":"Sylvie Kenig Dessau"}],"hashtags":[],"urls":[]},"in_reply_to_screen_name":"clydetheslyde","id_str":"499586042752557056","retweet_count":2,"in_reply_to_user_id":17072206,"favorited":false,"user":{"follow_request_sent":false,"profile_use_background_image":true,"default_profile_image":false,"id":275978340,"profile_background_image_url_https":"https:\/\/abs.twimg.com\/images\/themes\/theme1\/bg.png","verified":false,"profile_text_color":"333333","profile_image_url_https":"https:\/\/pbs.twimg.com\/profile_images\/545442730038812673\/WMx9mHFX_normal.jpeg","profile_sidebar_fill_color":"DDEEF6","entities":{"description":{"urls":[]}},"followers_count":714,"profile_sidebar_border_color":"C0DEED","id_str":"275978340","profile_background_color":"C0DEED","listed_count":7,"is_translation_enabled":false,"utc_offset":-18000,"statuses_count":4981,"description":"Political junkie.  Late bloomer to drinkin' and cussin'.   Christian, but not the creepy kind.  Interested in everything. Damned nice guy.","friends_count":1055,"location":"","profile_link_color":"0084B4","profile_image_url":"http:\/\/pbs.twimg.com\/profile_images\/545442730038812673\/WMx9mHFX_normal.jpeg","following":false,"geo_enabled":false,"profile_banner_url":"https:\/\/pbs.twimg.com\/profile_banners\/275978340\/1394242490","profile_background_image_url":"http:\/\/abs.twimg.com\/images\/themes\/theme1\/bg.png","screen_name":"rockwell1861","lang":"en","profile_background_tile":false,"favourites_count":3177,"name":"MonkeeWannabe","notifications":false,"url":null,"created_at":"Sat Apr 02 11:52:22 +0000 2011","contributors_enabled":false,"time_zone":"Central Time (US & Canada)","protected":false,"default_profile":true,"is_translator":false},"geo":null,"in_reply_to_user_id_str":"17072206","lang":"en","created_at":"Wed Aug 13 15:59:29 +0000 2014","in_reply_to_status_id_str":"499368931367608320","place":null}