{"contributors": null, "truncated": false, "text": "@my2bits4u @clydetheslyde so tragic!", "in_reply_to_status_id": 499435314373734400, "id": 499547493592743936, "favorite_count": 0, "source": "<a href=\"http://twitter.com/download/iphone\" rel=\"nofollow\">Twitter for iPhone</a>", "retweeted": false, "coordinates": {"type": "Point", "coordinates": [-75.24514331, 39.90425629]}, "entities": {"symbols": [], "user_mentions": [{"id": 22095997, "indices": [0, 10], "id_str": "22095997", "screen_name": "my2bits4u", "name": "Ben and Bowe gaaaazy"}, {"id": 17072206, "indices": [11, 25], "id_str": "17072206", "screen_name": "clydetheslyde", "name": "clydetheslyde"}], "hashtags": [], "urls": []}, "in_reply_to_screen_name": "my2bits4u", "id_str": "499547493592743936", "retweet_count": 0, "in_reply_to_user_id": 22095997, "favorited": false, "user": {"follow_request_sent": false, "profile_use_background_image": true, "default_profile_image": false, "id": 167581897, "profile_background_image_url_https": "https://abs.twimg.com/images/themes/theme1/bg.png", "verified": false, "profile_text_color": "333333", "profile_image_url_https": "https://pbs.twimg.com/profile_images/2164347222/image_normal.jpg", "profile_sidebar_fill_color": "DDEEF6", "entities": {"description": {"urls": []}}, "followers_count": 404, "profile_sidebar_border_color": "C0DEED", "id_str": "167581897", "profile_background_color": "C0DEED", "listed_count": 22, "is_translation_enabled": false, "utc_offset": -10800, "statuses_count": 24891, "description": "Boricua, American - born and bred in the USA, wife, educator, retired Army officer, progressive thinker. I have defended this country, have you?Then shut up!", "friends_count": 183, "location": "Philadelphia, PA, USA", "profile_link_color": "0084B4", "profile_image_url": "http://pbs.twimg.com/profile_images/2164347222/image_normal.jpg", "following": false, "geo_enabled": true, "profile_banner_url": "https://pbs.twimg.com/profile_banners/167581897/1362865007", "profile_background_image_url": "http://abs.twimg.com/images/themes/theme1/bg.png", "screen_name": "inezmcampbell", "lang": "en", "profile_background_tile": false, "favourites_count": 7318, "name": "Inez M Campbell", "notifications": false, "url": null, "created_at": "Fri Jul 16 23:41:58 +0000 2010", "contributors_enabled": false, "time_zone": "Atlantic Time (Canada)", "protected": false, "default_profile": true, "is_translator": false}, "geo": {"type": "Point", "coordinates": [39.90425629, -75.24514331]}, "in_reply_to_user_id_str": "22095997", "lang": "en", "created_at": "Wed Aug 13 13:26:18 +0000 2014", "in_reply_to_status_id_str": "499435314373734400", "place": {"full_name": "Philadelphia, PA", "url": "https://api.twitter.com/1.1/geo/id/e4a0d228eb6be76b.json", "country": "United States", "place_type": "city", "bounding_box": {"type": "Polygon", "coordinates": [[[-75.280284, 39.871811], [-74.955712, 39.871811], [-74.955712, 40.13792], [-75.280284, 40.13792]]]}, "contained_within": [], "country_code": "US", "attributes": {}, "id": "e4a0d228eb6be76b", "name": "Philadelphia"}}
