{"contributors": null, "truncated": false, "text": "@mechphree @clydetheslyde @mylifeishid FOX HAS BECOME A REPUBLICAN POLITICIANS INFOMERCIAL,&amp; ISN'T REALLY INTERESTED IN REAL NEWS,BOYCOTT !", "in_reply_to_status_id": 499570907602767872, "id": 499580023901519872, "favorite_count": 2, "source": "<a href=\"http://twitter.com\" rel=\"nofollow\">Twitter Web Client</a>", "retweeted": false, "coordinates": null, "entities": {"symbols": [], "user_mentions": [{"id": 1849223671, "indices": [0, 10], "id_str": "1849223671", "screen_name": "mechphree", "name": "Phreedom"}, {"id": 17072206, "indices": [11, 25], "id_str": "17072206", "screen_name": "clydetheslyde", "name": "clydetheslyde"}, {"id": 225015902, "indices": [26, 38], "id_str": "225015902", "screen_name": "mylifeishid", "name": "Michael Mallory"}], "hashtags": [], "urls": []}, "in_reply_to_screen_name": "mechphree", "id_str": "499580023901519872", "retweet_count": 0, "in_reply_to_user_id": 1849223671, "favorited": false, "user": {"follow_request_sent": false, "profile_use_background_image": true, "default_profile_image": true, "id": 847923606, "profile_background_image_url_https": "https://abs.twimg.com/images/themes/theme1/bg.png", "verified": false, "profile_text_color": "333333", "profile_image_url_https": "https://abs.twimg.com/sticky/default_profile_images/default_profile_5_normal.png", "profile_sidebar_fill_color": "DDEEF6", "entities": {"description": {"urls": []}}, "followers_count": 1585, "profile_sidebar_border_color": "C0DEED", "id_str": "847923606", "profile_background_color": "C0DEED", "listed_count": 29, "is_translation_enabled": false, "utc_offset": -14400, "statuses_count": 26717, "description": "I am interested in current events ,politics,poker, health care,social security and medicare,etc. AM ALSO AN INDEPENDENT NO POLITICAL TIES WASP", "friends_count": 1430, "location": "", "profile_link_color": "0084B4", "profile_image_url": "http://abs.twimg.com/sticky/default_profile_images/default_profile_5_normal.png", "following": false, "geo_enabled": false, "profile_background_image_url": "http://abs.twimg.com/images/themes/theme1/bg.png", "screen_name": "jjbenz19", "lang": "en", "profile_background_tile": false, "favourites_count": 11590, "name": "jjbenz19", "notifications": false, "url": null, "created_at": "Wed Sep 26 18:54:11 +0000 2012", "contributors_enabled": false, "time_zone": "Eastern Time (US & Canada)", "protected": false, "default_profile": true, "is_translator": false}, "geo": null, "in_reply_to_user_id_str": "1849223671", "lang": "en", "created_at": "Wed Aug 13 15:35:34 +0000 2014", "in_reply_to_status_id_str": "499570907602767872", "place": null}
