{"contributors": null, "truncated": false, "text": "@mechphree @clydetheslyde @mylifeishid or be white. Or old and white. Or an old, rich and white Senator.", "in_reply_to_status_id": 499570907602767872, "id": 499596317413621760, "favorite_count": 0, "source": "<a href=\"http://twitter.com/download/iphone\" rel=\"nofollow\">Twitter for iPhone</a>", "retweeted": false, "coordinates": null, "entities": {"symbols": [], "user_mentions": [{"id": 1849223671, "indices": [0, 10], "id_str": "1849223671", "screen_name": "mechphree", "name": "Phreedom"}, {"id": 17072206, "indices": [11, 25], "id_str": "17072206", "screen_name": "clydetheslyde", "name": "clydetheslyde"}, {"id": 225015902, "indices": [26, 38], "id_str": "225015902", "screen_name": "mylifeishid", "name": "Michael Mallory"}], "hashtags": [], "urls": []}, "in_reply_to_screen_name": "mechphree", "id_str": "499596317413621760", "retweet_count": 0, "in_reply_to_user_id": 1849223671, "favorited": false, "user": {"follow_request_sent": false, "profile_use_background_image": true, "default_profile_image": false, "id": 1096235196, "profile_background_image_url_https": "https://abs.twimg.com/images/themes/theme1/bg.png", "verified": false, "profile_text_color": "333333", "profile_image_url_https": "https://pbs.twimg.com/profile_images/3119122916/252a1bdec5adb3937648fc3bf0962a7b_normal.jpeg", "profile_sidebar_fill_color": "DDEEF6", "entities": {"description": {"urls": []}}, "followers_count": 130, "profile_sidebar_border_color": "C0DEED", "id_str": "1096235196", "profile_background_color": "C0DEED", "listed_count": 2, "is_translation_enabled": false, "utc_offset": null, "statuses_count": 1722, "description": "A resident of Kentucky. A fan of music, beer, the cosmos and a good book.", "friends_count": 247, "location": "Between Venus and Mars", "profile_link_color": "0084B4", "profile_image_url": "http://pbs.twimg.com/profile_images/3119122916/252a1bdec5adb3937648fc3bf0962a7b_normal.jpeg", "following": false, "geo_enabled": true, "profile_banner_url": "https://pbs.twimg.com/profile_banners/1096235196/1374800539", "profile_background_image_url": "http://abs.twimg.com/images/themes/theme1/bg.png", "screen_name": "atleasttim", "lang": "en", "profile_background_tile": false, "favourites_count": 27, "name": "Beamer", "notifications": false, "url": null, "created_at": "Wed Jan 16 20:20:38 +0000 2013", "contributors_enabled": false, "time_zone": null, "protected": false, "default_profile": true, "is_translator": false}, "geo": null, "in_reply_to_user_id_str": "1849223671", "lang": "en", "created_at": "Wed Aug 13 16:40:18 +0000 2014", "in_reply_to_status_id_str": "499570907602767872", "place": null}
