{"contributors": null, "truncated": false, "text": "@TheAnonMessage2 LIES! #MikeBrown was not wanted 4 robbery otherise his friend would hv been considered an accomplice...#COVERUP #Ferguson", "in_reply_to_status_id": 500281131057811456, "id": 500281475141357568, "favorite_count": 2, "source": "<a href=\"http://twitter.com/download/android\" rel=\"nofollow\">Twitter for Android</a>", "retweeted": false, "coordinates": null, "entities": {"symbols": [], "user_mentions": [{"id": 2725579568, "indices": [0, 16], "id_str": "2725579568", "screen_name": "TheAnonMessage2", "name": "TAM BACKUP"}], "hashtags": [{"indices": [23, 33], "text": "MikeBrown"}, {"indices": [120, 128], "text": "COVERUP"}, {"indices": [129, 138], "text": "Ferguson"}], "urls": []}, "in_reply_to_screen_name": "TheAnonMessage2", "id_str": "500281475141357568", "retweet_count": 0, "in_reply_to_user_id": 2725579568, "favorited": false, "user": {"follow_request_sent": false, "profile_use_background_image": true, "default_profile_image": false, "id": 1036111818, "profile_background_image_url_https": "https://pbs.twimg.com/profile_background_images/802530868/c36b5e795aabd9dbb80eb314a72675e5.jpeg", "verified": false, "profile_text_color": "333333", "profile_image_url_https": "https://pbs.twimg.com/profile_images/503910269433552896/CiEjgh8a_normal.jpeg", "profile_sidebar_fill_color": "DDEEF6", "entities": {"description": {"urls": []}}, "followers_count": 68, "profile_sidebar_border_color": "000000", "id_str": "1036111818", "profile_background_color": "C0DEED", "listed_count": 1, "is_translation_enabled": false, "utc_offset": -18000, "statuses_count": 2992, "description": "Carbon started it all...", "friends_count": 134, "location": "", "profile_link_color": "0084B4", "profile_image_url": "http://pbs.twimg.com/profile_images/503910269433552896/CiEjgh8a_normal.jpeg", "following": false, "geo_enabled": false, "profile_banner_url": "https://pbs.twimg.com/profile_banners/1036111818/1397242616", "profile_background_image_url": "http://pbs.twimg.com/profile_background_images/802530868/c36b5e795aabd9dbb80eb314a72675e5.jpeg", "screen_name": "peaceful_birdie", "lang": "en", "profile_background_tile": false, "favourites_count": 1461, "name": "AM", "notifications": false, "url": null, "created_at": "Wed Dec 26 02:39:46 +0000 2012", "contributors_enabled": false, "time_zone": "Central Time (US & Canada)", "protected": false, "default_profile": false, "is_translator": false}, "geo": null, "in_reply_to_user_id_str": "2725579568", "lang": "en", "created_at": "Fri Aug 15 14:02:53 +0000 2014", "in_reply_to_status_id_str": "500281131057811456", "place": null}
