{"contributors":null,"truncated":false,"text":"@TheAnonMessage2 @Ryses_Pyses I want to know what kind of vision the police have to clearly say this is Mike Brown! I can barely see a face","in_reply_to_status_id":500281131057811456,"id":500283678170562561,"favorite_count":0,"source":"<a href=\"http:\/\/twitter.com\/download\/iphone\" rel=\"nofollow\">Twitter for iPhone<\/a>","retweeted":false,"coordinates":null,"entities":{"symbols":[],"user_mentions":[{"id":2725579568,"indices":[0,16],"id_str":"2725579568","screen_name":"TheAnonMessage2","name":"TAM BACKUP"},{"id":24511815,"indices":[17,29],"id_str":"24511815","screen_name":"Ryses_Pyses","name":"Wendy Peffercorn"}],"hashtags":[],"urls":[]},"in_reply_to_screen_name":"TheAnonMessage2","id_str":"500283678170562561","retweet_count":0,"in_reply_to_user_id":2725579568,"favorited":false,"user":{"follow_request_sent":false,"profile_use_background_image":false,"default_profile_image":false,"id":26103323,"profile_background_image_url_https":"https:\/\/pbs.twimg.com\/profile_background_images\/15036938\/kb24.gif","verified":false,"profile_text_color":"333333","profile_image_url_https":"https:\/\/pbs.twimg.com\/profile_images\/575262782947487744\/7ezMfNKF_normal.jpeg","profile_sidebar_fill_color":"EFEFEF","entities":{"url":{"urls":[{"url":"http:\/\/t.co\/nFDqCwkKIj","indices":[0,22],"expanded_url":"http:\/\/www.brothersofconcern.org","display_url":"brothersofconcern.org"}]},"description":{"urls":[]}},"followers_count":578,"profile_sidebar_border_color":"EEEEEE","id_str":"26103323","profile_background_color":"131516","listed_count":4,"is_translation_enabled":false,"utc_offset":-14400,"statuses_count":20881,"description":"I just wanna LIV!!!","friends_count":564,"location":"LPG Headquarters","profile_link_color":"009999","profile_image_url":"http:\/\/pbs.twimg.com\/profile_images\/575262782947487744\/7ezMfNKF_normal.jpeg","following":false,"geo_enabled":true,"profile_background_image_url":"http:\/\/pbs.twimg.com\/profile_background_images\/15036938\/kb24.gif","screen_name":"kingharper","lang":"en","profile_background_tile":true,"favourites_count":127,"name":"KINGSMANSHIP","notifications":false,"url":"http:\/\/t.co\/nFDqCwkKIj","created_at":"Mon Mar 23 22:11:47 +0000 2009","contributors_enabled":false,"time_zone":"Eastern Time (US & Canada)","protected":false,"default_profile":false,"is_translator":false},"geo":null,"in_reply_to_user_id_str":"2725579568","lang":"en","created_at":"Fri Aug 15 14:11:38 +0000 2014","in_reply_to_status_id_str":"500281131057811456","place":null}