{"contributors": null, "truncated": false, "text": "@TheAnonMessage2 I have a real civil rights idea that WILL work.", "in_reply_to_status_id": 500281131057811456, "id": 500281983885672448, "favorite_count": 0, "source": "<a href=\"http://twitter.com/download/android\" rel=\"nofollow\">Twitter for Android</a>", "retweeted": false, "coordinates": null, "entities": {"symbols": [], "user_mentions": [{"id": 2725579568, "indices": [0, 16], "id_str": "2725579568", "screen_name": "TheAnonMessage2", "name": "TAM BACKUP"}], "hashtags": [], "urls": []}, "in_reply_to_screen_name": "TheAnonMessage2", "id_str": "500281983885672448", "retweet_count": 0, "in_reply_to_user_id": 2725579568, "favorited": false, "user": {"follow_request_sent": false, "profile_use_background_image": true, "default_profile_image": true, "id": 2683418746, "profile_background_image_url_https": "https://abs.twimg.com/images/themes/theme1/bg.png", "verified": false, "profile_text_color": "333333", "profile_image_url_https": "https://abs.twimg.com/sticky/default_profile_images/default_profile_1_normal.png", "profile_sidebar_fill_color": "DDEEF6", "entities": {"description": {"urls": []}}, "followers_count": 1, "profile_sidebar_border_color": "C0DEED", "id_str": "2683418746", "profile_background_color": "C0DEED", "listed_count": 0, "is_translation_enabled": false, "utc_offset": null, "statuses_count": 2, "description": "", "friends_count": 2, "location": "", "profile_link_color": "0084B4", "profile_image_url": "http://abs.twimg.com/sticky/default_profile_images/default_profile_1_normal.png", "following": false, "geo_enabled": false, "profile_background_image_url": "http://abs.twimg.com/images/themes/theme1/bg.png", "screen_name": "sormusicg", "lang": "en", "profile_background_tile": false, "favourites_count": 0, "name": "Songs On Repeat", "notifications": false, "url": null, "created_at": "Mon Jul 07 13:39:03 +0000 2014", "contributors_enabled": false, "time_zone": null, "protected": false, "default_profile": true, "is_translator": false}, "geo": null, "in_reply_to_user_id_str": "2725579568", "lang": "en", "created_at": "Fri Aug 15 14:04:54 +0000 2014", "in_reply_to_status_id_str": "500281131057811456", "place": null}
