{"contributors": null, "truncated": false, "text": "@TheAnonMessage2 Now I dont even believe they gave the right name of the officer.one lie leads to another and another..they r buried in lies", "in_reply_to_status_id": 500281131057811456, "id": 500283799708499969, "favorite_count": 0, "source": "<a href=\"http://twitter.com\" rel=\"nofollow\">Twitter Web Client</a>", "retweeted": false, "coordinates": null, "entities": {"symbols": [], "user_mentions": [{"id": 2725579568, "indices": [0, 16], "id_str": "2725579568", "screen_name": "TheAnonMessage2", "name": "TAM BACKUP"}], "hashtags": [], "urls": []}, "in_reply_to_screen_name": "TheAnonMessage2", "id_str": "500283799708499969", "retweet_count": 0, "in_reply_to_user_id": 2725579568, "favorited": false, "user": {"follow_request_sent": false, "profile_use_background_image": true, "default_profile_image": false, "id": 340514531, "profile_background_image_url_https": "https://pbs.twimg.com/profile_background_images/399467728/9fad1b1ff48eecefa107a9fdj7__1_.jpg", "verified": false, "profile_text_color": "666666", "profile_image_url_https": "https://pbs.twimg.com/profile_images/3533179999/1bd60f1e33e457754995f5395ab919d4_normal.jpeg", "profile_sidebar_fill_color": "252429", "entities": {"url": {"urls": [{"url": "http://t.co/P3thE5T6yB", "indices": [0, 22], "expanded_url": "http://www.stumbleupon.com/stumbler/revolutionaryis/", "display_url": "stumbleupon.com/stumbler/revol\u2026"}]}, "description": {"urls": []}}, "followers_count": 2153, "profile_sidebar_border_color": "181A1E", "id_str": "340514531", "profile_background_color": "1A1B1F", "listed_count": 77, "is_translation_enabled": false, "utc_offset": -25200, "statuses_count": 41149, "description": "The still pond is no more. As rocks are thrown in, as if to drown a man, and the ripples continue to move past us all, causing change in the stagnant water.", "friends_count": 2200, "location": " Another Dimension, USA", "profile_link_color": "2FC2EF", "profile_image_url": "http://pbs.twimg.com/profile_images/3533179999/1bd60f1e33e457754995f5395ab919d4_normal.jpeg", "following": false, "geo_enabled": false, "profile_banner_url": "https://pbs.twimg.com/profile_banners/340514531/1355490155", "profile_background_image_url": "http://pbs.twimg.com/profile_background_images/399467728/9fad1b1ff48eecefa107a9fdj7__1_.jpg", "screen_name": "janesherd", "lang": "en", "profile_background_tile": true, "favourites_count": 514, "name": "\u2665\u2665Dharma Jane\u2665\u2665\u01b8\u04dc\u01b7 ", "notifications": false, "url": "http://t.co/P3thE5T6yB", "created_at": "Fri Jul 22 20:37:33 +0000 2011", "contributors_enabled": false, "time_zone": "Pacific Time (US & Canada)", "protected": false, "default_profile": false, "is_translator": false}, "geo": null, "in_reply_to_user_id_str": "2725579568", "lang": "en", "created_at": "Fri Aug 15 14:12:07 +0000 2014", "in_reply_to_status_id_str": "500281131057811456", "place": null}
