{"contributors":null,"truncated":false,"text":"@TheAnonMessage2 that still is no excuse to kill him","in_reply_to_status_id":500281131057811456,"id":500281337694416896,"favorite_count":1,"source":"<a href=\"http:\/\/twitter.com\/download\/iphone\" rel=\"nofollow\">Twitter for iPhone<\/a>","retweeted":false,"coordinates":{"type":"Point","coordinates":[-109.5502447,31.34476608]},"entities":{"symbols":[],"user_mentions":[{"id":2725579568,"indices":[0,16],"id_str":"2725579568","screen_name":"TheAnonMessage2","name":"TAM BACKUP"}],"hashtags":[],"urls":[]},"in_reply_to_screen_name":"TheAnonMessage2","id_str":"500281337694416896","retweet_count":0,"in_reply_to_user_id":2725579568,"favorited":false,"user":{"follow_request_sent":false,"profile_use_background_image":false,"default_profile_image":false,"id":1169631512,"profile_background_image_url_https":"https:\/\/pbs.twimg.com\/profile_background_images\/378800000054579097\/1c31c155e4fb489fb27ca485cc61c587.png","verified":false,"profile_text_color":"333333","profile_image_url_https":"https:\/\/pbs.twimg.com\/profile_images\/517494065534078976\/b5-Lib7y_normal.jpeg","profile_sidebar_fill_color":"DDEEF6","entities":{"url":{"urls":[{"url":"http:\/\/t.co\/yBUqX4kPaL","indices":[0,22],"expanded_url":"http:\/\/fv-ck-me.tumblr.com\/","display_url":"fv-ck-me.tumblr.com"}]},"description":{"urls":[]}},"followers_count":236,"profile_sidebar_border_color":"FFFFFF","id_str":"1169631512","profile_background_color":"000000","listed_count":2,"is_translation_enabled":false,"utc_offset":null,"statuses_count":9131,"description":"bitch enthusiast","friends_count":536,"location":"","profile_link_color":"000000","profile_image_url":"http:\/\/pbs.twimg.com\/profile_images\/517494065534078976\/b5-Lib7y_normal.jpeg","following":false,"geo_enabled":true,"profile_banner_url":"https:\/\/pbs.twimg.com\/profile_banners\/1169631512\/1388753115","profile_background_image_url":"http:\/\/pbs.twimg.com\/profile_background_images\/378800000054579097\/1c31c155e4fb489fb27ca485cc61c587.png","screen_name":"52chainz","lang":"en","profile_background_tile":false,"favourites_count":5498,"name":"Bae J","notifications":false,"url":"http:\/\/t.co\/yBUqX4kPaL","created_at":"Mon Feb 11 18:13:42 +0000 2013","contributors_enabled":false,"time_zone":null,"protected":false,"default_profile":false,"is_translator":false},"geo":{"type":"Point","coordinates":[31.34476608,-109.5502447]},"in_reply_to_user_id_str":"2725579568","lang":"en","created_at":"Fri Aug 15 14:02:20 +0000 2014","in_reply_to_status_id_str":"500281131057811456","place":{"full_name":"Douglas, AZ","url":"https:\/\/api.twitter.com\/1.1\/geo\/id\/52d04cba03ddef94.json","country":"United States","place_type":"city","bounding_box":{"type":"Polygon","coordinates":[[[-109.568104,31.334002],[-109.511419,31.334002],[-109.511419,31.371493],[-109.568104,31.371493]]]},"contained_within":[],"country_code":"US","attributes":{},"id":"52d04cba03ddef94","name":"Douglas"}}