{"contributors": null, "truncated": false, "text": "@TheAnonMessage2 LIES", "in_reply_to_status_id": 500281131057811456, "id": 500283804272328704, "favorite_count": 0, "source": "<a href=\"http://twitter.com\" rel=\"nofollow\">Twitter Web Client</a>", "retweeted": false, "coordinates": null, "entities": {"symbols": [], "user_mentions": [{"id": 2725579568, "indices": [0, 16], "id_str": "2725579568", "screen_name": "TheAnonMessage2", "name": "TAM BACKUP"}], "hashtags": [], "urls": []}, "in_reply_to_screen_name": "TheAnonMessage2", "id_str": "500283804272328704", "retweet_count": 0, "in_reply_to_user_id": 2725579568, "favorited": false, "user": {"follow_request_sent": false, "profile_use_background_image": true, "default_profile_image": false, "id": 1957762644, "profile_background_image_url_https": "https://abs.twimg.com/images/themes/theme1/bg.png", "verified": false, "profile_text_color": "333333", "profile_image_url_https": "https://pbs.twimg.com/profile_images/500286696265502721/5hs_Arw1_normal.jpeg", "profile_sidebar_fill_color": "DDEEF6", "entities": {"description": {"urls": []}}, "followers_count": 6, "profile_sidebar_border_color": "C0DEED", "id_str": "1957762644", "profile_background_color": "C0DEED", "listed_count": 0, "is_translation_enabled": false, "utc_offset": null, "statuses_count": 458, "description": "", "friends_count": 18, "location": "", "profile_link_color": "0084B4", "profile_image_url": "http://pbs.twimg.com/profile_images/500286696265502721/5hs_Arw1_normal.jpeg", "following": false, "geo_enabled": false, "profile_background_image_url": "http://abs.twimg.com/images/themes/theme1/bg.png", "screen_name": "ScootBrown1", "lang": "en", "profile_background_tile": false, "favourites_count": 166, "name": "Scoot Brown", "notifications": false, "url": null, "created_at": "Sun Oct 13 01:46:08 +0000 2013", "contributors_enabled": false, "time_zone": null, "protected": false, "default_profile": true, "is_translator": false}, "geo": null, "in_reply_to_user_id_str": "2725579568", "lang": "en", "created_at": "Fri Aug 15 14:12:08 +0000 2014", "in_reply_to_status_id_str": "500281131057811456", "place": null}
