{"contributors":null,"truncated":false,"text":"@TheAnonMessage2 didn't the manager of the store already say this was not true","in_reply_to_status_id":500281131057811456,"id":500283406962663424,"favorite_count":0,"source":"<a href=\"http:\/\/twitter.com\/download\/iphone\" rel=\"nofollow\">Twitter for iPhone<\/a>","retweeted":false,"coordinates":null,"entities":{"symbols":[],"user_mentions":[{"id":2725579568,"indices":[0,16],"id_str":"2725579568","screen_name":"TheAnonMessage2","name":"TAM BACKUP"}],"hashtags":[],"urls":[]},"in_reply_to_screen_name":"TheAnonMessage2","id_str":"500283406962663424","retweet_count":1,"in_reply_to_user_id":2725579568,"favorited":false,"user":{"follow_request_sent":false,"profile_use_background_image":true,"default_profile_image":false,"id":37012240,"profile_background_image_url_https":"https:\/\/pbs.twimg.com\/profile_background_images\/201139734\/skate2.jpg","verified":false,"profile_text_color":"170309","profile_image_url_https":"https:\/\/pbs.twimg.com\/profile_images\/534448205694382080\/QFxCmZ8p_normal.jpeg","profile_sidebar_fill_color":"959396","entities":{"url":{"urls":[{"url":"http:\/\/t.co\/qPTNzkzf2X","indices":[0,22],"expanded_url":"http:\/\/www.youcaring.com\/medical-fundraiser\/spanto-vs-cancer-\/87077","display_url":"youcaring.com\/medical-fundra\u2026"}]},"description":{"urls":[]}},"followers_count":2261,"profile_sidebar_border_color":"6BF50E","id_str":"37012240","profile_background_color":"170B0B","listed_count":31,"is_translation_enabled":false,"utc_offset":-25200,"statuses_count":37494,"description":"i carried a watermelon.","friends_count":993,"location":"\u2728spanto lives\u2728","profile_link_color":"9813F0","profile_image_url":"http:\/\/pbs.twimg.com\/profile_images\/534448205694382080\/QFxCmZ8p_normal.jpeg","following":false,"geo_enabled":false,"profile_banner_url":"https:\/\/pbs.twimg.com\/profile_banners\/37012240\/1399425639","profile_background_image_url":"http:\/\/pbs.twimg.com\/profile_background_images\/201139734\/skate2.jpg","screen_name":"TheJennKlein","lang":"en","profile_background_tile":true,"favourites_count":3237,"name":"jenn.","notifications":false,"url":"http:\/\/t.co\/qPTNzkzf2X","created_at":"Fri May 01 18:55:14 +0000 2009","contributors_enabled":false,"time_zone":"Pacific Time (US & Canada)","protected":false,"default_profile":false,"is_translator":false},"geo":null,"in_reply_to_user_id_str":"2725579568","lang":"en","created_at":"Fri Aug 15 14:10:33 +0000 2014","in_reply_to_status_id_str":"500281131057811456","place":null}