{"contributors": null, "truncated": false, "text": "Of course, you have to crop have his face. #Ferguson #MikeBrown http://t.co/WfpkBWf6sv", "in_reply_to_status_id": 500281131057811456, "id": 500282369023430656, "favorite_count": 42, "source": "<a href=\"http://twitter.com/download/iphone\" rel=\"nofollow\">Twitter for iPhone</a>", "retweeted": false, "coordinates": null, "entities": {"symbols": [], "user_mentions": [], "hashtags": [{"indices": [43, 52], "text": "Ferguson"}, {"indices": [53, 63], "text": "MikeBrown"}], "urls": [], "media": [{"expanded_url": "http://twitter.com/TheAnonMessage2/status/500282369023430656/photo/1", "display_url": "pic.twitter.com/WfpkBWf6sv", "url": "http://t.co/WfpkBWf6sv", "media_url_https": "https://pbs.twimg.com/media/BvFcKdrCMAAUQn9.jpg", "id_str": "500282368448409600", "sizes": {"small": {"h": 604, "resize": "fit", "w": 340}, "large": {"h": 1024, "resize": "fit", "w": 576}, "medium": {"h": 1024, "resize": "fit", "w": 576}, "thumb": {"h": 150, "resize": "crop", "w": 150}}, "indices": [64, 86], "type": "photo", "id": 500282368448409600, "media_url": "http://pbs.twimg.com/media/BvFcKdrCMAAUQn9.jpg"}]}, "in_reply_to_screen_name": "TheAnonMessage2", "id_str": "500282369023430656", "retweet_count": 99, "in_reply_to_user_id": 2725579568, "favorited": false, "user": {"follow_request_sent": false, "profile_use_background_image": true, "default_profile_image": false, "id": 2725579568, "profile_background_image_url_https": "https://abs.twimg.com/images/themes/theme1/bg.png", "verified": false, "profile_text_color": "333333", "profile_image_url_https": "https://pbs.twimg.com/profile_images/501585041504616448/dpTAXBQd_normal.jpeg", "profile_sidebar_fill_color": "DDEEF6", "entities": {"description": {"urls": []}}, "followers_count": 17395, "profile_sidebar_border_color": "C0DEED", "id_str": "2725579568", "profile_background_color": "C0DEED", "listed_count": 87, "is_translation_enabled": false, "utc_offset": null, "statuses_count": 248, "description": "This account has been seized by #Anonymous. Aaron Bale, Commander X, and all federal COINTELPRO will expect us.", "friends_count": 32, "location": "", "profile_link_color": "0084B4", "profile_image_url": "http://pbs.twimg.com/profile_images/501585041504616448/dpTAXBQd_normal.jpeg", "following": false, "geo_enabled": false, "profile_banner_url": "https://pbs.twimg.com/profile_banners/2725579568/1408557136", "profile_background_image_url": "http://abs.twimg.com/images/themes/theme1/bg.png", "screen_name": "TheAnonMessage2", "lang": "en", "profile_background_tile": false, "favourites_count": 23, "name": "TAM BACKUP", "notifications": false, "url": null, "created_at": "Tue Aug 12 06:41:41 +0000 2014", "contributors_enabled": false, "time_zone": null, "protected": false, "default_profile": true, "is_translator": false}, "geo": null, "in_reply_to_user_id_str": "2725579568", "possibly_sensitive": false, "lang": "en", "created_at": "Fri Aug 15 14:06:26 +0000 2014", "in_reply_to_status_id_str": "500281131057811456", "place": null, "extended_entities": {"media": [{"expanded_url": "http://twitter.com/TheAnonMessage2/status/500282369023430656/photo/1", "display_url": "pic.twitter.com/WfpkBWf6sv", "url": "http://t.co/WfpkBWf6sv", "media_url_https": "https://pbs.twimg.com/media/BvFcKdrCMAAUQn9.jpg", "id_str": "500282368448409600", "sizes": {"small": {"h": 604, "resize": "fit", "w": 340}, "large": {"h": 1024, "resize": "fit", "w": 576}, "medium": {"h": 1024, "resize": "fit", "w": 576}, "thumb": {"h": 150, "resize": "crop", "w": 150}}, "indices": [64, 86], "type": "photo", "id": 500282368448409600, "media_url": "http://pbs.twimg.com/media/BvFcKdrCMAAUQn9.jpg"}, {"expanded_url": "http://twitter.com/TheAnonMessage2/status/500282369023430656/photo/1", "display_url": "pic.twitter.com/WfpkBWf6sv", "url": "http://t.co/WfpkBWf6sv", "media_url_https": "https://pbs.twimg.com/media/BvFcKcuCAAACjiH.jpg", "id_str": "500282368192544768", "sizes": {"small": {"h": 604, "resize": "fit", "w": 340}, "large": {"h": 1024, "resize": "fit", "w": 576}, "medium": {"h": 1024, "resize": "fit", "w": 576}, "thumb": {"h": 150, "resize": "crop", "w": 150}}, "indices": [64, 86], "type": "photo", "id": 500282368192544768, "media_url": "http://pbs.twimg.com/media/BvFcKcuCAAACjiH.jpg"}]}}
