{"contributors": null, "truncated": false, "text": "@TheAnonMessage2 he stole a candy bar and was threatened the cops will come to resolve the issue", "in_reply_to_status_id": 500281131057811456, "id": 500282657125572608, "favorite_count": 0, "source": "<a href=\"http://twitter.com/download/iphone\" rel=\"nofollow\">Twitter for iPhone</a>", "retweeted": false, "coordinates": null, "entities": {"symbols": [], "user_mentions": [{"id": 2725579568, "indices": [0, 16], "id_str": "2725579568", "screen_name": "TheAnonMessage2", "name": "TAM BACKUP"}], "hashtags": [], "urls": []}, "in_reply_to_screen_name": "TheAnonMessage2", "id_str": "500282657125572608", "retweet_count": 0, "in_reply_to_user_id": 2725579568, "favorited": false, "user": {"follow_request_sent": false, "profile_use_background_image": true, "default_profile_image": false, "id": 34102599, "profile_background_image_url_https": "https://abs.twimg.com/images/themes/theme9/bg.gif", "verified": false, "profile_text_color": "666666", "profile_image_url_https": "https://pbs.twimg.com/profile_images/451640571057012738/HMiesa8e_normal.jpeg", "profile_sidebar_fill_color": "252429", "entities": {"description": {"urls": []}}, "followers_count": 444, "profile_sidebar_border_color": "181A1E", "id_str": "34102599", "profile_background_color": "1A1B1F", "listed_count": 1, "is_translation_enabled": false, "utc_offset": -21600, "statuses_count": 2435, "description": "#YOLO #Capricorn #LiveYourLife #KeepYourChinUp", "friends_count": 408, "location": "SouthWest", "profile_link_color": "2FC2EF", "profile_image_url": "http://pbs.twimg.com/profile_images/451640571057012738/HMiesa8e_normal.jpeg", "following": false, "geo_enabled": false, "profile_banner_url": "https://pbs.twimg.com/profile_banners/34102599/1400777531", "profile_background_image_url": "http://abs.twimg.com/images/themes/theme9/bg.gif", "screen_name": "STACK3RS", "lang": "en", "profile_background_tile": false, "favourites_count": 288, "name": "Chris Kiefer", "notifications": false, "url": null, "created_at": "Wed Apr 22 00:08:40 +0000 2009", "contributors_enabled": false, "time_zone": "Mountain Time (US & Canada)", "protected": false, "default_profile": false, "is_translator": false}, "geo": null, "in_reply_to_user_id_str": "2725579568", "lang": "en", "created_at": "Fri Aug 15 14:07:34 +0000 2014", "in_reply_to_status_id_str": "500281131057811456", "place": null}
