{"contributors":null,"truncated":false,"text":"@TheAnonMessage2 this guy is way fatter than mike","in_reply_to_status_id":500281131057811456,"id":500283216847446016,"favorite_count":1,"source":"<a href=\"http:\/\/twitter.com\/download\/iphone\" rel=\"nofollow\">Twitter for iPhone<\/a>","retweeted":false,"coordinates":null,"entities":{"symbols":[],"user_mentions":[{"id":2725579568,"indices":[0,16],"id_str":"2725579568","screen_name":"TheAnonMessage2","name":"TAM BACKUP"}],"hashtags":[],"urls":[]},"in_reply_to_screen_name":"TheAnonMessage2","id_str":"500283216847446016","retweet_count":0,"in_reply_to_user_id":2725579568,"favorited":false,"user":{"follow_request_sent":false,"profile_use_background_image":false,"default_profile_image":false,"id":52208490,"profile_background_image_url_https":"https:\/\/pbs.twimg.com\/profile_background_images\/716935281\/e87596ea073ab41c4962c4ee6b56328e.jpeg","verified":false,"profile_text_color":"4EF52C","profile_image_url_https":"https:\/\/pbs.twimg.com\/profile_images\/585181305668788224\/3xoo1bt-_normal.jpg","profile_sidebar_fill_color":"1C1B1C","entities":{"url":{"urls":[{"url":"http:\/\/t.co\/exa7HyR9US","indices":[0,22],"expanded_url":"http:\/\/T4PNYC.com","display_url":"T4PNYC.com"}]},"description":{"urls":[]}},"followers_count":1000,"profile_sidebar_border_color":"FFFFFF","id_str":"52208490","profile_background_color":"000000","listed_count":16,"is_translation_enabled":false,"utc_offset":-14400,"statuses_count":27167,"description":"BITCH I RAP @barrio.barbie","friends_count":364,"location":"United SNAKES of ameriKKKlan","profile_link_color":"EB4DEB","profile_image_url":"http:\/\/pbs.twimg.com\/profile_images\/585181305668788224\/3xoo1bt-_normal.jpg","following":false,"geo_enabled":true,"profile_banner_url":"https:\/\/pbs.twimg.com\/profile_banners\/52208490\/1401864044","profile_background_image_url":"http:\/\/pbs.twimg.com\/profile_background_images\/716935281\/e87596ea073ab41c4962c4ee6b56328e.jpeg","screen_name":"J4POP","lang":"en","profile_background_tile":true,"favourites_count":24,"name":"Colombian Blend","notifications":false,"url":"http:\/\/t.co\/exa7HyR9US","created_at":"Mon Jun 29 22:15:07 +0000 2009","contributors_enabled":false,"time_zone":"Eastern Time (US & Canada)","protected":false,"default_profile":false,"is_translator":false},"geo":null,"in_reply_to_user_id_str":"2725579568","lang":"en","created_at":"Fri Aug 15 14:09:48 +0000 2014","in_reply_to_status_id_str":"500281131057811456","place":null}