{"contributors":null,"truncated":false,"text":"@TheAnonMessage2 Even if connected, does that mean he should be shot 8 times with his hands up on the ground?","in_reply_to_status_id":500281131057811456,"id":500281613561761793,"favorite_count":0,"source":"<a href=\"http:\/\/twitter.com\" rel=\"nofollow\">Twitter Web Client<\/a>","retweeted":false,"coordinates":null,"entities":{"symbols":[],"user_mentions":[{"id":2725579568,"indices":[0,16],"id_str":"2725579568","screen_name":"TheAnonMessage2","name":"TAM BACKUP"}],"hashtags":[],"urls":[]},"in_reply_to_screen_name":"TheAnonMessage2","id_str":"500281613561761793","retweet_count":0,"in_reply_to_user_id":2725579568,"favorited":false,"user":{"follow_request_sent":false,"profile_use_background_image":true,"default_profile_image":false,"id":386026832,"profile_background_image_url_https":"https:\/\/pbs.twimg.com\/profile_background_images\/825693717\/a25c0e2930660dc65f36e2d84db1117a.jpeg","verified":false,"profile_text_color":"333333","profile_image_url_https":"https:\/\/pbs.twimg.com\/profile_images\/519327738788737025\/BYOu0RXn_normal.jpeg","profile_sidebar_fill_color":"DDEEF6","entities":{"description":{"urls":[]}},"followers_count":149,"profile_sidebar_border_color":"FFFFFF","id_str":"386026832","profile_background_color":"C0DEED","listed_count":7,"is_translation_enabled":false,"utc_offset":-14400,"statuses_count":1980,"description":"Think critically and demand evidence.  College Educator.  My tweets are representative of my views and no one else's.  Everyone deserves to be treated equally.","friends_count":663,"location":"STL born and raised!","profile_link_color":"8F8106","profile_image_url":"http:\/\/pbs.twimg.com\/profile_images\/519327738788737025\/BYOu0RXn_normal.jpeg","following":false,"geo_enabled":false,"profile_banner_url":"https:\/\/pbs.twimg.com\/profile_banners\/386026832\/1408043826","profile_background_image_url":"http:\/\/pbs.twimg.com\/profile_background_images\/825693717\/a25c0e2930660dc65f36e2d84db1117a.jpeg","screen_name":"SociologyGal","lang":"en","profile_background_tile":true,"favourites_count":254,"name":"SociologyGalSTL","notifications":false,"url":null,"created_at":"Thu Oct 06 15:04:56 +0000 2011","contributors_enabled":false,"time_zone":"Eastern Time (US & Canada)","protected":false,"default_profile":false,"is_translator":false},"geo":null,"in_reply_to_user_id_str":"2725579568","lang":"en","created_at":"Fri Aug 15 14:03:26 +0000 2014","in_reply_to_status_id_str":"500281131057811456","place":null}