{"contributors":null,"truncated":false,"text":"@TheAnonMessage2 oh hell of course","in_reply_to_status_id":500281131057811456,"id":500281311852916736,"favorite_count":0,"source":"<a href=\"http:\/\/twitter.com\/download\/android\" rel=\"nofollow\">Twitter for Android<\/a>","retweeted":false,"coordinates":null,"entities":{"symbols":[],"user_mentions":[{"id":2725579568,"indices":[0,16],"id_str":"2725579568","screen_name":"TheAnonMessage2","name":"TAM BACKUP"}],"hashtags":[],"urls":[]},"in_reply_to_screen_name":"TheAnonMessage2","id_str":"500281311852916736","retweet_count":0,"in_reply_to_user_id":2725579568,"favorited":false,"user":{"follow_request_sent":false,"profile_use_background_image":true,"default_profile_image":false,"id":23870307,"profile_background_image_url_https":"https:\/\/abs.twimg.com\/images\/themes\/theme2\/bg.gif","verified":false,"profile_text_color":"663B12","profile_image_url_https":"https:\/\/pbs.twimg.com\/profile_images\/572573482875150336\/73Q_7bAs_normal.jpeg","profile_sidebar_fill_color":"DAECF4","entities":{"description":{"urls":[]}},"followers_count":77,"profile_sidebar_border_color":"C6E2EE","id_str":"23870307","profile_background_color":"C6E2EE","listed_count":1,"is_translation_enabled":false,"utc_offset":null,"statuses_count":781,"description":"I've been called to be like a lion. Quiet and watchful, roaring when needed.","friends_count":361,"location":"Ontario, CA","profile_link_color":"1F98C7","profile_image_url":"http:\/\/pbs.twimg.com\/profile_images\/572573482875150336\/73Q_7bAs_normal.jpeg","following":false,"geo_enabled":true,"profile_banner_url":"https:\/\/pbs.twimg.com\/profile_banners\/23870307\/1410238998","profile_background_image_url":"http:\/\/abs.twimg.com\/images\/themes\/theme2\/bg.gif","screen_name":"Tymathee","lang":"en","profile_background_tile":false,"favourites_count":44,"name":"Timothy Morris","notifications":false,"url":null,"created_at":"Thu Mar 12 01:33:49 +0000 2009","contributors_enabled":false,"time_zone":null,"protected":false,"default_profile":false,"is_translator":false},"geo":null,"in_reply_to_user_id_str":"2725579568","lang":"en","created_at":"Fri Aug 15 14:02:14 +0000 2014","in_reply_to_status_id_str":"500281131057811456","place":null}