{"contributors":null,"truncated":false,"text":"@jasongarcia5 @TheAnonMessage2 lol there's a million dudes wearing cargos &amp; white tees everyday please stop","in_reply_to_status_id":500295061595521024,"id":500308342599061504,"favorite_count":0,"source":"<a href=\"http:\/\/twitter.com\/download\/iphone\" rel=\"nofollow\">Twitter for iPhone<\/a>","retweeted":false,"coordinates":null,"entities":{"symbols":[],"user_mentions":[{"id":28334974,"indices":[0,13],"id_str":"28334974","screen_name":"jasongarcia5","name":"Jason Garcia"},{"id":2725579568,"indices":[14,30],"id_str":"2725579568","screen_name":"TheAnonMessage2","name":"TAM BACKUP"}],"hashtags":[],"urls":[]},"in_reply_to_screen_name":"jasongarcia5","id_str":"500308342599061504","retweet_count":0,"in_reply_to_user_id":28334974,"favorited":false,"user":{"follow_request_sent":false,"profile_use_background_image":true,"default_profile_image":false,"id":131063206,"profile_background_image_url_https":"https:\/\/abs.twimg.com\/images\/themes\/theme15\/bg.png","verified":false,"profile_text_color":"333333","profile_image_url_https":"https:\/\/pbs.twimg.com\/profile_images\/569720149737865216\/j7Z_RzH9_normal.jpeg","profile_sidebar_fill_color":"C0DFEC","entities":{"url":{"urls":[{"url":"http:\/\/t.co\/AmcND0N0W3","indices":[0,22],"expanded_url":"http:\/\/kjdakidd.tumblr.com","display_url":"kjdakidd.tumblr.com"}]},"description":{"urls":[{"url":"http:\/\/t.co\/kHLZm6yb5Y","indices":[138,160],"expanded_url":"http:\/\/www.youtube.com\/allfromthai","display_url":"youtube.com\/allfromthai"}]}},"followers_count":7869,"profile_sidebar_border_color":"A8C7F7","id_str":"131063206","profile_background_color":"022330","listed_count":84,"is_translation_enabled":false,"utc_offset":-14400,"statuses_count":16582,"description":"In 3 words I can sum up life: IT GOES ON! Failure Is Never A Destination!!! My fav basketball player is @kjdakidd12 Check his mixtapes at http:\/\/t.co\/kHLZm6yb5Y","friends_count":4298,"location":"Lake Worth, FL","profile_link_color":"0084B4","profile_image_url":"http:\/\/pbs.twimg.com\/profile_images\/569720149737865216\/j7Z_RzH9_normal.jpeg","following":false,"geo_enabled":true,"profile_banner_url":"https:\/\/pbs.twimg.com\/profile_banners\/131063206\/1409229160","profile_background_image_url":"http:\/\/abs.twimg.com\/images\/themes\/theme15\/bg.png","screen_name":"ImSoFlorida","lang":"en","profile_background_tile":false,"favourites_count":2246,"name":"StopLookingAtMyFeet\u00ae","notifications":false,"url":"http:\/\/t.co\/AmcND0N0W3","created_at":"Fri Apr 09 04:35:00 +0000 2010","contributors_enabled":false,"time_zone":"Eastern Time (US & Canada)","protected":false,"default_profile":false,"is_translator":false},"geo":null,"in_reply_to_user_id_str":"28334974","lang":"en","created_at":"Fri Aug 15 15:49:38 +0000 2014","in_reply_to_status_id_str":"500295061595521024","place":null}