{"contributors":null,"truncated":false,"text":"@ImSoFlorida @jasongarcia5 @TheAnonMessage2 these pictures look damning, but stealing rillos DOES NOT JUSTIFY MURDER!","in_reply_to_status_id":500308342599061504,"id":500312191090712577,"favorite_count":1,"source":"<a href=\"http:\/\/twitter.com\/#!\/download\/ipad\" rel=\"nofollow\">Twitter for iPad<\/a>","retweeted":false,"coordinates":null,"entities":{"symbols":[],"user_mentions":[{"id":131063206,"indices":[0,12],"id_str":"131063206","screen_name":"ImSoFlorida","name":"StopLookingAtMyFeet\u00ae"},{"id":28334974,"indices":[13,26],"id_str":"28334974","screen_name":"jasongarcia5","name":"Jason Garcia"},{"id":2725579568,"indices":[27,43],"id_str":"2725579568","screen_name":"TheAnonMessage2","name":"TAM BACKUP"}],"hashtags":[],"urls":[]},"in_reply_to_screen_name":"ImSoFlorida","id_str":"500312191090712577","retweet_count":0,"in_reply_to_user_id":131063206,"favorited":false,"user":{"follow_request_sent":false,"profile_use_background_image":true,"default_profile_image":false,"id":187013543,"profile_background_image_url_https":"https:\/\/pbs.twimg.com\/profile_background_images\/438089790768967680\/la7-_Kav.png","verified":false,"profile_text_color":"333333","profile_image_url_https":"https:\/\/pbs.twimg.com\/profile_images\/545108653913550848\/yLulkOD5_normal.jpeg","profile_sidebar_fill_color":"DDEEF6","entities":{"description":{"urls":[]}},"followers_count":391,"profile_sidebar_border_color":"000000","id_str":"187013543","profile_background_color":"C0DEED","listed_count":3,"is_translation_enabled":false,"utc_offset":-14400,"statuses_count":6222,"description":"#L1C4 #TheFamily #COYBIG #YNWA #EZLN #KellysArmy #FREELEONARDPELTIER. -\u00a1Hasta la Victoria Siempre! -Tiocfaidh \u00e1r l\u00e1! -Co-President-Sydney Brackemyre fan club","friends_count":766,"location":"","profile_link_color":"0084B4","profile_image_url":"http:\/\/pbs.twimg.com\/profile_images\/545108653913550848\/yLulkOD5_normal.jpeg","following":false,"geo_enabled":false,"profile_banner_url":"https:\/\/pbs.twimg.com\/profile_banners\/187013543\/1410936040","profile_background_image_url":"http:\/\/pbs.twimg.com\/profile_background_images\/438089790768967680\/la7-_Kav.png","screen_name":"rzary","lang":"en","profile_background_tile":true,"favourites_count":2146,"name":"AA Ron Balakay","notifications":false,"url":null,"created_at":"Sun Sep 05 01:11:34 +0000 2010","contributors_enabled":false,"time_zone":"Eastern Time (US & Canada)","protected":false,"default_profile":false,"is_translator":false},"geo":null,"in_reply_to_user_id_str":"131063206","lang":"en","created_at":"Fri Aug 15 16:04:56 +0000 2014","in_reply_to_status_id_str":"500308342599061504","place":null}