{"contributors":null,"truncated":false,"text":"@rzary @ImSoFlorida @TheAnonMessage2 just so my opinion is clear; no way that kid should be dead, period! Anon ain't the vigilante he thinks","in_reply_to_status_id":500312191090712577,"id":500323392864919552,"favorite_count":0,"source":"<a href=\"http:\/\/twitterrific.com\" rel=\"nofollow\">Twitterrific<\/a>","retweeted":false,"coordinates":null,"entities":{"symbols":[],"user_mentions":[{"id":187013543,"indices":[0,6],"id_str":"187013543","screen_name":"rzary","name":"AA Ron Balakay"},{"id":131063206,"indices":[7,19],"id_str":"131063206","screen_name":"ImSoFlorida","name":"StopLookingAtMyFeet\u00ae"},{"id":2725579568,"indices":[20,36],"id_str":"2725579568","screen_name":"TheAnonMessage2","name":"TAM BACKUP"}],"hashtags":[],"urls":[]},"in_reply_to_screen_name":"rzary","id_str":"500323392864919552","retweet_count":0,"in_reply_to_user_id":187013543,"favorited":false,"user":{"follow_request_sent":false,"profile_use_background_image":true,"default_profile_image":false,"id":28334974,"profile_background_image_url_https":"https:\/\/pbs.twimg.com\/profile_background_images\/28073298\/3673070513_e94b5d7bd6.jpg","verified":false,"profile_text_color":"333333","profile_image_url_https":"https:\/\/pbs.twimg.com\/profile_images\/538942046363738112\/UGE34cR2_normal.png","profile_sidebar_fill_color":"DDFFCC","entities":{"description":{"urls":[]}},"followers_count":210,"profile_sidebar_border_color":"BDDCAD","id_str":"28334974","profile_background_color":"9AE4E8","listed_count":14,"is_translation_enabled":false,"utc_offset":-14400,"statuses_count":12677,"description":"Dad and Husband. Preparedness Planner. Diehard Green Bay Packer supporter! Born w\/ CHD and PAH. The fight is on! These tweets are nobody's thoughts but my own.","friends_count":264,"location":"Outagamie County","profile_link_color":"0084B4","profile_image_url":"http:\/\/pbs.twimg.com\/profile_images\/538942046363738112\/UGE34cR2_normal.png","following":false,"geo_enabled":false,"profile_banner_url":"https:\/\/pbs.twimg.com\/profile_banners\/28334974\/1396917082","profile_background_image_url":"http:\/\/pbs.twimg.com\/profile_background_images\/28073298\/3673070513_e94b5d7bd6.jpg","screen_name":"jasongarcia5","lang":"en","profile_background_tile":true,"favourites_count":104,"name":"Jason Garcia","notifications":false,"url":null,"created_at":"Thu Apr 02 13:16:49 +0000 2009","contributors_enabled":false,"time_zone":"Eastern Time (US & Canada)","protected":false,"default_profile":false,"is_translator":false},"geo":null,"in_reply_to_user_id_str":"187013543","lang":"en","created_at":"Fri Aug 15 16:49:27 +0000 2014","in_reply_to_status_id_str":"500312191090712577","place":null}