{"contributors": null, "truncated": false, "text": "@CelestialCylon @RT_com Because American media is staying incredibly quiet. Call RT propaganda but its more news than CNN, MSNBC or Fox.", "in_reply_to_status_id": 500289844728565760, "id": 500292092032471040, "favorite_count": 0, "source": "<a href=\"http://twitter.com/download/android\" rel=\"nofollow\">Twitter for Android</a>", "retweeted": false, "coordinates": null, "entities": {"symbols": [], "user_mentions": [{"id": 2659206870, "indices": [0, 15], "id_str": "2659206870", "screen_name": "CelestialCylon", "name": "John"}, {"id": 64643056, "indices": [16, 23], "id_str": "64643056", "screen_name": "RT_com", "name": "RT"}], "hashtags": [], "urls": []}, "in_reply_to_screen_name": "CelestialCylon", "id_str": "500292092032471040", "retweet_count": 0, "in_reply_to_user_id": 2659206870, "favorited": false, "user": {"follow_request_sent": false, "profile_use_background_image": true, "default_profile_image": false, "id": 2200860579, "profile_background_image_url_https": "https://abs.twimg.com/images/themes/theme1/bg.png", "verified": false, "profile_text_color": "333333", "profile_image_url_https": "https://pbs.twimg.com/profile_images/412989095062032385/HbOLKSsX_normal.jpeg", "profile_sidebar_fill_color": "DDEEF6", "entities": {"description": {"urls": []}}, "followers_count": 36, "profile_sidebar_border_color": "C0DEED", "id_str": "2200860579", "profile_background_color": "C0DEED", "listed_count": 3, "is_translation_enabled": false, "utc_offset": null, "statuses_count": 1278, "description": "I am interested in shouting my opinions. I can't blame anyone for not listening if I never speak up.", "friends_count": 114, "location": "Taxachusetts.", "profile_link_color": "0084B4", "profile_image_url": "http://pbs.twimg.com/profile_images/412989095062032385/HbOLKSsX_normal.jpeg", "following": false, "geo_enabled": false, "profile_banner_url": "https://pbs.twimg.com/profile_banners/2200860579/1387342385", "profile_background_image_url": "http://abs.twimg.com/images/themes/theme1/bg.png", "screen_name": "JohnnyMcJr", "lang": "en", "profile_background_tile": false, "favourites_count": 59, "name": "John Jr", "notifications": false, "url": null, "created_at": "Fri Nov 29 19:43:20 +0000 2013", "contributors_enabled": false, "time_zone": null, "protected": false, "default_profile": true, "is_translator": false}, "geo": null, "in_reply_to_user_id_str": "2659206870", "lang": "en", "created_at": "Fri Aug 15 14:45:04 +0000 2014", "in_reply_to_status_id_str": "500289844728565760", "place": null}
