{"contributors": null, "truncated": false, "text": "@RT_com Micheal Brown was a hardened criminal. But , of course, shooting him was wrong and the cop should get the death penalty", "in_reply_to_status_id": 500278045597368320, "id": 500278685698519041, "favorite_count": 0, "source": "<a href=\"http://twitter.com\" rel=\"nofollow\">Twitter Web Client</a>", "retweeted": false, "coordinates": null, "entities": {"symbols": [], "user_mentions": [{"id": 64643056, "indices": [0, 7], "id_str": "64643056", "screen_name": "RT_com", "name": "RT"}], "hashtags": [], "urls": []}, "in_reply_to_screen_name": "RT_com", "id_str": "500278685698519041", "retweet_count": 0, "in_reply_to_user_id": 64643056, "favorited": false, "user": {"follow_request_sent": false, "profile_use_background_image": true, "default_profile_image": false, "id": 150601108, "profile_background_image_url_https": "https://abs.twimg.com/images/themes/theme1/bg.png", "verified": false, "profile_text_color": "333333", "profile_image_url_https": "https://pbs.twimg.com/profile_images/506172909874720768/cPkAvI4i_normal.jpeg", "profile_sidebar_fill_color": "DDEEF6", "entities": {"description": {"urls": []}}, "followers_count": 538, "profile_sidebar_border_color": "C0DEED", "id_str": "150601108", "profile_background_color": "C0DEED", "listed_count": 8, "is_translation_enabled": false, "utc_offset": 19800, "statuses_count": 22051, "description": "Full respect and love to ALL religions! Film and book critic! Peace Evangelist! Mamta Banerjee fanatic! Exposing Genocides all over the world", "friends_count": 896, "location": "Somewhere over the Rainbow", "profile_link_color": "001EB3", "profile_image_url": "http://pbs.twimg.com/profile_images/506172909874720768/cPkAvI4i_normal.jpeg", "following": false, "geo_enabled": false, "profile_banner_url": "https://pbs.twimg.com/profile_banners/150601108/1409516315", "profile_background_image_url": "http://abs.twimg.com/images/themes/theme1/bg.png", "screen_name": "prabaI1978", "lang": "en", "profile_background_tile": false, "favourites_count": 3061, "name": "Prabal", "notifications": false, "url": null, "created_at": "Tue Jun 01 10:10:48 +0000 2010", "contributors_enabled": false, "time_zone": "New Delhi", "protected": false, "default_profile": false, "is_translator": false}, "geo": null, "in_reply_to_user_id_str": "64643056", "lang": "en", "created_at": "Fri Aug 15 13:51:48 +0000 2014", "in_reply_to_status_id_str": "500278045597368320", "place": null}
