{"contributors": null, "truncated": false, "text": "@RT_com hysterical", "in_reply_to_status_id": 500278045597368320, "id": 500280315429289985, "favorite_count": 0, "source": "<a href=\"http://twitter.com/download/iphone\" rel=\"nofollow\">Twitter for iPhone</a>", "retweeted": false, "coordinates": null, "entities": {"symbols": [], "user_mentions": [{"id": 64643056, "indices": [0, 7], "id_str": "64643056", "screen_name": "RT_com", "name": "RT"}], "hashtags": [], "urls": []}, "in_reply_to_screen_name": "RT_com", "id_str": "500280315429289985", "retweet_count": 0, "in_reply_to_user_id": 64643056, "favorited": false, "user": {"follow_request_sent": false, "profile_use_background_image": true, "default_profile_image": false, "id": 2311394295, "profile_background_image_url_https": "https://abs.twimg.com/images/themes/theme1/bg.png", "verified": false, "profile_text_color": "333333", "profile_image_url_https": "https://pbs.twimg.com/profile_images/508392396720443392/wErhlQ35_normal.jpeg", "profile_sidebar_fill_color": "DDEEF6", "entities": {"description": {"urls": []}}, "followers_count": 8, "profile_sidebar_border_color": "C0DEED", "id_str": "2311394295", "profile_background_color": "C0DEED", "listed_count": 4, "is_translation_enabled": false, "utc_offset": null, "statuses_count": 620, "description": "", "friends_count": 19, "location": "", "profile_link_color": "0084B4", "profile_image_url": "http://pbs.twimg.com/profile_images/508392396720443392/wErhlQ35_normal.jpeg", "following": false, "geo_enabled": false, "profile_background_image_url": "http://abs.twimg.com/images/themes/theme1/bg.png", "screen_name": "colinmo84319118", "lang": "en-GB", "profile_background_tile": false, "favourites_count": 66, "name": "colin moore", "notifications": false, "url": null, "created_at": "Wed Jan 29 07:36:10 +0000 2014", "contributors_enabled": false, "time_zone": null, "protected": false, "default_profile": true, "is_translator": false}, "geo": null, "in_reply_to_user_id_str": "64643056", "lang": "en", "created_at": "Fri Aug 15 13:58:16 +0000 2014", "in_reply_to_status_id_str": "500278045597368320", "place": null}
