{"contributors": null, "truncated": false, "text": "@RT_com  More of RT reporting on American news not it's own. hmhmhmhmhm...", "in_reply_to_status_id": 500278045597368320, "id": 500289844728565760, "favorite_count": 0, "source": "<a href=\"http://twitter.com\" rel=\"nofollow\">Twitter Web Client</a>", "retweeted": false, "coordinates": null, "entities": {"symbols": [], "user_mentions": [{"id": 64643056, "indices": [0, 7], "id_str": "64643056", "screen_name": "RT_com", "name": "RT"}], "hashtags": [], "urls": []}, "in_reply_to_screen_name": "RT_com", "id_str": "500289844728565760", "retweet_count": 0, "in_reply_to_user_id": 64643056, "favorited": false, "user": {"follow_request_sent": false, "profile_use_background_image": true, "default_profile_image": false, "id": 2659206870, "profile_background_image_url_https": "https://abs.twimg.com/images/themes/theme1/bg.png", "verified": false, "profile_text_color": "333333", "profile_image_url_https": "https://pbs.twimg.com/profile_images/490454095895871490/9pgQHMhE_normal.png", "profile_sidebar_fill_color": "DDEEF6", "entities": {"description": {"urls": []}}, "followers_count": 8, "profile_sidebar_border_color": "C0DEED", "id_str": "2659206870", "profile_background_color": "C0DEED", "listed_count": 0, "is_translation_enabled": false, "utc_offset": null, "statuses_count": 205, "description": "There are three classes of people: those who see, those who see when they are shown, those who do not see - Leonardo da Vinci", "friends_count": 33, "location": "US", "profile_link_color": "0084B4", "profile_image_url": "http://pbs.twimg.com/profile_images/490454095895871490/9pgQHMhE_normal.png", "following": false, "geo_enabled": false, "profile_background_image_url": "http://abs.twimg.com/images/themes/theme1/bg.png", "screen_name": "CelestialCylon", "lang": "en", "profile_background_tile": false, "favourites_count": 2, "name": "John", "notifications": false, "url": null, "created_at": "Sat Jul 19 11:04:17 +0000 2014", "contributors_enabled": false, "time_zone": null, "protected": false, "default_profile": true, "is_translator": false}, "geo": null, "in_reply_to_user_id_str": "64643056", "lang": "en", "created_at": "Fri Aug 15 14:36:08 +0000 2014", "in_reply_to_status_id_str": "500278045597368320", "place": null}
