{"contributors":null,"truncated":false,"text":"@RT_com Is this the right link?","in_reply_to_status_id":500278045597368320,"id":500278540391440385,"favorite_count":0,"source":"<a href=\"http:\/\/twitter.com\" rel=\"nofollow\">Twitter Web Client<\/a>","retweeted":false,"coordinates":null,"entities":{"symbols":[],"user_mentions":[{"id":64643056,"indices":[0,7],"id_str":"64643056","screen_name":"RT_com","name":"RT"}],"hashtags":[],"urls":[]},"in_reply_to_screen_name":"RT_com","id_str":"500278540391440385","retweet_count":0,"in_reply_to_user_id":64643056,"favorited":false,"user":{"follow_request_sent":false,"profile_use_background_image":true,"default_profile_image":false,"id":33786971,"profile_background_image_url_https":"https:\/\/pbs.twimg.com\/profile_background_images\/549630187\/FDLjackass2.jpg","verified":false,"profile_text_color":"205719","profile_image_url_https":"https:\/\/pbs.twimg.com\/profile_images\/566339462397837312\/d2yH4x68_normal.png","profile_sidebar_fill_color":"A6AFE3","entities":{"description":{"urls":[]}},"followers_count":491,"profile_sidebar_border_color":"10AB07","id_str":"33786971","profile_background_color":"348B2D","listed_count":11,"is_translation_enabled":false,"utc_offset":-18000,"statuses_count":7811,"description":"Big jackass redeemed by a love for animals. To the left of most. Monsanto sucks.","friends_count":436,"location":"","profile_link_color":"41A239","profile_image_url":"http:\/\/pbs.twimg.com\/profile_images\/566339462397837312\/d2yH4x68_normal.png","following":false,"geo_enabled":false,"profile_banner_url":"https:\/\/pbs.twimg.com\/profile_banners\/33786971\/1399771258","profile_background_image_url":"http:\/\/pbs.twimg.com\/profile_background_images\/549630187\/FDLjackass2.jpg","screen_name":"PresumptuousBug","lang":"en","profile_background_tile":true,"favourites_count":57,"name":"Presumptuous Insect","notifications":false,"url":null,"created_at":"Tue Apr 21 03:04:21 +0000 2009","contributors_enabled":false,"time_zone":"Quito","protected":false,"default_profile":false,"is_translator":false},"geo":null,"in_reply_to_user_id_str":"64643056","lang":"en","created_at":"Fri Aug 15 13:51:13 +0000 2014","in_reply_to_status_id_str":"500278045597368320","place":null}