{"contributors": null, "truncated": false, "text": "@RT_com excuses coming thick &amp; fast next", "in_reply_to_status_id": 500278045597368320, "id": 500281543823458304, "favorite_count": 0, "source": "<a href=\"http://twitter.com\" rel=\"nofollow\">Twitter Web Client</a>", "retweeted": false, "coordinates": null, "entities": {"symbols": [], "user_mentions": [{"id": 64643056, "indices": [0, 7], "id_str": "64643056", "screen_name": "RT_com", "name": "RT"}], "hashtags": [], "urls": []}, "in_reply_to_screen_name": "RT_com", "id_str": "500281543823458304", "retweet_count": 0, "in_reply_to_user_id": 64643056, "favorited": false, "user": {"follow_request_sent": false, "profile_use_background_image": true, "default_profile_image": true, "id": 2223435566, "profile_background_image_url_https": "https://abs.twimg.com/images/themes/theme1/bg.png", "verified": false, "profile_text_color": "333333", "profile_image_url_https": "https://abs.twimg.com/sticky/default_profile_images/default_profile_2_normal.png", "profile_sidebar_fill_color": "DDEEF6", "entities": {"description": {"urls": []}}, "followers_count": 350, "profile_sidebar_border_color": "C0DEED", "id_str": "2223435566", "profile_background_color": "C0DEED", "listed_count": 9, "is_translation_enabled": false, "utc_offset": null, "statuses_count": 11766, "description": "", "friends_count": 378, "location": "", "profile_link_color": "0084B4", "profile_image_url": "http://abs.twimg.com/sticky/default_profile_images/default_profile_2_normal.png", "following": false, "geo_enabled": true, "profile_background_image_url": "http://abs.twimg.com/images/themes/theme1/bg.png", "screen_name": "annettedavids19", "lang": "en", "profile_background_tile": false, "favourites_count": 12547, "name": "annette davidson", "notifications": false, "url": null, "created_at": "Sat Nov 30 17:09:43 +0000 2013", "contributors_enabled": false, "time_zone": null, "protected": false, "default_profile": true, "is_translator": false}, "geo": null, "in_reply_to_user_id_str": "64643056", "lang": "en", "created_at": "Fri Aug 15 14:03:09 +0000 2014", "in_reply_to_status_id_str": "500278045597368320", "place": null}
