{"contributors": null, "truncated": false, "text": "\u201cURGENT: Darren Wilson is the police officer who shot Mike Brown http://t.co/bWq6nDuuWD #Ferguson http://t.co/4DEr4xSn0t\u201d rt@RT_com", "in_reply_to_status_id": 500278045597368320, "id": 500280986845073408, "favorite_count": 0, "source": "<a href=\"http://twitter.com/#!/download/ipad\" rel=\"nofollow\">Twitter for iPad</a>", "retweeted": false, "coordinates": null, "entities": {"symbols": [], "user_mentions": [{"id": 64643056, "indices": [124, 131], "id_str": "64643056", "screen_name": "RT_com", "name": "RT"}], "hashtags": [{"indices": [88, 97], "text": "Ferguson"}], "urls": [{"url": "http://t.co/bWq6nDuuWD", "indices": [65, 87], "expanded_url": "http://on.rt.com/4hyzu4", "display_url": "on.rt.com/4hyzu4"}], "media": [{"source_status_id_str": "500278045597368320", "expanded_url": "http://twitter.com/RT_com/status/500278045597368320/photo/1", "display_url": "pic.twitter.com/4DEr4xSn0t", "url": "http://t.co/4DEr4xSn0t", "media_url_https": "https://pbs.twimg.com/media/BvFYOrqCUAEgodr.jpg", "source_status_id": 500278045597368320, "id_str": "500278042875285505", "sizes": {"small": {"h": 207, "resize": "fit", "w": 340}, "large": {"h": 551, "resize": "fit", "w": 903}, "medium": {"h": 366, "resize": "fit", "w": 600}, "thumb": {"h": 150, "resize": "crop", "w": 150}}, "indices": [98, 120], "type": "photo", "id": 500278042875285505, "media_url": "http://pbs.twimg.com/media/BvFYOrqCUAEgodr.jpg"}]}, "in_reply_to_screen_name": "RT_com", "id_str": "500280986845073408", "retweet_count": 0, "in_reply_to_user_id": 64643056, "favorited": false, "user": {"follow_request_sent": false, "profile_use_background_image": true, "default_profile_image": false, "id": 62591883, "profile_background_image_url_https": "https://abs.twimg.com/images/themes/theme4/bg.gif", "verified": false, "profile_text_color": "3C3940", "profile_image_url_https": "https://pbs.twimg.com/profile_images/2311438474/image_normal.jpg", "profile_sidebar_fill_color": "95E8EC", "entities": {"description": {"urls": []}}, "followers_count": 1700, "profile_sidebar_border_color": "5ED4DC", "id_str": "62591883", "profile_background_color": "0099B9", "listed_count": 43, "is_translation_enabled": false, "utc_offset": 7200, "statuses_count": 162263, "description": "NEWSFACTS-PEOPLE-ANIMALS-NATURE-MUSIC-MOVIES-LOVE-PEACE-PRO-ISRAEL-PRO-AMERICA-VEGAN-SON", "friends_count": 1449, "location": "Nederland-TheNetherlands", "profile_link_color": "0099B9", "profile_image_url": "http://pbs.twimg.com/profile_images/2311438474/image_normal.jpg", "following": false, "geo_enabled": false, "profile_background_image_url": "http://abs.twimg.com/images/themes/theme4/bg.gif", "screen_name": "elza_news", "lang": "en", "profile_background_tile": false, "favourites_count": 9366, "name": "ELZA_NEWS", "notifications": false, "url": null, "created_at": "Mon Aug 03 18:59:36 +0000 2009", "contributors_enabled": false, "time_zone": "Amsterdam", "protected": false, "default_profile": false, "is_translator": false}, "geo": null, "in_reply_to_user_id_str": "64643056", "possibly_sensitive": false, "lang": "en", "created_at": "Fri Aug 15 14:00:56 +0000 2014", "in_reply_to_status_id_str": "500278045597368320", "place": null, "extended_entities": {"media": [{"source_status_id_str": "500278045597368320", "expanded_url": "http://twitter.com/RT_com/status/500278045597368320/photo/1", "display_url": "pic.twitter.com/4DEr4xSn0t", "url": "http://t.co/4DEr4xSn0t", "media_url_https": "https://pbs.twimg.com/media/BvFYOrqCUAEgodr.jpg", "source_status_id": 500278045597368320, "id_str": "500278042875285505", "sizes": {"small": {"h": 207, "resize": "fit", "w": 340}, "large": {"h": 551, "resize": "fit", "w": 903}, "medium": {"h": 366, "resize": "fit", "w": 600}, "thumb": {"h": 150, "resize": "crop", "w": 150}}, "indices": [98, 120], "type": "photo", "id": 500278042875285505, "media_url": "http://pbs.twimg.com/media/BvFYOrqCUAEgodr.jpg"}]}}
