{"contributors": null, "truncated": false, "text": "@RT_com @raulbrindis @jorgeramosnews @RealAlexJones @KPRCLocal2 @CesarRBShow", "in_reply_to_status_id": 500278045597368320, "id": 500278888216268800, "favorite_count": 0, "source": "<a href=\"http://twitter.com/download/iphone\" rel=\"nofollow\">Twitter for iPhone</a>", "retweeted": false, "coordinates": null, "entities": {"symbols": [], "user_mentions": [{"id": 64643056, "indices": [0, 7], "id_str": "64643056", "screen_name": "RT_com", "name": "RT"}, {"id": 32620600, "indices": [8, 20], "id_str": "32620600", "screen_name": "raulbrindis", "name": "Raul Brindis"}, {"id": 110213431, "indices": [21, 36], "id_str": "110213431", "screen_name": "jorgeramosnews", "name": "JORGE RAMOS"}, {"id": 109065990, "indices": [37, 51], "id_str": "109065990", "screen_name": "RealAlexJones", "name": "Alex Jones"}, {"id": 27583598, "indices": [52, 63], "id_str": "27583598", "screen_name": "KPRCLocal2", "name": "KPRC Local 2 Houston"}, {"id": 802443840, "indices": [64, 76], "id_str": "802443840", "screen_name": "CesarRBShow", "name": "C\u00e9sar "}], "hashtags": [], "urls": []}, "in_reply_to_screen_name": "RT_com", "id_str": "500278888216268800", "retweet_count": 0, "in_reply_to_user_id": 64643056, "favorited": false, "user": {"follow_request_sent": false, "profile_use_background_image": true, "default_profile_image": false, "id": 2360062596, "profile_background_image_url_https": "https://abs.twimg.com/images/themes/theme1/bg.png", "verified": false, "profile_text_color": "333333", "profile_image_url_https": "https://pbs.twimg.com/profile_images/499370544228089856/W4g4NAsO_normal.jpeg", "profile_sidebar_fill_color": "DDEEF6", "entities": {"description": {"urls": []}}, "followers_count": 11, "profile_sidebar_border_color": "C0DEED", "id_str": "2360062596", "profile_background_color": "C0DEED", "listed_count": 0, "is_translation_enabled": false, "utc_offset": null, "statuses_count": 158, "description": "", "friends_count": 49, "location": "", "profile_link_color": "0084B4", "profile_image_url": "http://pbs.twimg.com/profile_images/499370544228089856/W4g4NAsO_normal.jpeg", "following": false, "geo_enabled": false, "profile_background_image_url": "http://abs.twimg.com/images/themes/theme1/bg.png", "screen_name": "g_alejadro", "lang": "en", "profile_background_tile": false, "favourites_count": 187, "name": "alejadro hernandez ", "notifications": false, "url": null, "created_at": "Mon Feb 24 21:43:22 +0000 2014", "contributors_enabled": false, "time_zone": null, "protected": false, "default_profile": true, "is_translator": false}, "geo": null, "in_reply_to_user_id_str": "64643056", "lang": "und", "created_at": "Fri Aug 15 13:52:36 +0000 2014", "in_reply_to_status_id_str": "500278045597368320", "place": null}
