{"contributors": null, "truncated": false, "text": "@RT_com @FrenchR1ck deserved what he got. Don't attack police officers!!!!", "in_reply_to_status_id": 500278045597368320, "id": 500281457391435777, "favorite_count": 0, "source": "<a href=\"http://twitter.com/download/iphone\" rel=\"nofollow\">Twitter for iPhone</a>", "retweeted": false, "coordinates": null, "entities": {"symbols": [], "user_mentions": [{"id": 64643056, "indices": [0, 7], "id_str": "64643056", "screen_name": "RT_com", "name": "RT"}, {"id": 1464666841, "indices": [8, 19], "id_str": "1464666841", "screen_name": "FrenchR1ck", "name": "Richard #TeamTommy \ufee6"}], "hashtags": [], "urls": []}, "in_reply_to_screen_name": "RT_com", "id_str": "500281457391435777", "retweet_count": 0, "in_reply_to_user_id": 64643056, "favorited": false, "user": {"follow_request_sent": false, "profile_use_background_image": true, "default_profile_image": false, "id": 295596713, "profile_background_image_url_https": "https://abs.twimg.com/images/themes/theme1/bg.png", "verified": false, "profile_text_color": "333333", "profile_image_url_https": "https://pbs.twimg.com/profile_images/2125064373/image_normal.jpg", "profile_sidebar_fill_color": "DDEEF6", "entities": {"description": {"urls": []}}, "followers_count": 64, "profile_sidebar_border_color": "C0DEED", "id_str": "295596713", "profile_background_color": "C0DEED", "listed_count": 0, "is_translation_enabled": false, "utc_offset": null, "statuses_count": 1076, "description": "", "friends_count": 115, "location": "", "profile_link_color": "0084B4", "profile_image_url": "http://pbs.twimg.com/profile_images/2125064373/image_normal.jpg", "following": false, "geo_enabled": false, "profile_background_image_url": "http://abs.twimg.com/images/themes/theme1/bg.png", "screen_name": "MrPeterBoon", "lang": "en", "profile_background_tile": false, "favourites_count": 203, "name": "pjb5264STR", "notifications": false, "url": null, "created_at": "Mon May 09 10:09:49 +0000 2011", "contributors_enabled": false, "time_zone": null, "protected": false, "default_profile": true, "is_translator": false}, "geo": null, "in_reply_to_user_id_str": "64643056", "lang": "en", "created_at": "Fri Aug 15 14:02:48 +0000 2014", "in_reply_to_status_id_str": "500278045597368320", "place": null}
