{"contributors":null,"truncated":false,"text":"@RT_com Urgent: Fearmonger much?","in_reply_to_status_id":500278045597368320,"id":500335190146056192,"favorite_count":0,"source":"<a href=\"http:\/\/twitter.com\" rel=\"nofollow\">Twitter Web Client<\/a>","retweeted":false,"coordinates":null,"entities":{"symbols":[],"user_mentions":[{"id":64643056,"indices":[0,7],"id_str":"64643056","screen_name":"RT_com","name":"RT"}],"hashtags":[],"urls":[]},"in_reply_to_screen_name":"RT_com","id_str":"500335190146056192","retweet_count":0,"in_reply_to_user_id":64643056,"favorited":false,"user":{"follow_request_sent":false,"profile_use_background_image":true,"default_profile_image":false,"id":51410043,"profile_background_image_url_https":"https:\/\/pbs.twimg.com\/profile_background_images\/378800000071740332\/7b18e142b444ab54b5462b64748d9ab1.png","verified":false,"profile_text_color":"333333","profile_image_url_https":"https:\/\/pbs.twimg.com\/profile_images\/570084503004004352\/cuXUJava_normal.jpeg","profile_sidebar_fill_color":"C0DFEC","entities":{"description":{"urls":[{"url":"http:\/\/t.co\/VCEUofK2Ba","indices":[48,70],"expanded_url":"http:\/\/goo.gl\/t4IEn","display_url":"goo.gl\/t4IEn"},{"url":"http:\/\/t.co\/MdEiQeZY8C","indices":[73,95],"expanded_url":"http:\/\/goo.gl\/UWq1on","display_url":"goo.gl\/UWq1on"},{"url":"http:\/\/t.co\/Uii0cXj8tw","indices":[98,120],"expanded_url":"http:\/\/goo.gl\/PoGjP1","display_url":"goo.gl\/PoGjP1"}]}},"followers_count":2019,"profile_sidebar_border_color":"FFFFFF","id_str":"51410043","profile_background_color":"022330","listed_count":67,"is_translation_enabled":false,"utc_offset":-14400,"statuses_count":34587,"description":"truther for world peace . donate retweetcoins . http:\/\/t.co\/VCEUofK2Ba . http:\/\/t.co\/MdEiQeZY8C . http:\/\/t.co\/Uii0cXj8tw . #idwp","friends_count":2168,"location":"immoenis spiritualis expeditus","profile_link_color":"0084B4","profile_image_url":"http:\/\/pbs.twimg.com\/profile_images\/570084503004004352\/cuXUJava_normal.jpeg","following":false,"geo_enabled":false,"profile_banner_url":"https:\/\/pbs.twimg.com\/profile_banners\/51410043\/1402640833","profile_background_image_url":"http:\/\/pbs.twimg.com\/profile_background_images\/378800000071740332\/7b18e142b444ab54b5462b64748d9ab1.png","screen_name":"israeltucker","lang":"en","profile_background_tile":true,"favourites_count":20709,"name":"ize","notifications":false,"url":null,"created_at":"Sat Jun 27 11:02:08 +0000 2009","contributors_enabled":false,"time_zone":"Eastern Time (US & Canada)","protected":false,"default_profile":false,"is_translator":false},"geo":null,"in_reply_to_user_id_str":"64643056","lang":"en","created_at":"Fri Aug 15 17:36:19 +0000 2014","in_reply_to_status_id_str":"500278045597368320","place":null}