{"contributors":null,"truncated":false,"text":"RT @RT_com: URGENT: Darren Wilson is the police officer who shot Mike Brown http:\/\/t.co\/ag71jPElob #Ferguson http:\/\/t.co\/5Ss8bHTuDY","in_reply_to_status_id":500278045597368320,"id":500312413930291201,"favorite_count":1,"source":"<a href=\"http:\/\/twitter.com\/download\/iphone\" rel=\"nofollow\">Twitter for iPhone<\/a>","retweeted":false,"coordinates":null,"entities":{"symbols":[],"user_mentions":[{"id":64643056,"indices":[3,10],"id_str":"64643056","screen_name":"RT_com","name":"RT"}],"hashtags":[{"indices":[99,108],"text":"Ferguson"}],"urls":[{"url":"http:\/\/t.co\/ag71jPElob","indices":[76,98],"expanded_url":"http:\/\/on.rt.com\/4hyzu4","display_url":"on.rt.com\/4hyzu4"}],"media":[{"source_status_id_str":"500278045597368320","expanded_url":"http:\/\/twitter.com\/RT_com\/status\/500278045597368320\/photo\/1","display_url":"pic.twitter.com\/5Ss8bHTuDY","url":"http:\/\/t.co\/5Ss8bHTuDY","media_url_https":"https:\/\/pbs.twimg.com\/media\/BvFYOrqCUAEgodr.jpg","source_status_id":500278045597368320,"id_str":"500278042875285505","sizes":{"small":{"h":207,"resize":"fit","w":340},"large":{"h":551,"resize":"fit","w":903},"medium":{"h":366,"resize":"fit","w":600},"thumb":{"h":150,"resize":"crop","w":150}},"indices":[109,131],"type":"photo","id":500278042875285505,"media_url":"http:\/\/pbs.twimg.com\/media\/BvFYOrqCUAEgodr.jpg"}]},"in_reply_to_screen_name":"RT_com","id_str":"500312413930291201","retweet_count":0,"in_reply_to_user_id":64643056,"favorited":false,"user":{"follow_request_sent":false,"profile_use_background_image":true,"default_profile_image":false,"id":924176922,"profile_background_image_url_https":"https:\/\/pbs.twimg.com\/profile_background_images\/713765082\/ed61748f4c72ccab4e7984cf4dc94e5d.jpeg","verified":false,"profile_text_color":"333333","profile_image_url_https":"https:\/\/pbs.twimg.com\/profile_images\/574281461152378880\/-L-_Glx-_normal.jpeg","profile_sidebar_fill_color":"DDEEF6","entities":{"description":{"urls":[{"url":"http:\/\/t.co\/Yp4KqFK039","indices":[66,88],"expanded_url":"http:\/\/flotationmovement.tumblr.com","display_url":"flotationmovement.tumblr.com"}]}},"followers_count":162,"profile_sidebar_border_color":"FFFFFF","id_str":"924176922","profile_background_color":"C0DEED","listed_count":4,"is_translation_enabled":false,"utc_offset":-25200,"statuses_count":2198,"description":"Dimensionally \u2022 Challenged #family #dozey #awaken #flotationmvmnt http:\/\/t.co\/Yp4KqFK039\nBrown Belt Comp\/Coach under Joao Faria and Royler Gracie","friends_count":107,"location":"San Diego","profile_link_color":"0084B4","profile_image_url":"http:\/\/pbs.twimg.com\/profile_images\/574281461152378880\/-L-_Glx-_normal.jpeg","following":false,"geo_enabled":false,"profile_banner_url":"https:\/\/pbs.twimg.com\/profile_banners\/924176922\/1409697856","profile_background_image_url":"http:\/\/pbs.twimg.com\/profile_background_images\/713765082\/ed61748f4c72ccab4e7984cf4dc94e5d.jpeg","screen_name":"Themarkdoze","lang":"en","profile_background_tile":true,"favourites_count":3,"name":"Mark Doze","notifications":false,"url":null,"created_at":"Sat Nov 03 22:49:12 +0000 2012","contributors_enabled":false,"time_zone":"Pacific Time (US & Canada)","protected":false,"default_profile":false,"is_translator":false},"geo":null,"in_reply_to_user_id_str":"64643056","possibly_sensitive":false,"lang":"en","created_at":"Fri Aug 15 16:05:49 +0000 2014","in_reply_to_status_id_str":"500278045597368320","place":null,"extended_entities":{"media":[{"source_status_id_str":"500278045597368320","expanded_url":"http:\/\/twitter.com\/RT_com\/status\/500278045597368320\/photo\/1","display_url":"pic.twitter.com\/5Ss8bHTuDY","url":"http:\/\/t.co\/5Ss8bHTuDY","media_url_https":"https:\/\/pbs.twimg.com\/media\/BvFYOrqCUAEgodr.jpg","source_status_id":500278045597368320,"id_str":"500278042875285505","sizes":{"small":{"h":207,"resize":"fit","w":340},"large":{"h":551,"resize":"fit","w":903},"medium":{"h":366,"resize":"fit","w":600},"thumb":{"h":150,"resize":"crop","w":150}},"indices":[109,131],"type":"photo","id":500278042875285505,"media_url":"http:\/\/pbs.twimg.com\/media\/BvFYOrqCUAEgodr.jpg"}]}}