{"contributors": null, "truncated": false, "text": "@RT_com#MikeBrown# now US American know and fine! But is he going  to pay for it? Stop those BULLIES from murdering again", "in_reply_to_status_id": 500278045597368320, "id": 500338161370034177, "favorite_count": 0, "source": "<a href=\"http://twitter.com/#!/download/ipad\" rel=\"nofollow\">Twitter for iPad</a>", "retweeted": false, "coordinates": null, "entities": {"symbols": [], "user_mentions": [{"id": 64643056, "indices": [0, 7], "id_str": "64643056", "screen_name": "RT_com", "name": "RT"}], "hashtags": [], "urls": []}, "in_reply_to_screen_name": "RT_com", "id_str": "500338161370034177", "retweet_count": 0, "in_reply_to_user_id": 64643056, "favorited": false, "user": {"follow_request_sent": false, "profile_use_background_image": true, "default_profile_image": true, "id": 2733503194, "profile_background_image_url_https": "https://abs.twimg.com/images/themes/theme1/bg.png", "verified": false, "profile_text_color": "333333", "profile_image_url_https": "https://abs.twimg.com/sticky/default_profile_images/default_profile_2_normal.png", "profile_sidebar_fill_color": "DDEEF6", "entities": {"description": {"urls": []}}, "followers_count": 129, "profile_sidebar_border_color": "C0DEED", "id_str": "2733503194", "profile_background_color": "C0DEED", "listed_count": 0, "is_translation_enabled": false, "utc_offset": null, "statuses_count": 2736, "description": "", "friends_count": 174, "location": "", "profile_link_color": "0084B4", "profile_image_url": "http://abs.twimg.com/sticky/default_profile_images/default_profile_2_normal.png", "following": false, "geo_enabled": false, "profile_background_image_url": "http://abs.twimg.com/images/themes/theme1/bg.png", "screen_name": "rabea_bouhafs", "lang": "fr", "profile_background_tile": false, "favourites_count": 1677, "name": "Rabea Bouhafs", "notifications": false, "url": null, "created_at": "Mon Aug 04 17:55:00 +0000 2014", "contributors_enabled": false, "time_zone": null, "protected": false, "default_profile": true, "is_translator": false}, "geo": null, "in_reply_to_user_id_str": "64643056", "lang": "en", "created_at": "Fri Aug 15 17:48:08 +0000 2014", "in_reply_to_status_id_str": "500278045597368320", "place": null}
