{"contributors":null,"truncated":false,"text":"@AnonymousPress that's from last night. Not tonight.","in_reply_to_status_id":499366666300846081,"id":499367096875114497,"favorite_count":0,"source":"<a href=\"http:\/\/twitter.com\/download\/android\" rel=\"nofollow\">Twitter for Android<\/a>","retweeted":false,"coordinates":null,"entities":{"symbols":[],"user_mentions":[{"id":230527949,"indices":[0,15],"id_str":"230527949","screen_name":"AnonymousPress","name":"Anonymous Press"}],"hashtags":[],"urls":[]},"in_reply_to_screen_name":"AnonymousPress","id_str":"499367096875114497","retweet_count":0,"in_reply_to_user_id":230527949,"favorited":false,"user":{"follow_request_sent":false,"profile_use_background_image":true,"default_profile_image":false,"id":252793957,"profile_background_image_url_https":"https:\/\/pbs.twimg.com\/profile_background_images\/440851804314546176\/G2f7RYq4.jpeg","verified":false,"profile_text_color":"333333","profile_image_url_https":"https:\/\/pbs.twimg.com\/profile_images\/578941966400012288\/ubZdD6vI_normal.jpeg","profile_sidebar_fill_color":"DDEEF6","entities":{"description":{"urls":[]}},"followers_count":231,"profile_sidebar_border_color":"000000","id_str":"252793957","profile_background_color":"352726","listed_count":6,"is_translation_enabled":false,"utc_offset":-18000,"statuses_count":26306,"description":"You exist because we allow it and you will end because we demand it. Your words are as empty as your future. I am the vanguard of your destruction.","friends_count":864,"location":"STL ","profile_link_color":"D02B55","profile_image_url":"http:\/\/pbs.twimg.com\/profile_images\/578941966400012288\/ubZdD6vI_normal.jpeg","following":false,"geo_enabled":true,"profile_banner_url":"https:\/\/pbs.twimg.com\/profile_banners\/252793957\/1351185901","profile_background_image_url":"http:\/\/pbs.twimg.com\/profile_background_images\/440851804314546176\/G2f7RYq4.jpeg","screen_name":"zach_doubleyou","lang":"en","profile_background_tile":true,"favourites_count":2481,"name":"MastErect","notifications":false,"url":null,"created_at":"Tue Feb 15 22:49:43 +0000 2011","contributors_enabled":false,"time_zone":"Central Time (US & Canada)","protected":false,"default_profile":false,"is_translator":false},"geo":null,"in_reply_to_user_id_str":"230527949","lang":"en","created_at":"Wed Aug 13 01:29:28 +0000 2014","in_reply_to_status_id_str":"499366666300846081","place":null}