{"contributors": null, "truncated": false, "text": "@AnonymousPress Yeah Land of the Free My A%&amp;", "in_reply_to_status_id": 499366666300846081, "id": 499368327530414080, "favorite_count": 0, "source": "<a href=\"http://twitter.com\" rel=\"nofollow\">Twitter Web Client</a>", "retweeted": false, "coordinates": null, "entities": {"symbols": [], "user_mentions": [{"id": 230527949, "indices": [0, 15], "id_str": "230527949", "screen_name": "AnonymousPress", "name": "Anonymous Press"}], "hashtags": [], "urls": []}, "in_reply_to_screen_name": "AnonymousPress", "id_str": "499368327530414080", "retweet_count": 0, "in_reply_to_user_id": 230527949, "favorited": false, "user": {"follow_request_sent": false, "profile_use_background_image": true, "default_profile_image": false, "id": 271808670, "profile_background_image_url_https": "https://pbs.twimg.com/profile_background_images/470312699943854080/_1iuGOFN.jpeg", "verified": false, "profile_text_color": "CBC18C", "profile_image_url_https": "https://pbs.twimg.com/profile_images/470314378156195840/2QvvB2yA_normal.jpeg", "profile_sidebar_fill_color": "959EB5", "entities": {"url": {"urls": [{"url": "http://t.co/FO4F5fRko3", "indices": [0, 22], "expanded_url": "http://scottkcaterer.com", "display_url": "scottkcaterer.com"}]}, "description": {"urls": []}}, "followers_count": 971, "profile_sidebar_border_color": "FFFFFF", "id_str": "271808670", "profile_background_color": "000000", "listed_count": 2, "is_translation_enabled": false, "utc_offset": -25200, "statuses_count": 668, "description": "Adrift upon a sea of futile speech. \nAnd to fall to fate and make the 'status plan'", "friends_count": 1986, "location": "North Las Vegas Nevada", "profile_link_color": "8A5617", "profile_image_url": "http://pbs.twimg.com/profile_images/470314378156195840/2QvvB2yA_normal.jpeg", "following": false, "geo_enabled": true, "profile_banner_url": "https://pbs.twimg.com/profile_banners/271808670/1400965959", "profile_background_image_url": "http://pbs.twimg.com/profile_background_images/470312699943854080/_1iuGOFN.jpeg", "screen_name": "ScottKCaterer", "lang": "en", "profile_background_tile": false, "favourites_count": 8, "name": "Scott Caterer ", "notifications": false, "url": "http://t.co/FO4F5fRko3", "created_at": "Fri Mar 25 06:50:27 +0000 2011", "contributors_enabled": false, "time_zone": "Pacific Time (US & Canada)", "protected": false, "default_profile": false, "is_translator": false}, "geo": null, "in_reply_to_user_id_str": "230527949", "lang": "en", "created_at": "Wed Aug 13 01:34:21 +0000 2014", "in_reply_to_status_id_str": "499366666300846081", "place": null}
