{"contributors": null, "truncated": false, "text": "@AnonymousPress is this photo from last night?? Please clarify because you are using  present tense.", "in_reply_to_status_id": 499366666300846081, "id": 499372044593930240, "favorite_count": 0, "source": "<a href=\"http://twitter.com/download/iphone\" rel=\"nofollow\">Twitter for iPhone</a>", "retweeted": false, "coordinates": null, "entities": {"symbols": [], "user_mentions": [{"id": 230527949, "indices": [0, 15], "id_str": "230527949", "screen_name": "AnonymousPress", "name": "Anonymous Press"}], "hashtags": [], "urls": []}, "in_reply_to_screen_name": "AnonymousPress", "id_str": "499372044593930240", "retweet_count": 0, "in_reply_to_user_id": 230527949, "favorited": false, "user": {"follow_request_sent": false, "profile_use_background_image": true, "default_profile_image": false, "id": 31279742, "profile_background_image_url_https": "https://abs.twimg.com/images/themes/theme4/bg.gif", "verified": false, "profile_text_color": "3C3940", "profile_image_url_https": "https://pbs.twimg.com/profile_images/429810609706639360/7VgCJc2O_normal.jpeg", "profile_sidebar_fill_color": "95E8EC", "entities": {"description": {"urls": []}}, "followers_count": 497, "profile_sidebar_border_color": "5ED4DC", "id_str": "31279742", "profile_background_color": "0099B9", "listed_count": 8, "is_translation_enabled": false, "utc_offset": -18000, "statuses_count": 9045, "description": "Question everything!!!!! Cereal killer/ tree hugger. This is a fake account. Im a bot. A hot bot from the NSA", "friends_count": 902, "location": "TeXaS ", "profile_link_color": "0099B9", "profile_image_url": "http://pbs.twimg.com/profile_images/429810609706639360/7VgCJc2O_normal.jpeg", "following": false, "geo_enabled": false, "profile_banner_url": "https://pbs.twimg.com/profile_banners/31279742/1391309938", "profile_background_image_url": "http://abs.twimg.com/images/themes/theme4/bg.gif", "screen_name": "MizzzzFrizzle", "lang": "en", "profile_background_tile": false, "favourites_count": 6463, "name": "Mizz Frizzle", "notifications": false, "url": null, "created_at": "Wed Apr 15 00:27:40 +0000 2009", "contributors_enabled": false, "time_zone": "Central Time (US & Canada)", "protected": false, "default_profile": false, "is_translator": false}, "geo": null, "in_reply_to_user_id_str": "230527949", "lang": "en", "created_at": "Wed Aug 13 01:49:07 +0000 2014", "in_reply_to_status_id_str": "499366666300846081", "place": null}
