{"contributors": null, "truncated": false, "text": "@AnonymousPress cop shoots unarmed black man, citizens start looting and burning the community.is it me or does this not make any sense.", "in_reply_to_status_id": 499366666300846081, "id": 499373428592611328, "favorite_count": 0, "source": "<a href=\"http://twitter.com/download/iphone\" rel=\"nofollow\">Twitter for iPhone</a>", "retweeted": false, "coordinates": null, "entities": {"symbols": [], "user_mentions": [{"id": 230527949, "indices": [0, 15], "id_str": "230527949", "screen_name": "AnonymousPress", "name": "Anonymous Press"}], "hashtags": [], "urls": []}, "in_reply_to_screen_name": "AnonymousPress", "id_str": "499373428592611328", "retweet_count": 0, "in_reply_to_user_id": 230527949, "favorited": false, "user": {"follow_request_sent": false, "profile_use_background_image": true, "default_profile_image": false, "id": 128173786, "profile_background_image_url_https": "https://pbs.twimg.com/profile_background_images/168318402/1769974949.jpg", "verified": false, "profile_text_color": "333333", "profile_image_url_https": "https://pbs.twimg.com/profile_images/3761092953/bbd376148b8c8f9eed8142f2a1066bb7_normal.jpeg", "profile_sidebar_fill_color": "DDEEF6", "entities": {"url": {"urls": [{"url": "http://t.co/9df90IisLR", "indices": [0, 22], "expanded_url": "http://fiverr.com/craigscott", "display_url": "fiverr.com/craigscott"}]}, "description": {"urls": []}}, "followers_count": 23, "profile_sidebar_border_color": "C0DEED", "id_str": "128173786", "profile_background_color": "C0DEED", "listed_count": 0, "is_translation_enabled": false, "utc_offset": -14400, "statuses_count": 744, "description": "sudo apt-get install information conciousness truth love integrity faith", "friends_count": 9, "location": "Tulsa, Oklahoma", "profile_link_color": "0084B4", "profile_image_url": "http://pbs.twimg.com/profile_images/3761092953/bbd376148b8c8f9eed8142f2a1066bb7_normal.jpeg", "following": false, "geo_enabled": false, "profile_banner_url": "https://pbs.twimg.com/profile_banners/128173786/1370482538", "profile_background_image_url": "http://pbs.twimg.com/profile_background_images/168318402/1769974949.jpg", "screen_name": "praktical", "lang": "en", "profile_background_tile": false, "favourites_count": 10, "name": "craig.scott", "notifications": false, "url": "http://t.co/9df90IisLR", "created_at": "Wed Mar 31 09:37:58 +0000 2010", "contributors_enabled": false, "time_zone": "Eastern Time (US & Canada)", "protected": false, "default_profile": false, "is_translator": false}, "geo": null, "in_reply_to_user_id_str": "230527949", "lang": "en", "created_at": "Wed Aug 13 01:54:37 +0000 2014", "in_reply_to_status_id_str": "499366666300846081", "place": null}
