{"contributors": null, "truncated": false, "text": "These pigs need to be taken down! @AnonymousPress @CFormigoni5", "in_reply_to_status_id": 499366666300846081, "id": 499369499662245888, "favorite_count": 1, "source": "<a href=\"https://about.twitter.com/products/tweetdeck\" rel=\"nofollow\">TweetDeck</a>", "retweeted": false, "coordinates": null, "entities": {"symbols": [], "user_mentions": [{"id": 230527949, "indices": [34, 49], "id_str": "230527949", "screen_name": "AnonymousPress", "name": "Anonymous Press"}, {"id": 268648764, "indices": [50, 62], "id_str": "268648764", "screen_name": "CFormigoni5", "name": "C 4miGoni #UniteBlue"}], "hashtags": [], "urls": []}, "in_reply_to_screen_name": "AnonymousPress", "id_str": "499369499662245888", "retweet_count": 0, "in_reply_to_user_id": 230527949, "favorited": false, "user": {"follow_request_sent": false, "profile_use_background_image": true, "default_profile_image": false, "id": 388310964, "profile_background_image_url_https": "https://pbs.twimg.com/profile_background_images/713713349/ff15c1b20ee0424e4618da3b5a5171ef.jpeg", "verified": false, "profile_text_color": "333333", "profile_image_url_https": "https://pbs.twimg.com/profile_images/3654166149/86ef3bf2b7a4e546ccc1254a5749b470_normal.jpeg", "profile_sidebar_fill_color": "DDEEF6", "entities": {"description": {"urls": []}}, "followers_count": 6197, "profile_sidebar_border_color": "FFFFFF", "id_str": "388310964", "profile_background_color": "C0DEED", "listed_count": 153, "is_translation_enabled": false, "utc_offset": -25200, "statuses_count": 30054, "description": "Liberal, animal lover, live in Eastern WA. Retired systems analyst. Gun nuts & far right, don't follow me.", "friends_count": 6081, "location": "Inland Northwest", "profile_link_color": "303CC7", "profile_image_url": "http://pbs.twimg.com/profile_images/3654166149/86ef3bf2b7a4e546ccc1254a5749b470_normal.jpeg", "following": false, "geo_enabled": false, "profile_banner_url": "https://pbs.twimg.com/profile_banners/388310964/1398561390", "profile_background_image_url": "http://pbs.twimg.com/profile_background_images/713713349/ff15c1b20ee0424e4618da3b5a5171ef.jpeg", "screen_name": "Richpf", "lang": "en", "profile_background_tile": true, "favourites_count": 1238, "name": "Screw the NRA", "notifications": false, "url": null, "created_at": "Mon Oct 10 14:55:46 +0000 2011", "contributors_enabled": false, "time_zone": "Pacific Time (US & Canada)", "protected": false, "default_profile": false, "is_translator": false}, "geo": null, "in_reply_to_user_id_str": "230527949", "lang": "en", "created_at": "Wed Aug 13 01:39:01 +0000 2014", "in_reply_to_status_id_str": "499366666300846081", "place": null}
