{"contributors":null,"truncated":false,"text":"@AnonymousPress Is Ferguson joining Russia and  China communist style of governance. The cops are calling the protesters animals.","in_reply_to_status_id":499366666300846081,"id":499378276671176704,"favorite_count":0,"source":"<a href=\"http:\/\/twitter.com\/download\/android\" rel=\"nofollow\">Twitter for Android<\/a>","retweeted":false,"coordinates":null,"entities":{"symbols":[],"user_mentions":[{"id":230527949,"indices":[0,15],"id_str":"230527949","screen_name":"AnonymousPress","name":"Anonymous Press"}],"hashtags":[],"urls":[]},"in_reply_to_screen_name":"AnonymousPress","id_str":"499378276671176704","retweet_count":0,"in_reply_to_user_id":230527949,"favorited":false,"user":{"follow_request_sent":false,"profile_use_background_image":true,"default_profile_image":false,"id":276322611,"profile_background_image_url_https":"https:\/\/abs.twimg.com\/images\/themes\/theme1\/bg.png","verified":false,"profile_text_color":"333333","profile_image_url_https":"https:\/\/pbs.twimg.com\/profile_images\/583586981617106944\/uchRUWr__normal.png","profile_sidebar_fill_color":"DDEEF6","entities":{"description":{"urls":[]}},"followers_count":557,"profile_sidebar_border_color":"C0DEED","id_str":"276322611","profile_background_color":"C0DEED","listed_count":4,"is_translation_enabled":false,"utc_offset":null,"statuses_count":1286,"description":"Author: Cush to Mysterious Babylon: Africa and the Covenant People","friends_count":1996,"location":"","profile_link_color":"0084B4","profile_image_url":"http:\/\/pbs.twimg.com\/profile_images\/583586981617106944\/uchRUWr__normal.png","following":false,"geo_enabled":true,"profile_banner_url":"https:\/\/pbs.twimg.com\/profile_banners\/276322611\/1402426869","profile_background_image_url":"http:\/\/abs.twimg.com\/images\/themes\/theme1\/bg.png","screen_name":"lemondrop110","lang":"en","profile_background_tile":false,"favourites_count":155,"name":"Michael Lemons","notifications":false,"url":null,"created_at":"Sun Apr 03 03:46:05 +0000 2011","contributors_enabled":false,"time_zone":null,"protected":false,"default_profile":true,"is_translator":false},"geo":null,"in_reply_to_user_id_str":"230527949","lang":"en","created_at":"Wed Aug 13 02:13:53 +0000 2014","in_reply_to_status_id_str":"499366666300846081","place":null}