{"contributors": null, "truncated": false, "text": "@AnonymousPress  Freedom of the press my ass", "in_reply_to_status_id": 499366666300846081, "id": 499374160121184257, "favorite_count": 0, "source": "<a href=\"https://twitter.com/download/android\" rel=\"nofollow\">Twitter for Android Tablets</a>", "retweeted": false, "coordinates": null, "entities": {"symbols": [], "user_mentions": [{"id": 230527949, "indices": [0, 15], "id_str": "230527949", "screen_name": "AnonymousPress", "name": "Anonymous Press"}], "hashtags": [], "urls": []}, "in_reply_to_screen_name": "AnonymousPress", "id_str": "499374160121184257", "retweet_count": 0, "in_reply_to_user_id": 230527949, "favorited": false, "user": {"follow_request_sent": false, "profile_use_background_image": true, "default_profile_image": false, "id": 1404704450, "profile_background_image_url_https": "https://abs.twimg.com/images/themes/theme1/bg.png", "verified": false, "profile_text_color": "333333", "profile_image_url_https": "https://pbs.twimg.com/profile_images/437318964834607104/LbFYFaei_normal.jpeg", "profile_sidebar_fill_color": "DDEEF6", "entities": {"description": {"urls": []}}, "followers_count": 13, "profile_sidebar_border_color": "C0DEED", "id_str": "1404704450", "profile_background_color": "C0DEED", "listed_count": 0, "is_translation_enabled": false, "utc_offset": null, "statuses_count": 21, "description": "", "friends_count": 164, "location": "", "profile_link_color": "0084B4", "profile_image_url": "http://pbs.twimg.com/profile_images/437318964834607104/LbFYFaei_normal.jpeg", "following": false, "geo_enabled": true, "profile_background_image_url": "http://abs.twimg.com/images/themes/theme1/bg.png", "screen_name": "Clay1badcooke", "lang": "en", "profile_background_tile": false, "favourites_count": 20, "name": "Clay Cooke", "notifications": false, "url": null, "created_at": "Sun May 05 10:25:55 +0000 2013", "contributors_enabled": false, "time_zone": null, "protected": false, "default_profile": true, "is_translator": false}, "geo": null, "in_reply_to_user_id_str": "230527949", "lang": "en", "created_at": "Wed Aug 13 01:57:32 +0000 2014", "in_reply_to_status_id_str": "499366666300846081", "place": null}
