{"contributors": null, "truncated": false, "text": "@AnonymousPress Chef is on board", "in_reply_to_status_id": 499366666300846081, "id": 499371059385098240, "favorite_count": 0, "source": "<a href=\"http://twitter.com/download/android\" rel=\"nofollow\">Twitter for Android</a>", "retweeted": false, "coordinates": null, "entities": {"symbols": [], "user_mentions": [{"id": 230527949, "indices": [0, 15], "id_str": "230527949", "screen_name": "AnonymousPress", "name": "Anonymous Press"}], "hashtags": [], "urls": []}, "in_reply_to_screen_name": "AnonymousPress", "id_str": "499371059385098240", "retweet_count": 0, "in_reply_to_user_id": 230527949, "favorited": false, "user": {"follow_request_sent": false, "profile_use_background_image": true, "default_profile_image": false, "id": 1631033017, "profile_background_image_url_https": "https://pbs.twimg.com/profile_background_images/378800000048607216/b440259988a84d0fa66fd0c8fddffa55.jpeg", "verified": false, "profile_text_color": "333333", "profile_image_url_https": "https://pbs.twimg.com/profile_images/378800000209928000/a2e4349e5eda837cbd3ad331d1eb1462_normal.jpeg", "profile_sidebar_fill_color": "DDEEF6", "entities": {"url": {"urls": [{"url": "http://t.co/hZVo2L89OL", "indices": [0, 22], "expanded_url": "http://www.dineinhome.com", "display_url": "dineinhome.com"}]}, "description": {"urls": []}}, "followers_count": 81, "profile_sidebar_border_color": "000000", "id_str": "1631033017", "profile_background_color": "811916", "listed_count": 4, "is_translation_enabled": false, "utc_offset": -18000, "statuses_count": 226, "description": "Personal Chef and CEO of Dining Delicacies-STL,                   Exclusive Progressive Events -STL", "friends_count": 278, "location": "St. Louis, MO", "profile_link_color": "000000", "profile_image_url": "http://pbs.twimg.com/profile_images/378800000209928000/a2e4349e5eda837cbd3ad331d1eb1462_normal.jpeg", "following": false, "geo_enabled": true, "profile_banner_url": "https://pbs.twimg.com/profile_banners/1631033017/1375128202", "profile_background_image_url": "http://pbs.twimg.com/profile_background_images/378800000048607216/b440259988a84d0fa66fd0c8fddffa55.jpeg", "screen_name": "ChefJonSTL", "lang": "en", "profile_background_tile": true, "favourites_count": 13, "name": "Chef Jon", "notifications": false, "url": "http://t.co/hZVo2L89OL", "created_at": "Mon Jul 29 18:50:18 +0000 2013", "contributors_enabled": false, "time_zone": "Central Time (US & Canada)", "protected": false, "default_profile": false, "is_translator": false}, "geo": null, "in_reply_to_user_id_str": "230527949", "lang": "en", "created_at": "Wed Aug 13 01:45:13 +0000 2014", "in_reply_to_status_id_str": "499366666300846081", "place": null}
