{"contributors": null, "truncated": false, "text": "@AnonymousPress Why am I reminded of Tienanmen Square.", "in_reply_to_status_id": 499366666300846081, "id": 499369079288123392, "favorite_count": 1, "source": "<a href=\"http://twitter.com/download/iphone\" rel=\"nofollow\">Twitter for iPhone</a>", "retweeted": false, "coordinates": null, "entities": {"symbols": [], "user_mentions": [{"id": 230527949, "indices": [0, 15], "id_str": "230527949", "screen_name": "AnonymousPress", "name": "Anonymous Press"}], "hashtags": [], "urls": []}, "in_reply_to_screen_name": "AnonymousPress", "id_str": "499369079288123392", "retweet_count": 2, "in_reply_to_user_id": 230527949, "favorited": false, "user": {"follow_request_sent": false, "profile_use_background_image": true, "default_profile_image": false, "id": 16499261, "profile_background_image_url_https": "https://pbs.twimg.com/profile_background_images/54184204/dog.jpg", "verified": false, "profile_text_color": "3D1957", "profile_image_url_https": "https://pbs.twimg.com/profile_images/378800000302884718/b821b027eed149b3486aa6a4f1b075bf_normal.jpeg", "profile_sidebar_fill_color": "7AC3EE", "entities": {"description": {"urls": []}}, "followers_count": 875, "profile_sidebar_border_color": "65B0DA", "id_str": "16499261", "profile_background_color": "642D8B", "listed_count": 17, "is_translation_enabled": false, "utc_offset": -25200, "statuses_count": 29535, "description": "Kinetic Poet * I love everybody. Including you stupid fuckers.", "friends_count": 2001, "location": "Seattle", "profile_link_color": "FF0000", "profile_image_url": "http://pbs.twimg.com/profile_images/378800000302884718/b821b027eed149b3486aa6a4f1b075bf_normal.jpeg", "following": false, "geo_enabled": false, "profile_background_image_url": "http://pbs.twimg.com/profile_background_images/54184204/dog.jpg", "screen_name": "danmonaghan", "lang": "en", "profile_background_tile": true, "favourites_count": 6945, "name": "Dan Monaghan", "notifications": false, "url": null, "created_at": "Sun Sep 28 15:36:28 +0000 2008", "contributors_enabled": false, "time_zone": "Pacific Time (US & Canada)", "protected": false, "default_profile": false, "is_translator": false}, "geo": null, "in_reply_to_user_id_str": "230527949", "lang": "en", "created_at": "Wed Aug 13 01:37:20 +0000 2014", "in_reply_to_status_id_str": "499366666300846081", "place": null}
