{"contributors":null,"truncated":false,"text":"@AnonymousPress And FAA has declared #Ferguson a no-fly zone.","in_reply_to_status_id":499366666300846081,"id":499435388508073984,"favorite_count":0,"source":"<a href=\"http:\/\/twitter.com\" rel=\"nofollow\">Twitter Web Client<\/a>","retweeted":false,"coordinates":null,"entities":{"symbols":[],"user_mentions":[{"id":230527949,"indices":[0,15],"id_str":"230527949","screen_name":"AnonymousPress","name":"Anonymous Press"}],"hashtags":[{"indices":[37,46],"text":"Ferguson"}],"urls":[]},"in_reply_to_screen_name":"AnonymousPress","id_str":"499435388508073984","retweet_count":0,"in_reply_to_user_id":230527949,"favorited":false,"user":{"follow_request_sent":false,"profile_use_background_image":true,"default_profile_image":false,"id":799140294,"profile_background_image_url_https":"https:\/\/abs.twimg.com\/images\/themes\/theme18\/bg.gif","verified":false,"profile_text_color":"333333","profile_image_url_https":"https:\/\/pbs.twimg.com\/profile_images\/575298014434172928\/6lDxSrds_normal.jpeg","profile_sidebar_fill_color":"F6F6F6","entities":{"url":{"urls":[{"url":"http:\/\/t.co\/mqWPutxfdo","indices":[0,22],"expanded_url":"http:\/\/howmany.org\/environmental_and_social_ills.php","display_url":"howmany.org\/environmental_\u2026"}]},"description":{"urls":[]}},"followers_count":1392,"profile_sidebar_border_color":"EEEEEE","id_str":"799140294","profile_background_color":"ACDED6","listed_count":22,"is_translation_enabled":false,"utc_offset":-18000,"statuses_count":15970,"description":"Let's increase the peace!","friends_count":2004,"location":"Chicago, IL","profile_link_color":"038543","profile_image_url":"http:\/\/pbs.twimg.com\/profile_images\/575298014434172928\/6lDxSrds_normal.jpeg","following":false,"geo_enabled":false,"profile_banner_url":"https:\/\/pbs.twimg.com\/profile_banners\/799140294\/1382338279","profile_background_image_url":"http:\/\/abs.twimg.com\/images\/themes\/theme18\/bg.gif","screen_name":"CityGirlSpeaks","lang":"en","profile_background_tile":false,"favourites_count":3759,"name":"City Girl Tweets","notifications":false,"url":"http:\/\/t.co\/mqWPutxfdo","created_at":"Sun Sep 02 22:19:06 +0000 2012","contributors_enabled":false,"time_zone":"Central Time (US & Canada)","protected":false,"default_profile":false,"is_translator":false},"geo":null,"in_reply_to_user_id_str":"230527949","lang":"en","created_at":"Wed Aug 13 06:00:50 +0000 2014","in_reply_to_status_id_str":"499366666300846081","place":null}