{"contributors": null, "truncated": false, "text": "@AnonymousPress man these guys are such boneheads!!", "in_reply_to_status_id": 499366666300846081, "id": 499447049440743424, "favorite_count": 0, "source": "<a href=\"http://twitter.com\" rel=\"nofollow\">Twitter Web Client</a>", "retweeted": false, "coordinates": null, "entities": {"symbols": [], "user_mentions": [{"id": 230527949, "indices": [0, 15], "id_str": "230527949", "screen_name": "AnonymousPress", "name": "Anonymous Press"}], "hashtags": [], "urls": []}, "in_reply_to_screen_name": "AnonymousPress", "id_str": "499447049440743424", "retweet_count": 0, "in_reply_to_user_id": 230527949, "favorited": false, "user": {"follow_request_sent": false, "profile_use_background_image": true, "default_profile_image": false, "id": 443572989, "profile_background_image_url_https": "https://abs.twimg.com/images/themes/theme13/bg.gif", "verified": false, "profile_text_color": "333333", "profile_image_url_https": "https://pbs.twimg.com/profile_images/484285277548998659/Vfs64P6i_normal.jpeg", "profile_sidebar_fill_color": "FFFFFF", "entities": {"description": {"urls": []}}, "followers_count": 7, "profile_sidebar_border_color": "EEEEEE", "id_str": "443572989", "profile_background_color": "B2DFDA", "listed_count": 0, "is_translation_enabled": false, "utc_offset": null, "statuses_count": 649, "description": "", "friends_count": 148, "location": "Heidelberg", "profile_link_color": "93A644", "profile_image_url": "http://pbs.twimg.com/profile_images/484285277548998659/Vfs64P6i_normal.jpeg", "following": false, "geo_enabled": false, "profile_banner_url": "https://pbs.twimg.com/profile_banners/443572989/1398251406", "profile_background_image_url": "http://abs.twimg.com/images/themes/theme13/bg.gif", "screen_name": "goon126", "lang": "de", "profile_background_tile": false, "favourites_count": 322, "name": "steven", "notifications": false, "url": null, "created_at": "Thu Dec 22 09:34:07 +0000 2011", "contributors_enabled": false, "time_zone": null, "protected": false, "default_profile": false, "is_translator": false}, "geo": null, "in_reply_to_user_id_str": "230527949", "lang": "en", "created_at": "Wed Aug 13 06:47:10 +0000 2014", "in_reply_to_status_id_str": "499366666300846081", "place": null}
