{"contributors":null,"truncated":false,"text":"~&gt; @AnonymousPress Gaza. Iraq. Soon they will burst into our homes, rape our babies, and force mothers to watch.","in_reply_to_status_id":499366666300846081,"id":499628894714986497,"favorite_count":0,"source":"<a href=\"https:\/\/mobile.twitter.com\" rel=\"nofollow\">Mobile Web (M5)<\/a>","retweeted":false,"coordinates":null,"entities":{"symbols":[],"user_mentions":[{"id":230527949,"indices":[6,21],"id_str":"230527949","screen_name":"AnonymousPress","name":"Anonymous Press"}],"hashtags":[],"urls":[]},"in_reply_to_screen_name":"AnonymousPress","id_str":"499628894714986497","retweet_count":0,"in_reply_to_user_id":230527949,"favorited":false,"user":{"follow_request_sent":false,"profile_use_background_image":true,"default_profile_image":false,"id":467026225,"profile_background_image_url_https":"https:\/\/abs.twimg.com\/images\/themes\/theme1\/bg.png","verified":false,"profile_text_color":"333333","profile_image_url_https":"https:\/\/pbs.twimg.com\/profile_images\/545982776831262721\/5C8ps2Jc_normal.jpeg","profile_sidebar_fill_color":"DDEEF6","entities":{"description":{"urls":[]}},"followers_count":243,"profile_sidebar_border_color":"000000","id_str":"467026225","profile_background_color":"C0DEED","listed_count":3,"is_translation_enabled":true,"utc_offset":-25200,"statuses_count":12159,"description":"THE TRUTH IS A TERRIBLE THING TO IGNORE.\r\n\r\nBlunt Speech on Fascism, For-Profit Prisons, Criminal Cops, Stop-Frisk, Privacy, Racism, Spills and Toxins, Africa.","friends_count":273,"location":"","profile_link_color":"BD671C","profile_image_url":"http:\/\/pbs.twimg.com\/profile_images\/545982776831262721\/5C8ps2Jc_normal.jpeg","following":false,"geo_enabled":false,"profile_banner_url":"https:\/\/pbs.twimg.com\/profile_banners\/467026225\/1409043290","profile_background_image_url":"http:\/\/abs.twimg.com\/images\/themes\/theme1\/bg.png","screen_name":"ocblues","lang":"en","profile_background_tile":false,"favourites_count":2676,"name":"oc","notifications":false,"url":null,"created_at":"Wed Jan 18 01:44:22 +0000 2012","contributors_enabled":false,"time_zone":"Arizona","protected":false,"default_profile":false,"is_translator":false},"geo":null,"in_reply_to_user_id_str":"230527949","lang":"en","created_at":"Wed Aug 13 18:49:45 +0000 2014","in_reply_to_status_id_str":"499366666300846081","place":null}