{"contributors": null, "truncated": false, "text": "@AnonymousPress And this isn't tyranny because ...?? Beuller??", "in_reply_to_status_id": 499366666300846081, "id": 499918462295490560, "favorite_count": 0, "source": "<a href=\"http://twitter.com\" rel=\"nofollow\">Twitter Web Client</a>", "retweeted": false, "coordinates": null, "entities": {"symbols": [], "user_mentions": [{"id": 230527949, "indices": [0, 15], "id_str": "230527949", "screen_name": "AnonymousPress", "name": "Anonymous Press"}], "hashtags": [], "urls": []}, "in_reply_to_screen_name": "AnonymousPress", "id_str": "499918462295490560", "retweet_count": 0, "in_reply_to_user_id": 230527949, "favorited": false, "user": {"follow_request_sent": false, "profile_use_background_image": true, "default_profile_image": false, "id": 21147939, "profile_background_image_url_https": "https://abs.twimg.com/images/themes/theme10/bg.gif", "verified": false, "profile_text_color": "3D1957", "profile_image_url_https": "https://pbs.twimg.com/profile_images/468721078085226496/qRm9g2J4_normal.jpeg", "profile_sidebar_fill_color": "7AC3EE", "entities": {"description": {"urls": []}}, "followers_count": 337, "profile_sidebar_border_color": "65B0DA", "id_str": "21147939", "profile_background_color": "642D8B", "listed_count": 5, "is_translation_enabled": false, "utc_offset": -10800, "statuses_count": 4112, "description": "Unabashed liberal mom who laughs rather than cries but still weeps for Kurt Cobain. \u201cIt is well known that reality has liberal bias.\u201d \r\n\u2015 Stephen Colbert", "friends_count": 496, "location": "Stamford, CT", "profile_link_color": "FF0000", "profile_image_url": "http://pbs.twimg.com/profile_images/468721078085226496/qRm9g2J4_normal.jpeg", "following": false, "geo_enabled": true, "profile_banner_url": "https://pbs.twimg.com/profile_banners/21147939/1399037435", "profile_background_image_url": "http://abs.twimg.com/images/themes/theme10/bg.gif", "screen_name": "Pastafarian1964", "lang": "en", "profile_background_tile": true, "favourites_count": 710, "name": "Veronica Feinstein", "notifications": false, "url": null, "created_at": "Tue Feb 17 23:50:07 +0000 2009", "contributors_enabled": false, "time_zone": "Atlantic Time (Canada)", "protected": false, "default_profile": false, "is_translator": false}, "geo": null, "in_reply_to_user_id_str": "230527949", "lang": "en", "created_at": "Thu Aug 14 14:00:24 +0000 2014", "in_reply_to_status_id_str": "499366666300846081", "place": null}
