{"contributors":null,"truncated":false,"text":"@AnonymousPress what the fuck","in_reply_to_status_id":499366666300846081,"id":500473967509909504,"favorite_count":0,"source":"<a href=\"http:\/\/twitter.com\/download\/iphone\" rel=\"nofollow\">Twitter for iPhone<\/a>","retweeted":false,"coordinates":null,"entities":{"symbols":[],"user_mentions":[{"id":230527949,"indices":[0,15],"id_str":"230527949","screen_name":"AnonymousPress","name":"Anonymous Press"}],"hashtags":[],"urls":[]},"in_reply_to_screen_name":"AnonymousPress","id_str":"500473967509909504","retweet_count":0,"in_reply_to_user_id":230527949,"favorited":false,"user":{"follow_request_sent":false,"profile_use_background_image":true,"default_profile_image":false,"id":343612344,"profile_background_image_url_https":"https:\/\/pbs.twimg.com\/profile_background_images\/378800000150743264\/wqvc8VbC.jpeg","verified":false,"profile_text_color":"333333","profile_image_url_https":"https:\/\/pbs.twimg.com\/profile_images\/589058734564966400\/0ZOiJZ4p_normal.jpg","profile_sidebar_fill_color":"EFEFEF","entities":{"description":{"urls":[]}},"followers_count":862,"profile_sidebar_border_color":"FFFFFF","id_str":"343612344","profile_background_color":"131516","listed_count":2,"is_translation_enabled":false,"utc_offset":-25200,"statuses_count":30799,"description":"My heart belongs to Briana Cooney.","friends_count":343,"location":"Monahans, Texas","profile_link_color":"009999","profile_image_url":"http:\/\/pbs.twimg.com\/profile_images\/589058734564966400\/0ZOiJZ4p_normal.jpg","following":false,"geo_enabled":true,"profile_banner_url":"https:\/\/pbs.twimg.com\/profile_banners\/343612344\/1407262805","profile_background_image_url":"http:\/\/pbs.twimg.com\/profile_background_images\/378800000150743264\/wqvc8VbC.jpeg","screen_name":"thejaimerey","lang":"en","profile_background_tile":false,"favourites_count":9339,"name":"King Jaime Rey","notifications":false,"url":null,"created_at":"Wed Jul 27 20:43:07 +0000 2011","contributors_enabled":false,"time_zone":"Pacific Time (US & Canada)","protected":false,"default_profile":false,"is_translator":false},"geo":null,"in_reply_to_user_id_str":"230527949","lang":"en","created_at":"Sat Aug 16 02:47:46 +0000 2014","in_reply_to_status_id_str":"499366666300846081","place":null}