{"contributors": null, "truncated": false, "text": "It's a good thing u went to detective school....wat would the cops do w/o u? @TheAnonMessage2", "in_reply_to_status_id": 500288349924782080, "id": 500288663931334656, "favorite_count": 6, "source": "<a href=\"http://www.tweetcaster.com\" rel=\"nofollow\">TweetCaster for Android</a>", "retweeted": false, "coordinates": null, "entities": {"symbols": [], "user_mentions": [{"id": 2725579568, "indices": [77, 93], "id_str": "2725579568", "screen_name": "TheAnonMessage2", "name": "TAM BACKUP"}], "hashtags": [], "urls": []}, "in_reply_to_screen_name": "TheAnonMessage2", "id_str": "500288663931334656", "retweet_count": 1, "in_reply_to_user_id": 2725579568, "favorited": false, "user": {"follow_request_sent": false, "profile_use_background_image": true, "default_profile_image": false, "id": 2516022494, "profile_background_image_url_https": "https://abs.twimg.com/images/themes/theme1/bg.png", "verified": false, "profile_text_color": "333333", "profile_image_url_https": "https://pbs.twimg.com/profile_images/502541608815185920/HDJ0yU9-_normal.jpeg", "profile_sidebar_fill_color": "DDEEF6", "entities": {"description": {"urls": []}}, "followers_count": 477, "profile_sidebar_border_color": "C0DEED", "id_str": "2516022494", "profile_background_color": "C0DEED", "listed_count": 8, "is_translation_enabled": false, "utc_offset": null, "statuses_count": 7965, "description": "Niggers niggering all my things.", "friends_count": 324, "location": "", "profile_link_color": "0084B4", "profile_image_url": "http://pbs.twimg.com/profile_images/502541608815185920/HDJ0yU9-_normal.jpeg", "following": false, "geo_enabled": false, "profile_banner_url": "https://pbs.twimg.com/profile_banners/2516022494/1400783345", "profile_background_image_url": "http://abs.twimg.com/images/themes/theme1/bg.png", "screen_name": "rip_red_red_red", "lang": "en", "profile_background_tile": false, "favourites_count": 2467, "name": "Phyl-in my vag ", "notifications": false, "url": null, "created_at": "Thu May 22 18:14:36 +0000 2014", "contributors_enabled": false, "time_zone": null, "protected": false, "default_profile": true, "is_translator": false}, "geo": null, "in_reply_to_user_id_str": "2725579568", "lang": "en", "created_at": "Fri Aug 15 14:31:27 +0000 2014", "in_reply_to_status_id_str": "500288349924782080", "place": null}
