{"contributors":null,"truncated":false,"text":"@TheAnonMessage2 Did anyone think that, holy balls, he was old enough to know how to change his clothes?","in_reply_to_status_id":500288349924782080,"id":500298046882988032,"favorite_count":0,"source":"<a href=\"https:\/\/about.twitter.com\/products\/tweetdeck\" rel=\"nofollow\">TweetDeck<\/a>","retweeted":false,"coordinates":null,"entities":{"symbols":[],"user_mentions":[{"id":2725579568,"indices":[0,16],"id_str":"2725579568","screen_name":"TheAnonMessage2","name":"TAM BACKUP"}],"hashtags":[],"urls":[]},"in_reply_to_screen_name":"TheAnonMessage2","id_str":"500298046882988032","retweet_count":0,"in_reply_to_user_id":2725579568,"favorited":false,"user":{"follow_request_sent":false,"profile_use_background_image":true,"default_profile_image":false,"id":298310505,"profile_background_image_url_https":"https:\/\/pbs.twimg.com\/profile_background_images\/479872937269293056\/ckc09gP5.jpeg","verified":false,"profile_text_color":"333333","profile_image_url_https":"https:\/\/pbs.twimg.com\/profile_images\/558431742185324544\/bam-D4bp_normal.png","profile_sidebar_fill_color":"EFEFEF","entities":{"description":{"urls":[]}},"followers_count":1198,"profile_sidebar_border_color":"000000","id_str":"298310505","profile_background_color":"131516","listed_count":39,"is_translation_enabled":false,"utc_offset":-18000,"statuses_count":23045,"description":"I weep for my country because its people are so damn fragile. We HAVE turned into a nation of cowards. #ISupportIsrael","friends_count":1983,"location":"Sadly...Illinois","profile_link_color":"009999","profile_image_url":"http:\/\/pbs.twimg.com\/profile_images\/558431742185324544\/bam-D4bp_normal.png","following":false,"geo_enabled":false,"profile_banner_url":"https:\/\/pbs.twimg.com\/profile_banners\/298310505\/1403245426","profile_background_image_url":"http:\/\/pbs.twimg.com\/profile_background_images\/479872937269293056\/ckc09gP5.jpeg","screen_name":"USAmjs","lang":"en","profile_background_tile":false,"favourites_count":3,"name":"Mat ","notifications":false,"url":null,"created_at":"Sat May 14 02:56:10 +0000 2011","contributors_enabled":false,"time_zone":"Central Time (US & Canada)","protected":false,"default_profile":false,"is_translator":false},"geo":null,"in_reply_to_user_id_str":"2725579568","lang":"en","created_at":"Fri Aug 15 15:08:44 +0000 2014","in_reply_to_status_id_str":"500288349924782080","place":null}