{"contributors":null,"truncated":false,"text":"@TheAnonMessage2 yes hat and sandals vs no hat and tennis shoes","in_reply_to_status_id":500288349924782080,"id":500289001446588417,"favorite_count":0,"source":"<a href=\"http:\/\/www.echofon.com\/\" rel=\"nofollow\">Echofon<\/a>","retweeted":false,"coordinates":null,"entities":{"symbols":[],"user_mentions":[{"id":2725579568,"indices":[0,16],"id_str":"2725579568","screen_name":"TheAnonMessage2","name":"TAM BACKUP"}],"hashtags":[],"urls":[]},"in_reply_to_screen_name":"TheAnonMessage2","id_str":"500289001446588417","retweet_count":0,"in_reply_to_user_id":2725579568,"favorited":false,"user":{"follow_request_sent":false,"profile_use_background_image":true,"default_profile_image":false,"id":124085284,"profile_background_image_url_https":"https:\/\/abs.twimg.com\/images\/themes\/theme1\/bg.png","verified":false,"profile_text_color":"333333","profile_image_url_https":"https:\/\/pbs.twimg.com\/profile_images\/590511630091419648\/loIfKOSh_normal.jpg","profile_sidebar_fill_color":"DDEEF6","entities":{"description":{"urls":[]}},"followers_count":2155,"profile_sidebar_border_color":"C0DEED","id_str":"124085284","profile_background_color":"C0DEED","listed_count":19,"is_translation_enabled":false,"utc_offset":-18000,"statuses_count":132822,"description":"New Orleans born\/bred .....Tweaked in ATL...Houston Living\nMakeup Artist\nBartender \nVIP Waitress\nIG: Manning_Eli_1","friends_count":734,"location":"","profile_link_color":"0084B4","profile_image_url":"http:\/\/pbs.twimg.com\/profile_images\/590511630091419648\/loIfKOSh_normal.jpg","following":false,"geo_enabled":true,"profile_background_image_url":"http:\/\/abs.twimg.com\/images\/themes\/theme1\/bg.png","screen_name":"Manning_Eli_1","lang":"en","profile_background_tile":false,"favourites_count":171,"name":"Domonique MUA ","notifications":false,"url":null,"created_at":"Thu Mar 18 06:06:58 +0000 2010","contributors_enabled":false,"time_zone":"Central Time (US & Canada)","protected":false,"default_profile":true,"is_translator":false},"geo":null,"in_reply_to_user_id_str":"2725579568","lang":"en","created_at":"Fri Aug 15 14:32:47 +0000 2014","in_reply_to_status_id_str":"500288349924782080","place":null}