{"contributors":null,"truncated":false,"text":"@TheAnonMessage2 no, because that would require reasoning and then if reasoning is applied, no one can be shot. Shoot now, reason later.","in_reply_to_status_id":500288349924782080,"id":500289931097296897,"favorite_count":0,"source":"<a href=\"http:\/\/twitter.com\/#!\/download\/ipad\" rel=\"nofollow\">Twitter for iPad<\/a>","retweeted":false,"coordinates":null,"entities":{"symbols":[],"user_mentions":[{"id":2725579568,"indices":[0,16],"id_str":"2725579568","screen_name":"TheAnonMessage2","name":"TAM BACKUP"}],"hashtags":[],"urls":[]},"in_reply_to_screen_name":"TheAnonMessage2","id_str":"500289931097296897","retweet_count":0,"in_reply_to_user_id":2725579568,"favorited":false,"user":{"follow_request_sent":false,"profile_use_background_image":true,"default_profile_image":false,"id":126525252,"profile_background_image_url_https":"https:\/\/pbs.twimg.com\/profile_background_images\/740377811\/f747673d3c24a5c95c270446f3bc1ed1.png","verified":false,"profile_text_color":"24637D","profile_image_url_https":"https:\/\/pbs.twimg.com\/profile_images\/576881584223232000\/Eu55_PED_normal.jpeg","profile_sidebar_fill_color":"45906C","entities":{"description":{"urls":[]}},"followers_count":385,"profile_sidebar_border_color":"84B97D","id_str":"126525252","profile_background_color":"43214C","listed_count":6,"is_translation_enabled":false,"utc_offset":-18000,"statuses_count":47898,"description":"Chicago::Baltimore:: \n\nYour soul is a cavern of lies. \n\nSwift with the block button if you act up in my mentions.","friends_count":252,"location":"Somewhere you aren't. o_O","profile_link_color":"353E5E","profile_image_url":"http:\/\/pbs.twimg.com\/profile_images\/576881584223232000\/Eu55_PED_normal.jpeg","following":false,"geo_enabled":false,"profile_banner_url":"https:\/\/pbs.twimg.com\/profile_banners\/126525252\/1408339564","profile_background_image_url":"http:\/\/pbs.twimg.com\/profile_background_images\/740377811\/f747673d3c24a5c95c270446f3bc1ed1.png","screen_name":"BenevolentSlap","lang":"en","profile_background_tile":true,"favourites_count":1505,"name":"Bloodbath & Beyond","notifications":false,"url":null,"created_at":"Fri Mar 26 04:16:40 +0000 2010","contributors_enabled":false,"time_zone":"Central Time (US & Canada)","protected":false,"default_profile":false,"is_translator":false},"geo":null,"in_reply_to_user_id_str":"2725579568","lang":"en","created_at":"Fri Aug 15 14:36:29 +0000 2014","in_reply_to_status_id_str":"500288349924782080","place":null}