{"contributors": null, "truncated": false, "text": "@RemarkablyDope @TheAnonMessage2 is it me, or the dude in the security cam photos is bald? Mike Brown isn't bald i dont belive", "in_reply_to_status_id": 500289681062248451, "id": 500290573182730240, "favorite_count": 0, "source": "<a href=\"http://twitter.com/download/iphone\" rel=\"nofollow\">Twitter for iPhone</a>", "retweeted": false, "coordinates": null, "entities": {"symbols": [], "user_mentions": [{"id": 173880712, "indices": [0, 15], "id_str": "173880712", "screen_name": "RemarkablyDope", "name": "Zeerow"}, {"id": 2725579568, "indices": [16, 32], "id_str": "2725579568", "screen_name": "TheAnonMessage2", "name": "TAM BACKUP"}], "hashtags": [], "urls": []}, "in_reply_to_screen_name": "RemarkablyDope", "id_str": "500290573182730240", "retweet_count": 0, "in_reply_to_user_id": 173880712, "favorited": false, "user": {"follow_request_sent": false, "profile_use_background_image": true, "default_profile_image": false, "id": 391609232, "profile_background_image_url_https": "https://pbs.twimg.com/profile_background_images/378800000150091833/D2TNKG31.jpeg", "verified": false, "profile_text_color": "000000", "profile_image_url_https": "https://pbs.twimg.com/profile_images/501209649824415744/VsOYTu1m_normal.jpeg", "profile_sidebar_fill_color": "B14845", "entities": {"description": {"urls": []}}, "followers_count": 1136, "profile_sidebar_border_color": "FFFFFF", "id_str": "391609232", "profile_background_color": "071922", "listed_count": 36, "is_translation_enabled": false, "utc_offset": -14400, "statuses_count": 79360, "description": "Youngin' tryna get these tweets off. #ChefBoyarDWade #BigShotBosh #HeatTwitter", "friends_count": 1010, "location": "", "profile_link_color": "FAA11B", "profile_image_url": "http://pbs.twimg.com/profile_images/501209649824415744/VsOYTu1m_normal.jpeg", "following": false, "geo_enabled": false, "profile_banner_url": "https://pbs.twimg.com/profile_banners/391609232/1405884363", "profile_background_image_url": "http://pbs.twimg.com/profile_background_images/378800000150091833/D2TNKG31.jpeg", "screen_name": "EricsSauces", "lang": "en", "profile_background_tile": false, "favourites_count": 3050, "name": "BAEfong", "notifications": false, "url": null, "created_at": "Sat Oct 15 20:53:44 +0000 2011", "contributors_enabled": false, "time_zone": "Eastern Time (US & Canada)", "protected": false, "default_profile": false, "is_translator": false}, "geo": null, "in_reply_to_user_id_str": "173880712", "lang": "en", "created_at": "Fri Aug 15 14:39:02 +0000 2014", "in_reply_to_status_id_str": "500289681062248451", "place": null}
