{"contributors": null, "truncated": false, "text": "@TheAnonMessage2 Yeah. @donlemon just did on CNN.", "in_reply_to_status_id": 500288349924782080, "id": 500288465355816960, "favorite_count": 1, "source": "<a href=\"https://about.twitter.com/products/tweetdeck\" rel=\"nofollow\">TweetDeck</a>", "retweeted": false, "coordinates": null, "entities": {"symbols": [], "user_mentions": [{"id": 2725579568, "indices": [0, 16], "id_str": "2725579568", "screen_name": "TheAnonMessage2", "name": "TAM BACKUP"}, {"id": 16051471, "indices": [23, 32], "id_str": "16051471", "screen_name": "donlemon", "name": "Don Lemon"}], "hashtags": [], "urls": []}, "in_reply_to_screen_name": "TheAnonMessage2", "id_str": "500288465355816960", "retweet_count": 0, "in_reply_to_user_id": 2725579568, "favorited": false, "user": {"follow_request_sent": false, "profile_use_background_image": true, "default_profile_image": false, "id": 39574682, "profile_background_image_url_https": "https://abs.twimg.com/images/themes/theme14/bg.gif", "verified": false, "profile_text_color": "333333", "profile_image_url_https": "https://pbs.twimg.com/profile_images/478550287465336832/bSxTlqZ6_normal.jpeg", "profile_sidebar_fill_color": "EFEFEF", "entities": {"url": {"urls": [{"url": "http://t.co/JXgXpSIOVW", "indices": [0, 22], "expanded_url": "http://www.courierpress.com/staff/cole-claybourn/", "display_url": "courierpress.com/staff/cole-cla\u2026"}]}, "description": {"urls": []}}, "followers_count": 1019, "profile_sidebar_border_color": "EEEEEE", "id_str": "39574682", "profile_background_color": "131516", "listed_count": 47, "is_translation_enabled": false, "utc_offset": -18000, "statuses_count": 24453, "description": "Digital Content Producer for the @courierpress. 2012 WKU Journalism grad. Seinfeld, baseball fan. Cardinals blogger for @CardsConclave.", "friends_count": 703, "location": "Evansville, Ind.", "profile_link_color": "009999", "profile_image_url": "http://pbs.twimg.com/profile_images/478550287465336832/bSxTlqZ6_normal.jpeg", "following": false, "geo_enabled": true, "profile_banner_url": "https://pbs.twimg.com/profile_banners/39574682/1403454418", "profile_background_image_url": "http://abs.twimg.com/images/themes/theme14/bg.gif", "screen_name": "ColeClaybourn", "lang": "en", "profile_background_tile": true, "favourites_count": 5, "name": "Cole Claybourn", "notifications": false, "url": "http://t.co/JXgXpSIOVW", "created_at": "Tue May 12 19:30:56 +0000 2009", "contributors_enabled": false, "time_zone": "Central Time (US & Canada)", "protected": false, "default_profile": false, "is_translator": false}, "geo": null, "in_reply_to_user_id_str": "2725579568", "lang": "en", "created_at": "Fri Aug 15 14:30:39 +0000 2014", "in_reply_to_status_id_str": "500288349924782080", "place": null}
