{"contributors":null,"truncated":false,"text":".@TheAnonMessage2  yes. They don't match. Flip flops + hat in store. Shoes + no hat in final pic.","in_reply_to_status_id":500288349924782080,"id":500289400572768257,"favorite_count":3,"source":"<a href=\"http:\/\/www.twitter.com\" rel=\"nofollow\">Twitter for BlackBerry<\/a>","retweeted":false,"coordinates":null,"entities":{"symbols":[],"user_mentions":[{"id":2725579568,"indices":[1,17],"id_str":"2725579568","screen_name":"TheAnonMessage2","name":"TAM BACKUP"}],"hashtags":[],"urls":[]},"in_reply_to_screen_name":"TheAnonMessage2","id_str":"500289400572768257","retweet_count":0,"in_reply_to_user_id":2725579568,"favorited":false,"user":{"follow_request_sent":false,"profile_use_background_image":true,"default_profile_image":false,"id":14807214,"profile_background_image_url_https":"https:\/\/pbs.twimg.com\/profile_background_images\/439817818461057024\/bFXKycbs.jpeg","verified":false,"profile_text_color":"555555","profile_image_url_https":"https:\/\/pbs.twimg.com\/profile_images\/575952070173315072\/A1yE_wap_normal.jpeg","profile_sidebar_fill_color":"DEDEDE","entities":{"url":{"urls":[{"url":"https:\/\/t.co\/UGOtjqOQ3c","indices":[0,23],"expanded_url":"https:\/\/soundcloud.com\/hoodyweather\/brooklyn-girls-twerk-remix","display_url":"soundcloud.com\/hoodyweather\/b\u2026"}]},"description":{"urls":[]}},"followers_count":1139,"profile_sidebar_border_color":"000000","id_str":"14807214","profile_background_color":"707070","listed_count":24,"is_translation_enabled":false,"utc_offset":-14400,"statuses_count":44807,"description":"DJ HOODY WEATHER. Semi-retired Tour Manager. Professional Middle Man. BlackBerry fanatic. Flirt. W1\u00a3D $T\u00a5\u00a3\u20ac. Tour resume upon request. #YOLOSJGFN\u263a\u2665","friends_count":233,"location":"Richmond, VA","profile_link_color":"F53E59","profile_image_url":"http:\/\/pbs.twimg.com\/profile_images\/575952070173315072\/A1yE_wap_normal.jpeg","following":false,"geo_enabled":false,"profile_banner_url":"https:\/\/pbs.twimg.com\/profile_banners\/14807214\/1393695460","profile_background_image_url":"http:\/\/pbs.twimg.com\/profile_background_images\/439817818461057024\/bFXKycbs.jpeg","screen_name":"IAmAmirHasan","lang":"en","profile_background_tile":true,"favourites_count":581,"name":"HOODY WEATHER | etc.","notifications":false,"url":"https:\/\/t.co\/UGOtjqOQ3c","created_at":"Sat May 17 02:57:16 +0000 2008","contributors_enabled":false,"time_zone":"Eastern Time (US & Canada)","protected":false,"default_profile":false,"is_translator":false},"geo":null,"in_reply_to_user_id_str":"2725579568","lang":"en","created_at":"Fri Aug 15 14:34:22 +0000 2014","in_reply_to_status_id_str":"500288349924782080","place":null}