{"contributors":null,"truncated":false,"text":"@EricsSauces @TheAnonMessage2 it's not him lmao the store owners already said so","in_reply_to_status_id":500290573182730240,"id":500290674957504513,"favorite_count":1,"source":"<a href=\"http:\/\/twitter.com\/download\/iphone\" rel=\"nofollow\">Twitter for iPhone<\/a>","retweeted":false,"coordinates":null,"entities":{"symbols":[],"user_mentions":[{"id":391609232,"indices":[0,12],"id_str":"391609232","screen_name":"EricsSauces","name":"BAEfong"},{"id":2725579568,"indices":[13,29],"id_str":"2725579568","screen_name":"TheAnonMessage2","name":"TAM BACKUP"}],"hashtags":[],"urls":[]},"in_reply_to_screen_name":"EricsSauces","id_str":"500290674957504513","retweet_count":1,"in_reply_to_user_id":391609232,"favorited":false,"user":{"follow_request_sent":false,"profile_use_background_image":true,"default_profile_image":false,"id":173880712,"profile_background_image_url_https":"https:\/\/pbs.twimg.com\/profile_background_images\/386521724\/2eadbe28278311e180c9123138016265_7.jpg","verified":false,"profile_text_color":"F7EDF7","profile_image_url_https":"https:\/\/pbs.twimg.com\/profile_images\/584067067160174592\/moxuIx5H_normal.jpg","profile_sidebar_fill_color":"050505","entities":{"description":{"urls":[]}},"followers_count":907,"profile_sidebar_border_color":"330CF2","id_str":"173880712","profile_background_color":"000000","listed_count":19,"is_translation_enabled":false,"utc_offset":-14400,"statuses_count":87039,"description":"You say I look high, I say I'm high bro","friends_count":818,"location":"South Florida","profile_link_color":"000D99","profile_image_url":"http:\/\/pbs.twimg.com\/profile_images\/584067067160174592\/moxuIx5H_normal.jpg","following":false,"geo_enabled":true,"profile_banner_url":"https:\/\/pbs.twimg.com\/profile_banners\/173880712\/1408378947","profile_background_image_url":"http:\/\/pbs.twimg.com\/profile_background_images\/386521724\/2eadbe28278311e180c9123138016265_7.jpg","screen_name":"RemarkablyDope","lang":"en","profile_background_tile":true,"favourites_count":2763,"name":"Zeerow","notifications":false,"url":null,"created_at":"Mon Aug 02 15:59:08 +0000 2010","contributors_enabled":false,"time_zone":"Eastern Time (US & Canada)","protected":false,"default_profile":false,"is_translator":false},"geo":null,"in_reply_to_user_id_str":"391609232","lang":"en","created_at":"Fri Aug 15 14:39:26 +0000 2014","in_reply_to_status_id_str":"500290573182730240","place":null}