{"contributors": null, "truncated": false, "text": "@TheAnonMessage2 had the same flip flops on.", "in_reply_to_status_id": 500288349924782080, "id": 500288555600871424, "favorite_count": 0, "source": "<a href=\"http://twitter.com/download/iphone\" rel=\"nofollow\">Twitter for iPhone</a>", "retweeted": false, "coordinates": null, "entities": {"symbols": [], "user_mentions": [{"id": 2725579568, "indices": [0, 16], "id_str": "2725579568", "screen_name": "TheAnonMessage2", "name": "TAM BACKUP"}], "hashtags": [], "urls": []}, "in_reply_to_screen_name": "TheAnonMessage2", "id_str": "500288555600871424", "retweet_count": 0, "in_reply_to_user_id": 2725579568, "favorited": false, "user": {"follow_request_sent": false, "profile_use_background_image": true, "default_profile_image": false, "id": 74214410, "profile_background_image_url_https": "https://pbs.twimg.com/profile_background_images/378800000060999969/a31170de837d6f964c35dc6887cade73.jpeg", "verified": false, "profile_text_color": "0055FF", "profile_image_url_https": "https://pbs.twimg.com/profile_images/1424223677/capm2_normal.png", "profile_sidebar_fill_color": "00003D", "entities": {"url": {"urls": [{"url": "http://t.co/7fZak8YlF9", "indices": [0, 22], "expanded_url": "http://sevenwithcheese.com/", "display_url": "sevenwithcheese.com"}]}, "description": {"urls": []}}, "followers_count": 470, "profile_sidebar_border_color": "FFFFFF", "id_str": "74214410", "profile_background_color": "FFFFFF", "listed_count": 18, "is_translation_enabled": false, "utc_offset": -14400, "statuses_count": 94751, "description": "As seen on NBC and ESPN", "friends_count": 150, "location": "City of Champions, and Pirates", "profile_link_color": "FF7300", "profile_image_url": "http://pbs.twimg.com/profile_images/1424223677/capm2_normal.png", "following": false, "geo_enabled": true, "profile_banner_url": "https://pbs.twimg.com/profile_banners/74214410/1401153454", "profile_background_image_url": "http://pbs.twimg.com/profile_background_images/378800000060999969/a31170de837d6f964c35dc6887cade73.jpeg", "screen_name": "sevenwithcheese", "lang": "en", "profile_background_tile": false, "favourites_count": 3829, "name": "sevenwithcheese", "notifications": false, "url": "http://t.co/7fZak8YlF9", "created_at": "Mon Sep 14 17:46:56 +0000 2009", "contributors_enabled": false, "time_zone": "Eastern Time (US & Canada)", "protected": false, "default_profile": false, "is_translator": false}, "geo": null, "in_reply_to_user_id_str": "2725579568", "lang": "en", "created_at": "Fri Aug 15 14:31:01 +0000 2014", "in_reply_to_status_id_str": "500288349924782080", "place": null}
