{"contributors":null,"truncated":false,"text":"Identical but irrelevant RT @TheAnonMessage2: Did anyone think of comparing the clothes that #MikeBrown was wearing to the security footage?","in_reply_to_status_id":500288349924782080,"id":500294596707254272,"favorite_count":0,"source":"<a href=\"http:\/\/twitter.com\/download\/iphone\" rel=\"nofollow\">Twitter for iPhone<\/a>","retweeted":false,"coordinates":null,"entities":{"symbols":[],"user_mentions":[{"id":2725579568,"indices":[28,44],"id_str":"2725579568","screen_name":"TheAnonMessage2","name":"TAM BACKUP"}],"hashtags":[{"indices":[93,103],"text":"MikeBrown"}],"urls":[]},"in_reply_to_screen_name":"TheAnonMessage2","id_str":"500294596707254272","retweet_count":1,"in_reply_to_user_id":2725579568,"favorited":false,"user":{"follow_request_sent":false,"profile_use_background_image":true,"default_profile_image":false,"id":823699980,"profile_background_image_url_https":"https:\/\/pbs.twimg.com\/profile_background_images\/378800000099234744\/9f4d224df49a3bfe463f9a87a5697cc3.jpeg","verified":false,"profile_text_color":"333333","profile_image_url_https":"https:\/\/pbs.twimg.com\/profile_images\/512999542594482176\/TeIbfjmm_normal.jpeg","profile_sidebar_fill_color":"DDEEF6","entities":{"description":{"urls":[]}},"followers_count":3860,"profile_sidebar_border_color":"000000","id_str":"823699980","profile_background_color":"C0DEED","listed_count":116,"is_translation_enabled":true,"utc_offset":-14400,"statuses_count":62344,"description":"DC","friends_count":303,"location":"","profile_link_color":"0084B4","profile_image_url":"http:\/\/pbs.twimg.com\/profile_images\/512999542594482176\/TeIbfjmm_normal.jpeg","following":false,"geo_enabled":false,"profile_background_image_url":"http:\/\/pbs.twimg.com\/profile_background_images\/378800000099234744\/9f4d224df49a3bfe463f9a87a5697cc3.jpeg","screen_name":"TheRealTenski","lang":"en","profile_background_tile":true,"favourites_count":102,"name":"Firstname Lastname","notifications":false,"url":null,"created_at":"Fri Sep 14 17:55:29 +0000 2012","contributors_enabled":false,"time_zone":"Eastern Time (US & Canada)","protected":false,"default_profile":false,"is_translator":false},"geo":null,"in_reply_to_user_id_str":"2725579568","lang":"en","created_at":"Fri Aug 15 14:55:01 +0000 2014","in_reply_to_status_id_str":"500288349924782080","place":null}