{"contributors":null,"truncated":false,"text":"Mike Brown was staying with his grandmother for the summer, who lived in the community. #Ferguson","in_reply_to_status_id":null,"id":498280126254428160,"favorite_count":46,"source":"<a href=\"https:\/\/about.twitter.com\/products\/tweetdeck\" rel=\"nofollow\">TweetDeck<\/a>","retweeted":false,"coordinates":null,"entities":{"symbols":[],"user_mentions":[],"hashtags":[{"indices":[88,97],"text":"Ferguson"}],"urls":[]},"in_reply_to_screen_name":null,"id_str":"498280126254428160","retweet_count":146,"in_reply_to_user_id":null,"favorited":false,"user":{"follow_request_sent":false,"profile_use_background_image":true,"default_profile_image":false,"id":24165761,"profile_background_image_url_https":"https:\/\/abs.twimg.com\/images\/themes\/theme4\/bg.gif","verified":true,"profile_text_color":"3C3940","profile_image_url_https":"https:\/\/pbs.twimg.com\/profile_images\/570370729964920832\/NSsz3-uv_normal.jpeg","profile_sidebar_fill_color":"95E8EC","entities":{"url":{"urls":[{"url":"http:\/\/t.co\/uYd9vD5LNN","indices":[0,22],"expanded_url":"http:\/\/en.wikipedia.org\/wiki\/Michael_Skolnik","display_url":"en.wikipedia.org\/wiki\/Michael_S\u2026"}]},"description":{"urls":[]}},"followers_count":133561,"profile_sidebar_border_color":"5ED4DC","id_str":"24165761","profile_background_color":"0099B9","listed_count":1645,"is_translation_enabled":false,"utc_offset":-14400,"statuses_count":28255,"description":"Political Director to Russell Simmons + Editor-In-Chief of GlobalGrind. Contact: info@mskolnik.com","friends_count":127,"location":"","profile_link_color":"0099B9","profile_image_url":"http:\/\/pbs.twimg.com\/profile_images\/570370729964920832\/NSsz3-uv_normal.jpeg","following":false,"geo_enabled":true,"profile_banner_url":"https:\/\/pbs.twimg.com\/profile_banners\/24165761\/1406690750","profile_background_image_url":"http:\/\/abs.twimg.com\/images\/themes\/theme4\/bg.gif","screen_name":"MichaelSkolnik","lang":"en","profile_background_tile":false,"favourites_count":19845,"name":"Michael Skolnik","notifications":false,"url":"http:\/\/t.co\/uYd9vD5LNN","created_at":"Fri Mar 13 12:55:21 +0000 2009","contributors_enabled":false,"time_zone":"Eastern Time (US & Canada)","protected":false,"default_profile":false,"is_translator":false},"geo":null,"in_reply_to_user_id_str":null,"lang":"en","created_at":"Sun Aug 10 01:30:14 +0000 2014","in_reply_to_status_id_str":null,"place":null}