{"contributors":null,"truncated":false,"text":"@CheriPhi @mashable That maybe he did try &amp; take cops gun though window (something witnesses could not see). This goes toward CHARACTER. \ud83d\ude10","in_reply_to_status_id":500288027705741313,"id":500295998753611777,"favorite_count":0,"source":"<a href=\"http:\/\/www.twitter.com\" rel=\"nofollow\">Twitter for Windows Phone<\/a>","retweeted":false,"coordinates":null,"entities":{"symbols":[],"user_mentions":[{"id":64739098,"indices":[0,9],"id_str":"64739098","screen_name":"CheriPhi","name":"Sula Peace"},{"id":972651,"indices":[10,19],"id_str":"972651","screen_name":"mashable","name":"Mashable"}],"hashtags":[],"urls":[]},"in_reply_to_screen_name":"CheriPhi","id_str":"500295998753611777","retweet_count":0,"in_reply_to_user_id":64739098,"favorited":false,"user":{"follow_request_sent":false,"profile_use_background_image":true,"default_profile_image":false,"id":53831819,"profile_background_image_url_https":"https:\/\/abs.twimg.com\/images\/themes\/theme1\/bg.png","verified":false,"profile_text_color":"333333","profile_image_url_https":"https:\/\/pbs.twimg.com\/profile_images\/552611722784018432\/DebesG5U_normal.jpeg","profile_sidebar_fill_color":"DDEEF6","entities":{"description":{"urls":[]}},"followers_count":187,"profile_sidebar_border_color":"C0DEED","id_str":"53831819","profile_background_color":"C0DEED","listed_count":6,"is_translation_enabled":false,"utc_offset":-25200,"statuses_count":4956,"description":"100% GEEK, Tech Evangelist,  Movie Fanatic, Rocker, Hardcore Xbox One\/PC Gamer & Windows Phone enthusiast (Lumia 1520). Mountain Biking rules the summer!","friends_count":496,"location":"The Valley (Silicon)","profile_link_color":"0084B4","profile_image_url":"http:\/\/pbs.twimg.com\/profile_images\/552611722784018432\/DebesG5U_normal.jpeg","following":false,"geo_enabled":true,"profile_banner_url":"https:\/\/pbs.twimg.com\/profile_banners\/53831819\/1369765856","profile_background_image_url":"http:\/\/abs.twimg.com\/images\/themes\/theme1\/bg.png","screen_name":"species8472xgn","lang":"en","profile_background_tile":false,"favourites_count":3363,"name":"Billy","notifications":false,"url":null,"created_at":"Sun Jul 05 03:55:48 +0000 2009","contributors_enabled":false,"time_zone":"Pacific Time (US & Canada)","protected":false,"default_profile":true,"is_translator":false},"geo":null,"in_reply_to_user_id_str":"64739098","lang":"en","created_at":"Fri Aug 15 15:00:35 +0000 2014","in_reply_to_status_id_str":"500288027705741313","place":null}