{"contributors": null, "truncated": false, "text": "@mashable Gentle giant.", "in_reply_to_status_id": 500286058664579072, "id": 500286538878427136, "favorite_count": 2, "source": "<a href=\"http://twitter.com\" rel=\"nofollow\">Twitter Web Client</a>", "retweeted": false, "coordinates": null, "entities": {"symbols": [], "user_mentions": [{"id": 972651, "indices": [0, 9], "id_str": "972651", "screen_name": "mashable", "name": "Mashable"}], "hashtags": [], "urls": []}, "in_reply_to_screen_name": "mashable", "id_str": "500286538878427136", "retweet_count": 0, "in_reply_to_user_id": 972651, "favorited": false, "user": {"follow_request_sent": false, "profile_use_background_image": true, "default_profile_image": false, "id": 17190622, "profile_background_image_url_https": "https://abs.twimg.com/images/themes/theme9/bg.gif", "verified": false, "profile_text_color": "666666", "profile_image_url_https": "https://pbs.twimg.com/profile_images/458207843913461760/FeIw-d53_normal.jpeg", "profile_sidebar_fill_color": "252429", "entities": {"url": {"urls": [{"url": "http://t.co/u3R2xaiwtm", "indices": [0, 22], "expanded_url": "http://gplus.to/marruffosc", "display_url": "gplus.to/marruffosc"}]}, "description": {"urls": []}}, "followers_count": 831, "profile_sidebar_border_color": "181A1E", "id_str": "17190622", "profile_background_color": "1A1B1F", "listed_count": 13, "is_translation_enabled": false, "utc_offset": -18000, "statuses_count": 5228, "description": "More Conservative than Pat Buchanan; More Catholic than the Pope.  Half-kidding.  Cantor.  Cursillista.  Cubs fan.  Procrastinator.  Pro-Life.  Vincentian.", "friends_count": 1888, "location": "Sterling, IL", "profile_link_color": "2FC2EF", "profile_image_url": "http://pbs.twimg.com/profile_images/458207843913461760/FeIw-d53_normal.jpeg", "following": false, "geo_enabled": true, "profile_banner_url": "https://pbs.twimg.com/profile_banners/17190622/1369931329", "profile_background_image_url": "http://abs.twimg.com/images/themes/theme9/bg.gif", "screen_name": "marruffosc", "lang": "en", "profile_background_tile": false, "favourites_count": 1, "name": "Steve Marruffo", "notifications": false, "url": "http://t.co/u3R2xaiwtm", "created_at": "Wed Nov 05 15:39:18 +0000 2008", "contributors_enabled": false, "time_zone": "Central Time (US & Canada)", "protected": false, "default_profile": false, "is_translator": false}, "geo": null, "in_reply_to_user_id_str": "972651", "lang": "en", "created_at": "Fri Aug 15 14:23:00 +0000 2014", "in_reply_to_status_id_str": "500286058664579072", "place": null}
