{"contributors": null, "truncated": false, "text": "@mashable If this is real, I feel one of those #aweshit moments coming on both sides, the neighborhood and the police.", "in_reply_to_status_id": 500286058664579072, "id": 500290943849725952, "favorite_count": 1, "source": "<a href=\"https://twitter.com/download/android\" rel=\"nofollow\">Twitter for Android Tablets</a>", "retweeted": false, "coordinates": null, "entities": {"symbols": [], "user_mentions": [{"id": 972651, "indices": [0, 9], "id_str": "972651", "screen_name": "mashable", "name": "Mashable"}], "hashtags": [{"indices": [47, 55], "text": "aweshit"}], "urls": []}, "in_reply_to_screen_name": "mashable", "id_str": "500290943849725952", "retweet_count": 0, "in_reply_to_user_id": 972651, "favorited": false, "user": {"follow_request_sent": false, "profile_use_background_image": true, "default_profile_image": false, "id": 717709857, "profile_background_image_url_https": "https://abs.twimg.com/images/themes/theme1/bg.png", "verified": false, "profile_text_color": "333333", "profile_image_url_https": "https://pbs.twimg.com/profile_images/413377031204651008/yZeFqxQp_normal.jpeg", "profile_sidebar_fill_color": "DDEEF6", "entities": {"description": {"urls": []}}, "followers_count": 763, "profile_sidebar_border_color": "C0DEED", "id_str": "717709857", "profile_background_color": "C0DEED", "listed_count": 6, "is_translation_enabled": false, "utc_offset": null, "statuses_count": 3718, "description": "Cooking school grad, in search of the best pairing of international food,wine and politics. I want the story behind the recipe.", "friends_count": 1163, "location": "Lithonia Georgia ", "profile_link_color": "0084B4", "profile_image_url": "http://pbs.twimg.com/profile_images/413377031204651008/yZeFqxQp_normal.jpeg", "following": false, "geo_enabled": true, "profile_background_image_url": "http://abs.twimg.com/images/themes/theme1/bg.png", "screen_name": "brown42080", "lang": "en", "profile_background_tile": false, "favourites_count": 668, "name": "Robert Brown", "notifications": false, "url": null, "created_at": "Wed Oct 16 15:47:26 +0000 2013", "contributors_enabled": false, "time_zone": null, "protected": false, "default_profile": true, "is_translator": false}, "geo": null, "in_reply_to_user_id_str": "972651", "lang": "en", "created_at": "Fri Aug 15 14:40:30 +0000 2014", "in_reply_to_status_id_str": "500286058664579072", "place": null}
