{"contributors":null,"truncated":false,"text":"@mashable this is mike brown stop lying and get your facts straight next time you insult another HUMANS life http:\/\/t.co\/W7Lmtv1i1U","in_reply_to_status_id":500286058664579072,"id":500293069947015168,"favorite_count":0,"source":"<a href=\"http:\/\/twitter.com\/download\/iphone\" rel=\"nofollow\">Twitter for iPhone<\/a>","retweeted":false,"coordinates":null,"entities":{"symbols":[],"user_mentions":[{"id":972651,"indices":[0,9],"id_str":"972651","screen_name":"mashable","name":"Mashable"}],"hashtags":[],"urls":[],"media":[{"expanded_url":"http:\/\/twitter.com\/Shizz_latin\/status\/500293069947015168\/photo\/1","display_url":"pic.twitter.com\/W7Lmtv1i1U","url":"http:\/\/t.co\/W7Lmtv1i1U","media_url_https":"https:\/\/pbs.twimg.com\/media\/BvFl5WPIEAAAL5u.jpg","id_str":"500293069510807552","sizes":{"small":{"h":604,"resize":"fit","w":340},"large":{"h":1024,"resize":"fit","w":576},"medium":{"h":1024,"resize":"fit","w":576},"thumb":{"h":150,"resize":"crop","w":150}},"indices":[109,131],"type":"photo","id":500293069510807552,"media_url":"http:\/\/pbs.twimg.com\/media\/BvFl5WPIEAAAL5u.jpg"}]},"in_reply_to_screen_name":"mashable","id_str":"500293069947015168","retweet_count":1,"in_reply_to_user_id":972651,"favorited":false,"user":{"follow_request_sent":false,"profile_use_background_image":true,"default_profile_image":false,"id":311001818,"profile_background_image_url_https":"https:\/\/abs.twimg.com\/images\/themes\/theme14\/bg.gif","verified":false,"profile_text_color":"333333","profile_image_url_https":"https:\/\/pbs.twimg.com\/profile_images\/585828324146053122\/n-GvSAdX_normal.jpg","profile_sidebar_fill_color":"EFEFEF","entities":{"description":{"urls":[]}},"followers_count":893,"profile_sidebar_border_color":"EEEEEE","id_str":"311001818","profile_background_color":"131516","listed_count":1,"is_translation_enabled":false,"utc_offset":-18000,"statuses_count":25437,"description":"Im from the moutains, was kidnapped and transported to philly where i was raised wit wolves and ate badgers im a beast youll see","friends_count":575,"location":"","profile_link_color":"009999","profile_image_url":"http:\/\/pbs.twimg.com\/profile_images\/585828324146053122\/n-GvSAdX_normal.jpg","following":false,"geo_enabled":true,"profile_banner_url":"https:\/\/pbs.twimg.com\/profile_banners\/311001818\/1386611812","profile_background_image_url":"http:\/\/abs.twimg.com\/images\/themes\/theme14\/bg.gif","screen_name":"Shizz_latin","lang":"en","profile_background_tile":true,"favourites_count":313,"name":"S,Stacks","notifications":false,"url":null,"created_at":"Sat Jun 04 18:37:52 +0000 2011","contributors_enabled":false,"time_zone":"Quito","protected":false,"default_profile":false,"is_translator":false},"geo":null,"in_reply_to_user_id_str":"972651","possibly_sensitive":false,"lang":"en","created_at":"Fri Aug 15 14:48:57 +0000 2014","in_reply_to_status_id_str":"500286058664579072","place":null,"extended_entities":{"media":[{"expanded_url":"http:\/\/twitter.com\/Shizz_latin\/status\/500293069947015168\/photo\/1","display_url":"pic.twitter.com\/W7Lmtv1i1U","url":"http:\/\/t.co\/W7Lmtv1i1U","media_url_https":"https:\/\/pbs.twimg.com\/media\/BvFl5WPIEAAAL5u.jpg","id_str":"500293069510807552","sizes":{"small":{"h":604,"resize":"fit","w":340},"large":{"h":1024,"resize":"fit","w":576},"medium":{"h":1024,"resize":"fit","w":576},"thumb":{"h":150,"resize":"crop","w":150}},"indices":[109,131],"type":"photo","id":500293069510807552,"media_url":"http:\/\/pbs.twimg.com\/media\/BvFl5WPIEAAAL5u.jpg"}]}}