{"contributors": null, "truncated": false, "text": "@zadiaz @mashable You're one sick stupid person.", "in_reply_to_status_id": 500290490382942209, "id": 500290781178261504, "favorite_count": 1, "source": "<a href=\"http://twitter.com\" rel=\"nofollow\">Twitter Web Client</a>", "retweeted": false, "coordinates": null, "entities": {"symbols": [], "user_mentions": [{"id": 14227485, "indices": [0, 7], "id_str": "14227485", "screen_name": "zadiaz", "name": "zadi"}, {"id": 972651, "indices": [8, 17], "id_str": "972651", "screen_name": "mashable", "name": "Mashable"}], "hashtags": [], "urls": []}, "in_reply_to_screen_name": "zadiaz", "id_str": "500290781178261504", "retweet_count": 0, "in_reply_to_user_id": 14227485, "favorited": false, "user": {"follow_request_sent": false, "profile_use_background_image": true, "default_profile_image": false, "id": 2423249816, "profile_background_image_url_https": "https://abs.twimg.com/images/themes/theme1/bg.png", "verified": false, "profile_text_color": "333333", "profile_image_url_https": "https://pbs.twimg.com/profile_images/452149776297906176/H4w7GuqX_normal.jpeg", "profile_sidebar_fill_color": "DDEEF6", "entities": {"description": {"urls": []}}, "followers_count": 138, "profile_sidebar_border_color": "C0DEED", "id_str": "2423249816", "profile_background_color": "C0DEED", "listed_count": 2, "is_translation_enabled": false, "utc_offset": -18000, "statuses_count": 1143, "description": "Green / Ego living by a Modern Hippie mom on a budget.", "friends_count": 392, "location": "VA", "profile_link_color": "00B380", "profile_image_url": "http://pbs.twimg.com/profile_images/452149776297906176/H4w7GuqX_normal.jpeg", "following": false, "geo_enabled": false, "profile_banner_url": "https://pbs.twimg.com/profile_banners/2423249816/1398468101", "profile_background_image_url": "http://abs.twimg.com/images/themes/theme1/bg.png", "screen_name": "TracyMo53321503", "lang": "en", "profile_background_tile": false, "favourites_count": 103, "name": "TL1410", "notifications": false, "url": null, "created_at": "Wed Apr 02 05:12:26 +0000 2014", "contributors_enabled": false, "time_zone": "Central Time (US & Canada)", "protected": false, "default_profile": false, "is_translator": false}, "geo": null, "in_reply_to_user_id_str": "14227485", "lang": "en", "created_at": "Fri Aug 15 14:39:51 +0000 2014", "in_reply_to_status_id_str": "500290490382942209", "place": null}
