{"contributors":null,"truncated":false,"text":"@mashable umm wasn't Mike Brown wearing pants, and shoes?","in_reply_to_status_id":500286058664579072,"id":500290288221687808,"favorite_count":1,"source":"<a href=\"http:\/\/twitter.com\/download\/iphone\" rel=\"nofollow\">Twitter for iPhone<\/a>","retweeted":false,"coordinates":null,"entities":{"symbols":[],"user_mentions":[{"id":972651,"indices":[0,9],"id_str":"972651","screen_name":"mashable","name":"Mashable"}],"hashtags":[],"urls":[]},"in_reply_to_screen_name":"mashable","id_str":"500290288221687808","retweet_count":0,"in_reply_to_user_id":972651,"favorited":false,"user":{"follow_request_sent":false,"profile_use_background_image":true,"default_profile_image":false,"id":14722486,"profile_background_image_url_https":"https:\/\/abs.twimg.com\/images\/themes\/theme9\/bg.gif","verified":false,"profile_text_color":"666666","profile_image_url_https":"https:\/\/pbs.twimg.com\/profile_images\/545782198771920896\/F0-ll_HU_normal.jpeg","profile_sidebar_fill_color":"252429","entities":{"url":{"urls":[{"url":"http:\/\/t.co\/ukrRuqIlzG","indices":[0,22],"expanded_url":"http:\/\/OpenMedia.ca","display_url":"OpenMedia.ca"}]},"description":{"urls":[]}},"followers_count":386,"profile_sidebar_border_color":"181A1E","id_str":"14722486","profile_background_color":"1A1B1F","listed_count":7,"is_translation_enabled":false,"utc_offset":-14400,"statuses_count":17073,"description":"I like music (the obnoxious kind you probably hate), hockey, comedy, and other various doings.","friends_count":1523,"location":"London, Ontario, Canada","profile_link_color":"2FC2EF","profile_image_url":"http:\/\/pbs.twimg.com\/profile_images\/545782198771920896\/F0-ll_HU_normal.jpeg","following":false,"geo_enabled":true,"profile_banner_url":"https:\/\/pbs.twimg.com\/profile_banners\/14722486\/1394295830","profile_background_image_url":"http:\/\/abs.twimg.com\/images\/themes\/theme9\/bg.gif","screen_name":"dorionbigras","lang":"en","profile_background_tile":false,"favourites_count":39,"name":"Dorion Bigras","notifications":false,"url":"http:\/\/t.co\/ukrRuqIlzG","created_at":"Sat May 10 07:20:28 +0000 2008","contributors_enabled":false,"time_zone":"Eastern Time (US & Canada)","protected":false,"default_profile":false,"is_translator":false},"geo":null,"in_reply_to_user_id_str":"972651","lang":"en","created_at":"Fri Aug 15 14:37:54 +0000 2014","in_reply_to_status_id_str":"500286058664579072","place":null}