{"contributors": null, "truncated": false, "text": "@mashable Wow!", "in_reply_to_status_id": 500286058664579072, "id": 500297133841731585, "favorite_count": 0, "source": "<a href=\"http://twitter.com\" rel=\"nofollow\">Twitter Web Client</a>", "retweeted": false, "coordinates": null, "entities": {"symbols": [], "user_mentions": [{"id": 972651, "indices": [0, 9], "id_str": "972651", "screen_name": "mashable", "name": "Mashable"}], "hashtags": [], "urls": []}, "in_reply_to_screen_name": "mashable", "id_str": "500297133841731585", "retweet_count": 0, "in_reply_to_user_id": 972651, "favorited": false, "user": {"follow_request_sent": false, "profile_use_background_image": true, "default_profile_image": false, "id": 259724375, "profile_background_image_url_https": "https://pbs.twimg.com/profile_background_images/333365049/th_MarioandI.jpg", "verified": false, "profile_text_color": "333333", "profile_image_url_https": "https://pbs.twimg.com/profile_images/436124672065667073/hSXF3QZP_normal.jpeg", "profile_sidebar_fill_color": "F6FFD1", "entities": {"description": {"urls": []}}, "followers_count": 655, "profile_sidebar_border_color": "FFF8AD", "id_str": "259724375", "profile_background_color": "FFF04D", "listed_count": 3, "is_translation_enabled": false, "utc_offset": -14400, "statuses_count": 5232, "description": "Southern-belle with a story to tell, strong man by my side 4 cuties that are my pride. Nvrgvup the motto I keep, thoughts on my wall not too shallow not 2 deep.", "friends_count": 623, "location": "Georgia on my mind", "profile_link_color": "0099CC", "profile_image_url": "http://pbs.twimg.com/profile_images/436124672065667073/hSXF3QZP_normal.jpeg", "following": false, "geo_enabled": true, "profile_banner_url": "https://pbs.twimg.com/profile_banners/259724375/1398713724", "profile_background_image_url": "http://pbs.twimg.com/profile_background_images/333365049/th_MarioandI.jpg", "screen_name": "4DawnMarie", "lang": "en", "profile_background_tile": true, "favourites_count": 2794, "name": "Dawn Marie", "notifications": false, "url": null, "created_at": "Wed Mar 02 13:29:10 +0000 2011", "contributors_enabled": false, "time_zone": "Eastern Time (US & Canada)", "protected": false, "default_profile": false, "is_translator": false}, "geo": null, "in_reply_to_user_id_str": "972651", "lang": "und", "created_at": "Fri Aug 15 15:05:06 +0000 2014", "in_reply_to_status_id_str": "500286058664579072", "place": null}
