{"contributors":null,"truncated":false,"text":"@mashable @AdamBaldwin Waiting to see an outpouring of sympathy for the owner of the store that was attacked.  Not holding my breath.","in_reply_to_status_id":500286058664579072,"id":500288302100918272,"favorite_count":4,"source":"<a href=\"http:\/\/twitter.com\" rel=\"nofollow\">Twitter Web Client<\/a>","retweeted":false,"coordinates":null,"entities":{"symbols":[],"user_mentions":[{"id":972651,"indices":[0,9],"id_str":"972651","screen_name":"mashable","name":"Mashable"},{"id":91279573,"indices":[10,22],"id_str":"91279573","screen_name":"AdamBaldwin","name":"Adam Baldwin"}],"hashtags":[],"urls":[]},"in_reply_to_screen_name":"mashable","id_str":"500288302100918272","retweet_count":1,"in_reply_to_user_id":972651,"favorited":false,"user":{"follow_request_sent":false,"profile_use_background_image":true,"default_profile_image":false,"id":45518891,"profile_background_image_url_https":"https:\/\/abs.twimg.com\/images\/themes\/theme1\/bg.png","verified":false,"profile_text_color":"333333","profile_image_url_https":"https:\/\/pbs.twimg.com\/profile_images\/555175448724766720\/WJH1_UR3_normal.jpeg","profile_sidebar_fill_color":"DDEEF6","entities":{"description":{"urls":[]}},"followers_count":1202,"profile_sidebar_border_color":"C0DEED","id_str":"45518891","profile_background_color":"C0DEED","listed_count":18,"is_translation_enabled":false,"utc_offset":-25200,"statuses_count":36108,"description":"Do not walk behind me, for I may not lead. Do not walk ahead of me for I may not follow. Do not walk beside me either. Just pretty much leave me alone.","friends_count":1811,"location":"","profile_link_color":"0084B4","profile_image_url":"http:\/\/pbs.twimg.com\/profile_images\/555175448724766720\/WJH1_UR3_normal.jpeg","following":false,"geo_enabled":false,"profile_banner_url":"https:\/\/pbs.twimg.com\/profile_banners\/45518891\/1395385118","profile_background_image_url":"http:\/\/abs.twimg.com\/images\/themes\/theme1\/bg.png","screen_name":"Bookwormdearlor","lang":"en","profile_background_tile":false,"favourites_count":38096,"name":"C. Irwin","notifications":false,"url":null,"created_at":"Mon Jun 08 07:15:12 +0000 2009","contributors_enabled":false,"time_zone":"Arizona","protected":false,"default_profile":true,"is_translator":false},"geo":null,"in_reply_to_user_id_str":"972651","lang":"en","created_at":"Fri Aug 15 14:30:00 +0000 2014","in_reply_to_status_id_str":"500286058664579072","place":null}