{"contributors":null,"truncated":false,"text":"@mashable is that Mike Brown? the guy in these pics looks a lot bigger than the pics of Mike Brown in prior still photos released?","in_reply_to_status_id":500286058664579072,"id":500286680381665282,"favorite_count":3,"source":"<a href=\"http:\/\/twitter.com\" rel=\"nofollow\">Twitter Web Client<\/a>","retweeted":false,"coordinates":null,"entities":{"symbols":[],"user_mentions":[{"id":972651,"indices":[0,9],"id_str":"972651","screen_name":"mashable","name":"Mashable"}],"hashtags":[],"urls":[]},"in_reply_to_screen_name":"mashable","id_str":"500286680381665282","retweet_count":1,"in_reply_to_user_id":972651,"favorited":false,"user":{"follow_request_sent":false,"profile_use_background_image":true,"default_profile_image":false,"id":20777381,"profile_background_image_url_https":"https:\/\/abs.twimg.com\/images\/themes\/theme10\/bg.gif","verified":false,"profile_text_color":"3D1957","profile_image_url_https":"https:\/\/pbs.twimg.com\/profile_images\/513140675672412160\/GEvAkdeg_normal.jpeg","profile_sidebar_fill_color":"7AC3EE","entities":{"description":{"urls":[]}},"followers_count":192,"profile_sidebar_border_color":"65B0DA","id_str":"20777381","profile_background_color":"642D8B","listed_count":0,"is_translation_enabled":false,"utc_offset":-18000,"statuses_count":8728,"description":"Love all things Chicago except traffic. Impatient. Sarcastic. Overly empathetic. Contradictory.  Sports Fan.  Somewhat empty nester but #magzilla remains","friends_count":615,"location":"Chicago","profile_link_color":"FF0000","profile_image_url":"http:\/\/pbs.twimg.com\/profile_images\/513140675672412160\/GEvAkdeg_normal.jpeg","following":false,"geo_enabled":false,"profile_banner_url":"https:\/\/pbs.twimg.com\/profile_banners\/20777381\/1402882956","profile_background_image_url":"http:\/\/abs.twimg.com\/images\/themes\/theme10\/bg.gif","screen_name":"KAEP555","lang":"en","profile_background_tile":true,"favourites_count":1138,"name":"peakay","notifications":false,"url":null,"created_at":"Fri Feb 13 15:22:48 +0000 2009","contributors_enabled":false,"time_zone":"Central Time (US & Canada)","protected":false,"default_profile":false,"is_translator":false},"geo":null,"in_reply_to_user_id_str":"972651","lang":"en","created_at":"Fri Aug 15 14:23:34 +0000 2014","in_reply_to_status_id_str":"500286058664579072","place":null}