{"contributors":null,"truncated":false,"text":"@mashable if the officer did his job he would be arrested not murdered. Still the point.","in_reply_to_status_id":500286058664579072,"id":500289666290294784,"favorite_count":4,"source":"<a href=\"http:\/\/twitter.com\/download\/iphone\" rel=\"nofollow\">Twitter for iPhone<\/a>","retweeted":false,"coordinates":null,"entities":{"symbols":[],"user_mentions":[{"id":972651,"indices":[0,9],"id_str":"972651","screen_name":"mashable","name":"Mashable"}],"hashtags":[],"urls":[]},"in_reply_to_screen_name":"mashable","id_str":"500289666290294784","retweet_count":0,"in_reply_to_user_id":972651,"favorited":false,"user":{"follow_request_sent":false,"profile_use_background_image":true,"default_profile_image":false,"id":311001818,"profile_background_image_url_https":"https:\/\/abs.twimg.com\/images\/themes\/theme14\/bg.gif","verified":false,"profile_text_color":"333333","profile_image_url_https":"https:\/\/pbs.twimg.com\/profile_images\/585828324146053122\/n-GvSAdX_normal.jpg","profile_sidebar_fill_color":"EFEFEF","entities":{"description":{"urls":[]}},"followers_count":893,"profile_sidebar_border_color":"EEEEEE","id_str":"311001818","profile_background_color":"131516","listed_count":1,"is_translation_enabled":false,"utc_offset":-18000,"statuses_count":25437,"description":"Im from the moutains, was kidnapped and transported to philly where i was raised wit wolves and ate badgers im a beast youll see","friends_count":575,"location":"","profile_link_color":"009999","profile_image_url":"http:\/\/pbs.twimg.com\/profile_images\/585828324146053122\/n-GvSAdX_normal.jpg","following":false,"geo_enabled":true,"profile_banner_url":"https:\/\/pbs.twimg.com\/profile_banners\/311001818\/1386611812","profile_background_image_url":"http:\/\/abs.twimg.com\/images\/themes\/theme14\/bg.gif","screen_name":"Shizz_latin","lang":"en","profile_background_tile":true,"favourites_count":313,"name":"S,Stacks","notifications":false,"url":null,"created_at":"Sat Jun 04 18:37:52 +0000 2011","contributors_enabled":false,"time_zone":"Quito","protected":false,"default_profile":false,"is_translator":false},"geo":null,"in_reply_to_user_id_str":"972651","lang":"en","created_at":"Fri Aug 15 14:35:26 +0000 2014","in_reply_to_status_id_str":"500286058664579072","place":null}