{"contributors":null,"truncated":false,"text":"@mashable that dude is huge","in_reply_to_status_id":500286058664579072,"id":500289033650446338,"favorite_count":0,"source":"<a href=\"http:\/\/twitter.com\/download\/iphone\" rel=\"nofollow\">Twitter for iPhone<\/a>","retweeted":false,"coordinates":null,"entities":{"symbols":[],"user_mentions":[{"id":972651,"indices":[0,9],"id_str":"972651","screen_name":"mashable","name":"Mashable"}],"hashtags":[],"urls":[]},"in_reply_to_screen_name":"mashable","id_str":"500289033650446338","retweet_count":0,"in_reply_to_user_id":972651,"favorited":false,"user":{"follow_request_sent":false,"profile_use_background_image":true,"default_profile_image":false,"id":77323101,"profile_background_image_url_https":"https:\/\/abs.twimg.com\/images\/themes\/theme1\/bg.png","verified":false,"profile_text_color":"333333","profile_image_url_https":"https:\/\/pbs.twimg.com\/profile_images\/543673176778350592\/ULdbzUzh_normal.jpeg","profile_sidebar_fill_color":"DDEEF6","entities":{"url":{"urls":[{"url":"https:\/\/t.co\/ZojLsGThK3","indices":[0,23],"expanded_url":"https:\/\/www.vizify.com\/skalded\/twitter-video","display_url":"vizify.com\/skalded\/twitte\u2026"}]},"description":{"urls":[]}},"followers_count":608,"profile_sidebar_border_color":"C0DEED","id_str":"77323101","profile_background_color":"C0DEED","listed_count":13,"is_translation_enabled":false,"utc_offset":-18000,"statuses_count":43225,"description":"MATURE Content is generally suitable for ages 17 and up. May contain intense violence, blood and gore, sexual content and\/or strong language. #grizzlies #geek","friends_count":1112,"location":"","profile_link_color":"0084B4","profile_image_url":"http:\/\/pbs.twimg.com\/profile_images\/543673176778350592\/ULdbzUzh_normal.jpeg","following":false,"geo_enabled":true,"profile_banner_url":"https:\/\/pbs.twimg.com\/profile_banners\/77323101\/1376021681","profile_background_image_url":"http:\/\/abs.twimg.com\/images\/themes\/theme1\/bg.png","screen_name":"Skalded","lang":"en","profile_background_tile":false,"favourites_count":54212,"name":"Skalded","notifications":false,"url":"https:\/\/t.co\/ZojLsGThK3","created_at":"Fri Sep 25 22:06:43 +0000 2009","contributors_enabled":false,"time_zone":"Central Time (US & Canada)","protected":false,"default_profile":true,"is_translator":false},"geo":null,"in_reply_to_user_id_str":"972651","lang":"en","created_at":"Fri Aug 15 14:32:55 +0000 2014","in_reply_to_status_id_str":"500286058664579072","place":null}