{"contributors":null,"truncated":false,"text":"@mashable @progress4ohio doesn't excuse murder","in_reply_to_status_id":500286058664579072,"id":500288489678577664,"favorite_count":3,"source":"<a href=\"https:\/\/mobile.twitter.com\" rel=\"nofollow\">Mobile Web (M2)<\/a>","retweeted":false,"coordinates":null,"entities":{"symbols":[],"user_mentions":[{"id":972651,"indices":[0,9],"id_str":"972651","screen_name":"mashable","name":"Mashable"},{"id":402355096,"indices":[10,24],"id_str":"402355096","screen_name":"Progress4Ohio","name":"Jazzmine D. McKnight"}],"hashtags":[],"urls":[]},"in_reply_to_screen_name":"mashable","id_str":"500288489678577664","retweet_count":1,"in_reply_to_user_id":972651,"favorited":false,"user":{"follow_request_sent":false,"profile_use_background_image":true,"default_profile_image":false,"id":1932816230,"profile_background_image_url_https":"https:\/\/abs.twimg.com\/images\/themes\/theme1\/bg.png","verified":false,"profile_text_color":"333333","profile_image_url_https":"https:\/\/pbs.twimg.com\/profile_images\/566323370619195392\/lMuePpLQ_normal.jpeg","profile_sidebar_fill_color":"DDEEF6","entities":{"url":{"urls":[{"url":"http:\/\/t.co\/ZBmW45jam2","indices":[0,22],"expanded_url":"http:\/\/doloreskdb.blogspot.com","display_url":"doloreskdb.blogspot.com"}]},"description":{"urls":[]}},"followers_count":1368,"profile_sidebar_border_color":"FFFFFF","id_str":"1932816230","profile_background_color":"C0DEED","listed_count":30,"is_translation_enabled":false,"utc_offset":-18000,"statuses_count":12843,"description":"MAKE LOVE NOT WAR\r\n#UniteBlue","friends_count":1771,"location":"El Paso Texas","profile_link_color":"B300B3","profile_image_url":"http:\/\/pbs.twimg.com\/profile_images\/566323370619195392\/lMuePpLQ_normal.jpeg","following":false,"geo_enabled":false,"profile_banner_url":"https:\/\/pbs.twimg.com\/profile_banners\/1932816230\/1405711454","profile_background_image_url":"http:\/\/abs.twimg.com\/images\/themes\/theme1\/bg.png","screen_name":"KatEdmiston","lang":"en","profile_background_tile":false,"favourites_count":3148,"name":"Katherine D Edmiston","notifications":false,"url":"http:\/\/t.co\/ZBmW45jam2","created_at":"Fri Oct 04 02:45:04 +0000 2013","contributors_enabled":false,"time_zone":"Central Time (US & Canada)","protected":false,"default_profile":false,"is_translator":false},"geo":null,"in_reply_to_user_id_str":"972651","lang":"en","created_at":"Fri Aug 15 14:30:45 +0000 2014","in_reply_to_status_id_str":"500286058664579072","place":null}