{"contributors": null, "truncated": false, "text": "@species8472xgn @mashable @PDPJ my brother played, I'm familiar with their size", "in_reply_to_status_id": 500295232399757312, "id": 500295397886025729, "favorite_count": 0, "source": "<a href=\"https://dev.twitter.com/docs/tfw\" rel=\"nofollow\">Twitter for Websites</a>", "retweeted": false, "coordinates": null, "entities": {"symbols": [], "user_mentions": [{"id": 53831819, "indices": [0, 15], "id_str": "53831819", "screen_name": "species8472xgn", "name": "Billy"}, {"id": 972651, "indices": [16, 25], "id_str": "972651", "screen_name": "mashable", "name": "Mashable"}, {"id": 17068692, "indices": [26, 31], "id_str": "17068692", "screen_name": "PDPJ", "name": "David Carson"}], "hashtags": [], "urls": []}, "in_reply_to_screen_name": "species8472xgn", "id_str": "500295397886025729", "retweet_count": 0, "in_reply_to_user_id": 53831819, "favorited": false, "user": {"follow_request_sent": false, "profile_use_background_image": true, "default_profile_image": false, "id": 1455101366, "profile_background_image_url_https": "https://pbs.twimg.com/profile_background_images/378800000000199276/b90c8dcbafa51c4b04217dab1998e1c5.png", "verified": false, "profile_text_color": "333333", "profile_image_url_https": "https://pbs.twimg.com/profile_images/378800000001399814/c37e639dcad099439b213fd0a71c3535_normal.jpeg", "profile_sidebar_fill_color": "DDFFCC", "entities": {"url": {"urls": [{"url": "http://t.co/jkLnHPwoUU", "indices": [0, 22], "expanded_url": "http://accordingtoame.com", "display_url": "accordingtoame.com"}]}, "description": {"urls": []}}, "followers_count": 141, "profile_sidebar_border_color": "FFFFFF", "id_str": "1455101366", "profile_background_color": "FFFFFF", "listed_count": 0, "is_translation_enabled": false, "utc_offset": -14400, "statuses_count": 2165, "description": "designer : magazine hoarder : paper nerd", "friends_count": 288, "location": "", "profile_link_color": "000066", "profile_image_url": "http://pbs.twimg.com/profile_images/378800000001399814/c37e639dcad099439b213fd0a71c3535_normal.jpeg", "following": false, "geo_enabled": false, "profile_banner_url": "https://pbs.twimg.com/profile_banners/1455101366/1402613846", "profile_background_image_url": "http://pbs.twimg.com/profile_background_images/378800000000199276/b90c8dcbafa51c4b04217dab1998e1c5.png", "screen_name": "accordingtoame", "lang": "en", "profile_background_tile": false, "favourites_count": 445, "name": "{according to ame}", "notifications": false, "url": "http://t.co/jkLnHPwoUU", "created_at": "Fri May 24 19:54:12 +0000 2013", "contributors_enabled": false, "time_zone": "Eastern Time (US & Canada)", "protected": false, "default_profile": false, "is_translator": false}, "geo": null, "in_reply_to_user_id_str": "53831819", "lang": "en", "created_at": "Fri Aug 15 14:58:12 +0000 2014", "in_reply_to_status_id_str": "500295232399757312", "place": null}
