{"contributors":null,"truncated":false,"text":"@TracyMo53321503 @mashable are you really justifying the murder of an unarmed kid? o","in_reply_to_status_id":500288271650684928,"id":500289420730597377,"favorite_count":2,"source":"<a href=\"http:\/\/twitter.com\" rel=\"nofollow\">Twitter Web Client<\/a>","retweeted":false,"coordinates":null,"entities":{"symbols":[],"user_mentions":[{"id":2423249816,"indices":[0,16],"id_str":"2423249816","screen_name":"TracyMo53321503","name":"TL1410"},{"id":972651,"indices":[17,26],"id_str":"972651","screen_name":"mashable","name":"Mashable"}],"hashtags":[],"urls":[]},"in_reply_to_screen_name":"TracyMo53321503","id_str":"500289420730597377","retweet_count":0,"in_reply_to_user_id":2423249816,"favorited":false,"user":{"follow_request_sent":false,"profile_use_background_image":true,"default_profile_image":false,"id":14227485,"profile_background_image_url_https":"https:\/\/pbs.twimg.com\/profile_background_images\/204588693\/failwhale3.jpg","verified":false,"profile_text_color":"333333","profile_image_url_https":"https:\/\/pbs.twimg.com\/profile_images\/587962689135239168\/6bp1EUrT_normal.jpg","profile_sidebar_fill_color":"8EB8BF","entities":{"url":{"urls":[{"url":"http:\/\/t.co\/oSlXIi482q","indices":[0,22],"expanded_url":"http:\/\/idaz.tumblr.com\/","display_url":"idaz.tumblr.com"}]},"description":{"urls":[]}},"followers_count":258,"profile_sidebar_border_color":"6F88A3","id_str":"14227485","profile_background_color":"FFFFFF","listed_count":3,"is_translation_enabled":false,"utc_offset":3600,"statuses_count":2347,"description":"I grew up in the city, I now live by the sea but I can't swim. I like fruit and volcanoes.  #dunnohowtousehashtags Strange words stutter from my mixed up mind.","friends_count":418,"location":"Isle of Mojo \/ London","profile_link_color":"42838F","profile_image_url":"http:\/\/pbs.twimg.com\/profile_images\/587962689135239168\/6bp1EUrT_normal.jpg","following":false,"geo_enabled":false,"profile_banner_url":"https:\/\/pbs.twimg.com\/profile_banners\/14227485\/1405430090","profile_background_image_url":"http:\/\/pbs.twimg.com\/profile_background_images\/204588693\/failwhale3.jpg","screen_name":"zadiaz","lang":"en","profile_background_tile":false,"favourites_count":3893,"name":"zadi","notifications":false,"url":"http:\/\/t.co\/oSlXIi482q","created_at":"Wed Mar 26 16:57:21 +0000 2008","contributors_enabled":false,"time_zone":"London","protected":false,"default_profile":false,"is_translator":false},"geo":null,"in_reply_to_user_id_str":"2423249816","lang":"en","created_at":"Fri Aug 15 14:34:27 +0000 2014","in_reply_to_status_id_str":"500288271650684928","place":null}