{"contributors":null,"truncated":false,"text":"@mashable here goes the fukkry now look at his picture.o wait he is black robber black. Has it been confirmed. Or just blow smoke our bum","in_reply_to_status_id":500286058664579072,"id":500289895706144768,"favorite_count":0,"source":"<a href=\"http:\/\/twitter.com\/download\/android\" rel=\"nofollow\">Twitter for Android<\/a>","retweeted":false,"coordinates":null,"entities":{"symbols":[],"user_mentions":[{"id":972651,"indices":[0,9],"id_str":"972651","screen_name":"mashable","name":"Mashable"}],"hashtags":[],"urls":[]},"in_reply_to_screen_name":"mashable","id_str":"500289895706144768","retweet_count":0,"in_reply_to_user_id":972651,"favorited":false,"user":{"follow_request_sent":false,"profile_use_background_image":true,"default_profile_image":false,"id":319750177,"profile_background_image_url_https":"https:\/\/abs.twimg.com\/images\/themes\/theme18\/bg.gif","verified":false,"profile_text_color":"333333","profile_image_url_https":"https:\/\/pbs.twimg.com\/profile_images\/575985903329525760\/GCocEWSe_normal.jpeg","profile_sidebar_fill_color":"F6F6F6","entities":{"description":{"urls":[]}},"followers_count":603,"profile_sidebar_border_color":"FFFFFF","id_str":"319750177","profile_background_color":"C1ADDE","listed_count":1,"is_translation_enabled":false,"utc_offset":-14400,"statuses_count":9788,"description":"Network engineer computers sys. networks android creative synicate. sarcoma cancer survivor.#fukcancer","friends_count":1208,"location":"","profile_link_color":"6941BA","profile_image_url":"http:\/\/pbs.twimg.com\/profile_images\/575985903329525760\/GCocEWSe_normal.jpeg","following":false,"geo_enabled":false,"profile_banner_url":"https:\/\/pbs.twimg.com\/profile_banners\/319750177\/1402538119","profile_background_image_url":"http:\/\/abs.twimg.com\/images\/themes\/theme18\/bg.gif","screen_name":"TEK_OG","lang":"en","profile_background_tile":true,"favourites_count":3597,"name":"EVO BOT","notifications":false,"url":null,"created_at":"Sat Jun 18 17:31:15 +0000 2011","contributors_enabled":false,"time_zone":"Eastern Time (US & Canada)","protected":false,"default_profile":false,"is_translator":false},"geo":null,"in_reply_to_user_id_str":"972651","lang":"en","created_at":"Fri Aug 15 14:36:20 +0000 2014","in_reply_to_status_id_str":"500286058664579072","place":null}