{"contributors": null, "truncated": false, "text": "@mashable check your facts and the pics from what he was wearing when he was gunned down, smh", "in_reply_to_status_id": 500286058664579072, "id": 500287363361546240, "favorite_count": 3, "source": "<a href=\"http://twitter.com\" rel=\"nofollow\">Twitter Web Client</a>", "retweeted": false, "coordinates": null, "entities": {"symbols": [], "user_mentions": [{"id": 972651, "indices": [0, 9], "id_str": "972651", "screen_name": "mashable", "name": "Mashable"}], "hashtags": [], "urls": []}, "in_reply_to_screen_name": "mashable", "id_str": "500287363361546240", "retweet_count": 0, "in_reply_to_user_id": 972651, "favorited": false, "user": {"follow_request_sent": false, "profile_use_background_image": true, "default_profile_image": false, "id": 27730063, "profile_background_image_url_https": "https://abs.twimg.com/images/themes/theme1/bg.png", "verified": false, "profile_text_color": "333333", "profile_image_url_https": "https://pbs.twimg.com/profile_images/452516910983180288/BbEL8JFx_normal.jpeg", "profile_sidebar_fill_color": "DDEEF6", "entities": {"url": {"urls": [{"url": "http://t.co/DB16kS27fb", "indices": [0, 22], "expanded_url": "http://chivonesmith.wix.com/chivonesportfolio", "display_url": "chivonesmith.wix.com/chivonesportfo\u2026"}]}, "description": {"urls": []}}, "followers_count": 458, "profile_sidebar_border_color": "C0DEED", "id_str": "27730063", "profile_background_color": "C0DEED", "listed_count": 4, "is_translation_enabled": false, "utc_offset": -14400, "statuses_count": 5591, "description": "My father's a pretty big deal. SN: Digital Producer for WSB-TV. Got a news tip? Contact me at chivone.smith@wsbtv.com.\nViews are my own.", "friends_count": 523, "location": "Chi, ATL", "profile_link_color": "0084B4", "profile_image_url": "http://pbs.twimg.com/profile_images/452516910983180288/BbEL8JFx_normal.jpeg", "following": false, "geo_enabled": false, "profile_background_image_url": "http://abs.twimg.com/images/themes/theme1/bg.png", "screen_name": "ChivoneSmith", "lang": "en", "profile_background_tile": false, "favourites_count": 467, "name": "Chivone Smith", "notifications": false, "url": "http://t.co/DB16kS27fb", "created_at": "Mon Mar 30 21:12:01 +0000 2009", "contributors_enabled": false, "time_zone": "Eastern Time (US & Canada)", "protected": false, "default_profile": true, "is_translator": false}, "geo": null, "in_reply_to_user_id_str": "972651", "lang": "en", "created_at": "Fri Aug 15 14:26:16 +0000 2014", "in_reply_to_status_id_str": "500286058664579072", "place": null}
