{"contributors":null,"truncated":false,"text":"This proves what? RT@mashable Update: #Ferguson police release stills from convenience store footage showing robbery http:\/\/t.co\/osYABuPvd7","in_reply_to_status_id":500286058664579072,"id":500288027705741313,"favorite_count":0,"source":"<a href=\"http:\/\/twitter.com\" rel=\"nofollow\">Twitter Web Client<\/a>","retweeted":false,"coordinates":null,"entities":{"symbols":[],"user_mentions":[{"id":972651,"indices":[20,29],"id_str":"972651","screen_name":"mashable","name":"Mashable"}],"hashtags":[{"indices":[38,47],"text":"Ferguson"}],"urls":[{"url":"http:\/\/t.co\/osYABuPvd7","indices":[117,139],"expanded_url":"http:\/\/on.mash.to\/1rADYzH","display_url":"on.mash.to\/1rADYzH"}]},"in_reply_to_screen_name":"mashable","id_str":"500288027705741313","retweet_count":0,"in_reply_to_user_id":972651,"favorited":false,"user":{"follow_request_sent":false,"profile_use_background_image":true,"default_profile_image":false,"id":64739098,"profile_background_image_url_https":"https:\/\/pbs.twimg.com\/profile_background_images\/378800000135994337\/LHEhkxZU.jpeg","verified":false,"profile_text_color":"333333","profile_image_url_https":"https:\/\/pbs.twimg.com\/profile_images\/590222401436315648\/1dZKMa-W_normal.jpg","profile_sidebar_fill_color":"F3F3F3","entities":{"description":{"urls":[]}},"followers_count":466,"profile_sidebar_border_color":"000000","id_str":"64739098","profile_background_color":"EBEBEB","listed_count":4,"is_translation_enabled":false,"utc_offset":-14400,"statuses_count":17440,"description":"Aiysien: Wife: Mother: PP Doula: MMA fan: Black Feminist: Intersectionalist: 1\/3 Ratchet: Probably not here for you","friends_count":812,"location":"Never you mind","profile_link_color":"8A4D4D","profile_image_url":"http:\/\/pbs.twimg.com\/profile_images\/590222401436315648\/1dZKMa-W_normal.jpg","following":false,"geo_enabled":false,"profile_banner_url":"https:\/\/pbs.twimg.com\/profile_banners\/64739098\/1398495131","profile_background_image_url":"http:\/\/pbs.twimg.com\/profile_background_images\/378800000135994337\/LHEhkxZU.jpeg","screen_name":"CheriPhi","lang":"en","profile_background_tile":false,"favourites_count":3315,"name":"Sula Peace","notifications":false,"url":null,"created_at":"Tue Aug 11 15:15:56 +0000 2009","contributors_enabled":false,"time_zone":"Eastern Time (US & Canada)","protected":false,"default_profile":false,"is_translator":false},"geo":null,"in_reply_to_user_id_str":"972651","possibly_sensitive":false,"lang":"en","created_at":"Fri Aug 15 14:28:55 +0000 2014","in_reply_to_status_id_str":"500286058664579072","place":null}