{"contributors": null, "truncated": false, "text": "@itsmeggroll @zadiaz @TracyMo53321503 @mashable um, they killed themself. #whendumbpeopletweet", "in_reply_to_status_id": 500301956989349888, "id": 500315069142405120, "favorite_count": 0, "source": "<a href=\"http://twitter.com/download/iphone\" rel=\"nofollow\">Twitter for iPhone</a>", "retweeted": false, "coordinates": null, "entities": {"symbols": [], "user_mentions": [{"id": 40404100, "indices": [0, 12], "id_str": "40404100", "screen_name": "itsmeggroll", "name": "Lick My Meow"}, {"id": 14227485, "indices": [13, 20], "id_str": "14227485", "screen_name": "zadiaz", "name": "zadi"}, {"id": 2423249816, "indices": [21, 37], "id_str": "2423249816", "screen_name": "TracyMo53321503", "name": "TL1410"}, {"id": 972651, "indices": [38, 47], "id_str": "972651", "screen_name": "mashable", "name": "Mashable"}], "hashtags": [{"indices": [74, 94], "text": "whendumbpeopletweet"}], "urls": []}, "in_reply_to_screen_name": "itsmeggroll", "id_str": "500315069142405120", "retweet_count": 0, "in_reply_to_user_id": 40404100, "favorited": false, "user": {"follow_request_sent": false, "profile_use_background_image": true, "default_profile_image": false, "id": 45679693, "profile_background_image_url_https": "https://abs.twimg.com/images/themes/theme3/bg.gif", "verified": false, "profile_text_color": "634047", "profile_image_url_https": "https://pbs.twimg.com/profile_images/439799442632228864/Pp8SkGx7_normal.jpeg", "profile_sidebar_fill_color": "E3E2DE", "entities": {"description": {"urls": []}}, "followers_count": 17, "profile_sidebar_border_color": "D3D2CF", "id_str": "45679693", "profile_background_color": "EDECE9", "listed_count": 0, "is_translation_enabled": false, "utc_offset": -25200, "statuses_count": 133, "description": "", "friends_count": 35, "location": "Yuma, AZ", "profile_link_color": "088253", "profile_image_url": "http://pbs.twimg.com/profile_images/439799442632228864/Pp8SkGx7_normal.jpeg", "following": false, "geo_enabled": false, "profile_banner_url": "https://pbs.twimg.com/profile_banners/45679693/1395112410", "profile_background_image_url": "http://abs.twimg.com/images/themes/theme3/bg.gif", "screen_name": "mandiegillmor", "lang": "en", "profile_background_tile": false, "favourites_count": 56, "name": "Mandie Gillmor", "notifications": false, "url": null, "created_at": "Mon Jun 08 21:43:46 +0000 2009", "contributors_enabled": false, "time_zone": "Arizona", "protected": false, "default_profile": false, "is_translator": false}, "geo": null, "in_reply_to_user_id_str": "40404100", "lang": "en", "created_at": "Fri Aug 15 16:16:22 +0000 2014", "in_reply_to_status_id_str": "500301956989349888", "place": null}
