{"contributors": null, "truncated": false, "text": "@mashable poor baby \"he din do nuffin\" lol", "in_reply_to_status_id": 500286058664579072, "id": 500303315843170305, "favorite_count": 0, "source": "<a href=\"http://twitter.com\" rel=\"nofollow\">Twitter Web Client</a>", "retweeted": false, "coordinates": null, "entities": {"symbols": [], "user_mentions": [{"id": 972651, "indices": [0, 9], "id_str": "972651", "screen_name": "mashable", "name": "Mashable"}], "hashtags": [], "urls": []}, "in_reply_to_screen_name": "mashable", "id_str": "500303315843170305", "retweet_count": 0, "in_reply_to_user_id": 972651, "favorited": false, "user": {"follow_request_sent": false, "profile_use_background_image": true, "default_profile_image": false, "id": 180600112, "profile_background_image_url_https": "https://abs.twimg.com/images/themes/theme14/bg.gif", "verified": false, "profile_text_color": "333333", "profile_image_url_https": "https://pbs.twimg.com/profile_images/494675741829644288/ZKAi9wDY_normal.jpeg", "profile_sidebar_fill_color": "EFEFEF", "entities": {"description": {"urls": []}}, "followers_count": 19562, "profile_sidebar_border_color": "EEEEEE", "id_str": "180600112", "profile_background_color": "131516", "listed_count": 11, "is_translation_enabled": false, "utc_offset": -18000, "statuses_count": 7974, "description": "Ask about me.", "friends_count": 237, "location": "Worldwide", "profile_link_color": "001499", "profile_image_url": "http://pbs.twimg.com/profile_images/494675741829644288/ZKAi9wDY_normal.jpeg", "following": false, "geo_enabled": false, "profile_banner_url": "https://pbs.twimg.com/profile_banners/180600112/1403836931", "profile_background_image_url": "http://abs.twimg.com/images/themes/theme14/bg.gif", "screen_name": "realmistergray", "lang": "en", "profile_background_tile": true, "favourites_count": 346, "name": "Mr Gray", "notifications": false, "url": null, "created_at": "Fri Aug 20 01:06:36 +0000 2010", "contributors_enabled": false, "time_zone": "Central Time (US & Canada)", "protected": false, "default_profile": false, "is_translator": false}, "geo": null, "in_reply_to_user_id_str": "972651", "lang": "en", "created_at": "Fri Aug 15 15:29:40 +0000 2014", "in_reply_to_status_id_str": "500286058664579072", "place": null}
