{"contributors":null,"truncated":false,"text":"@mandiegillmor @zadiaz @TracyMo53321503 @mashable James Holmes is still alive. So is the guy who shot a congresswomen in Az.","in_reply_to_status_id":500315069142405120,"id":500316855157137408,"favorite_count":0,"source":"<a href=\"http:\/\/twitter.com\/download\/iphone\" rel=\"nofollow\">Twitter for iPhone<\/a>","retweeted":false,"coordinates":null,"entities":{"symbols":[],"user_mentions":[{"id":45679693,"indices":[0,14],"id_str":"45679693","screen_name":"mandiegillmor","name":"Mandie Gillmor"},{"id":14227485,"indices":[15,22],"id_str":"14227485","screen_name":"zadiaz","name":"zadi"},{"id":2423249816,"indices":[23,39],"id_str":"2423249816","screen_name":"TracyMo53321503","name":"TL1410"},{"id":972651,"indices":[40,49],"id_str":"972651","screen_name":"mashable","name":"Mashable"}],"hashtags":[],"urls":[]},"in_reply_to_screen_name":"mandiegillmor","id_str":"500316855157137408","retweet_count":0,"in_reply_to_user_id":45679693,"favorited":false,"user":{"follow_request_sent":false,"profile_use_background_image":true,"default_profile_image":false,"id":40404100,"profile_background_image_url_https":"https:\/\/pbs.twimg.com\/profile_background_images\/690521012\/5d2324c9c98ad947366deeca70504fd5.jpeg","verified":false,"profile_text_color":"666666","profile_image_url_https":"https:\/\/pbs.twimg.com\/profile_images\/589634417125158913\/P4THWTtd_normal.jpg","profile_sidebar_fill_color":"FFD978","entities":{"description":{"urls":[]}},"followers_count":294,"profile_sidebar_border_color":"000000","id_str":"40404100","profile_background_color":"FFFFFF","listed_count":13,"is_translation_enabled":false,"utc_offset":-18000,"statuses_count":31157,"description":"Fighting evil by moonlight, winning love by daylight.","friends_count":279,"location":"Washington, DC","profile_link_color":"19327D","profile_image_url":"http:\/\/pbs.twimg.com\/profile_images\/589634417125158913\/P4THWTtd_normal.jpg","following":false,"geo_enabled":true,"profile_banner_url":"https:\/\/pbs.twimg.com\/profile_banners\/40404100\/1386090892","profile_background_image_url":"http:\/\/pbs.twimg.com\/profile_background_images\/690521012\/5d2324c9c98ad947366deeca70504fd5.jpeg","screen_name":"itsmeggroll","lang":"en","profile_background_tile":true,"favourites_count":5602,"name":"Lick My Meow","notifications":false,"url":null,"created_at":"Sat May 16 03:51:13 +0000 2009","contributors_enabled":false,"time_zone":"Quito","protected":false,"default_profile":false,"is_translator":false},"geo":null,"in_reply_to_user_id_str":"45679693","lang":"en","created_at":"Fri Aug 15 16:23:28 +0000 2014","in_reply_to_status_id_str":"500315069142405120","place":null}