{"contributors":null,"truncated":false,"text":"@zadiaz @TracyMo53321503 @mashable Wait, so why didn't we shoot down the ARMED (white) men who shot up theaters and schools?","in_reply_to_status_id":500289833651429376,"id":500301956989349888,"favorite_count":0,"source":"<a href=\"http:\/\/twitter.com\/download\/iphone\" rel=\"nofollow\">Twitter for iPhone<\/a>","retweeted":false,"coordinates":null,"entities":{"symbols":[],"user_mentions":[{"id":14227485,"indices":[0,7],"id_str":"14227485","screen_name":"zadiaz","name":"zadi"},{"id":2423249816,"indices":[8,24],"id_str":"2423249816","screen_name":"TracyMo53321503","name":"TL1410"},{"id":972651,"indices":[25,34],"id_str":"972651","screen_name":"mashable","name":"Mashable"}],"hashtags":[],"urls":[]},"in_reply_to_screen_name":"zadiaz","id_str":"500301956989349888","retweet_count":0,"in_reply_to_user_id":14227485,"favorited":false,"user":{"follow_request_sent":false,"profile_use_background_image":true,"default_profile_image":false,"id":40404100,"profile_background_image_url_https":"https:\/\/pbs.twimg.com\/profile_background_images\/690521012\/5d2324c9c98ad947366deeca70504fd5.jpeg","verified":false,"profile_text_color":"666666","profile_image_url_https":"https:\/\/pbs.twimg.com\/profile_images\/589634417125158913\/P4THWTtd_normal.jpg","profile_sidebar_fill_color":"FFD978","entities":{"description":{"urls":[]}},"followers_count":294,"profile_sidebar_border_color":"000000","id_str":"40404100","profile_background_color":"FFFFFF","listed_count":13,"is_translation_enabled":false,"utc_offset":-18000,"statuses_count":31157,"description":"Fighting evil by moonlight, winning love by daylight.","friends_count":279,"location":"Washington, DC","profile_link_color":"19327D","profile_image_url":"http:\/\/pbs.twimg.com\/profile_images\/589634417125158913\/P4THWTtd_normal.jpg","following":false,"geo_enabled":true,"profile_banner_url":"https:\/\/pbs.twimg.com\/profile_banners\/40404100\/1386090892","profile_background_image_url":"http:\/\/pbs.twimg.com\/profile_background_images\/690521012\/5d2324c9c98ad947366deeca70504fd5.jpeg","screen_name":"itsmeggroll","lang":"en","profile_background_tile":true,"favourites_count":5602,"name":"Lick My Meow","notifications":false,"url":null,"created_at":"Sat May 16 03:51:13 +0000 2009","contributors_enabled":false,"time_zone":"Quito","protected":false,"default_profile":false,"is_translator":false},"geo":null,"in_reply_to_user_id_str":"14227485","lang":"en","created_at":"Fri Aug 15 15:24:16 +0000 2014","in_reply_to_status_id_str":"500289833651429376","place":null}