{"contributors":null,"truncated":false,"text":"@at_the_foxhole @TracyMo53321503 @zadiaz @mashable still unclear in the context of the shooting of an unarmed teen. But ok.","in_reply_to_status_id":500298817531432961,"id":500300092054974464,"favorite_count":1,"source":"<a href=\"http:\/\/twitter.com\/download\/iphone\" rel=\"nofollow\">Twitter for iPhone<\/a>","retweeted":false,"coordinates":null,"entities":{"symbols":[],"user_mentions":[{"id":438042918,"indices":[0,15],"id_str":"438042918","screen_name":"at_the_foxhole","name":"4THYTRUTH"},{"id":2423249816,"indices":[16,32],"id_str":"2423249816","screen_name":"TracyMo53321503","name":"TL1410"},{"id":14227485,"indices":[33,40],"id_str":"14227485","screen_name":"zadiaz","name":"zadi"},{"id":972651,"indices":[41,50],"id_str":"972651","screen_name":"mashable","name":"Mashable"}],"hashtags":[],"urls":[]},"in_reply_to_screen_name":"at_the_foxhole","id_str":"500300092054974464","retweet_count":0,"in_reply_to_user_id":438042918,"favorited":false,"user":{"follow_request_sent":false,"profile_use_background_image":true,"default_profile_image":false,"id":108157782,"profile_background_image_url_https":"https:\/\/abs.twimg.com\/images\/themes\/theme5\/bg.gif","verified":false,"profile_text_color":"3E4415","profile_image_url_https":"https:\/\/pbs.twimg.com\/profile_images\/522558124990148609\/hgOCQF13_normal.jpeg","profile_sidebar_fill_color":"99CC33","entities":{"url":{"urls":[{"url":"http:\/\/t.co\/nyttbxlpju","indices":[0,22],"expanded_url":"http:\/\/www.danapolson.wordpress.com","display_url":"danapolson.wordpress.com"}]},"description":{"urls":[]}},"followers_count":454,"profile_sidebar_border_color":"829D5E","id_str":"108157782","profile_background_color":"352726","listed_count":13,"is_translation_enabled":false,"utc_offset":-14400,"statuses_count":11262,"description":"Visiting Post-Doctoral Research Associate at UMBC - advocating for Black college debate - studying #racecraft- violinist - meditator - gardener","friends_count":1194,"location":"Baltimore, MD","profile_link_color":"D02B55","profile_image_url":"http:\/\/pbs.twimg.com\/profile_images\/522558124990148609\/hgOCQF13_normal.jpeg","following":false,"geo_enabled":true,"profile_banner_url":"https:\/\/pbs.twimg.com\/profile_banners\/108157782\/1405181945","profile_background_image_url":"http:\/\/abs.twimg.com\/images\/themes\/theme5\/bg.gif","screen_name":"drpolson","lang":"en","profile_background_tile":false,"favourites_count":7136,"name":"Dana Polson","notifications":false,"url":"http:\/\/t.co\/nyttbxlpju","created_at":"Mon Jan 25 01:39:10 +0000 2010","contributors_enabled":false,"time_zone":"Eastern Time (US & Canada)","protected":false,"default_profile":false,"is_translator":false},"geo":null,"in_reply_to_user_id_str":"438042918","lang":"en","created_at":"Fri Aug 15 15:16:51 +0000 2014","in_reply_to_status_id_str":"500298817531432961","place":null}