{"contributors":null,"truncated":false,"text":"@mashable  if there was a black person in an altercation in a convenience store, that totally justifies killing another black person, right?","in_reply_to_status_id":500286058664579072,"id":500301215461548032,"favorite_count":1,"source":"<a href=\"http:\/\/twitter.com\" rel=\"nofollow\">Twitter Web Client<\/a>","retweeted":false,"coordinates":null,"entities":{"symbols":[],"user_mentions":[{"id":972651,"indices":[0,9],"id_str":"972651","screen_name":"mashable","name":"Mashable"}],"hashtags":[],"urls":[]},"in_reply_to_screen_name":"mashable","id_str":"500301215461548032","retweet_count":0,"in_reply_to_user_id":972651,"favorited":false,"user":{"follow_request_sent":false,"profile_use_background_image":true,"default_profile_image":false,"id":14597094,"profile_background_image_url_https":"https:\/\/pbs.twimg.com\/profile_background_images\/494632518704840705\/Rp1m9uFL.jpeg","verified":false,"profile_text_color":"333333","profile_image_url_https":"https:\/\/pbs.twimg.com\/profile_images\/589898111281008640\/IgIa8JjN_normal.jpg","profile_sidebar_fill_color":"DDFFCC","entities":{"url":{"urls":[{"url":"http:\/\/t.co\/cpNA13DNbo","indices":[0,22],"expanded_url":"http:\/\/shenegotiates.com","display_url":"shenegotiates.com"}]},"description":{"urls":[]}},"followers_count":12152,"profile_sidebar_border_color":"FFFFFF","id_str":"14597094","profile_background_color":"F01621","listed_count":460,"is_translation_enabled":false,"utc_offset":-25200,"statuses_count":29684,"description":"Author, keynote speaker, co-founder She Negotiates Training and Consulting specializing in high potential women executives, professionals and entrepreneurs","friends_count":9597,"location":"iPhone: 34.046688,-118.448112","profile_link_color":"0084B4","profile_image_url":"http:\/\/pbs.twimg.com\/profile_images\/589898111281008640\/IgIa8JjN_normal.jpg","following":false,"geo_enabled":true,"profile_banner_url":"https:\/\/pbs.twimg.com\/profile_banners\/14597094\/1406763773","profile_background_image_url":"http:\/\/pbs.twimg.com\/profile_background_images\/494632518704840705\/Rp1m9uFL.jpeg","screen_name":"VickiePynchon","lang":"en","profile_background_tile":true,"favourites_count":462,"name":"Victoria Pynchon","notifications":false,"url":"http:\/\/t.co\/cpNA13DNbo","created_at":"Wed Apr 30 06:41:03 +0000 2008","contributors_enabled":false,"time_zone":"Pacific Time (US & Canada)","protected":false,"default_profile":false,"is_translator":false},"geo":null,"in_reply_to_user_id_str":"972651","lang":"en","created_at":"Fri Aug 15 15:21:19 +0000 2014","in_reply_to_status_id_str":"500286058664579072","place":null}