{"contributors": null, "truncated": false, "text": "@drpolson @TracyMo53321503 @zadiaz @mashable A black cop shot Mr. Brown if he is charged (it will be racist) there will be more riots.", "in_reply_to_status_id": 500300092054974464, "id": 500301417869869059, "favorite_count": 0, "source": "<a href=\"http://twitter.com\" rel=\"nofollow\">Twitter Web Client</a>", "retweeted": false, "coordinates": null, "entities": {"symbols": [], "user_mentions": [{"id": 108157782, "indices": [0, 9], "id_str": "108157782", "screen_name": "drpolson", "name": "Dana Polson"}, {"id": 2423249816, "indices": [10, 26], "id_str": "2423249816", "screen_name": "TracyMo53321503", "name": "TL1410"}, {"id": 14227485, "indices": [27, 34], "id_str": "14227485", "screen_name": "zadiaz", "name": "zadi"}, {"id": 972651, "indices": [35, 44], "id_str": "972651", "screen_name": "mashable", "name": "Mashable"}], "hashtags": [], "urls": []}, "in_reply_to_screen_name": "drpolson", "id_str": "500301417869869059", "retweet_count": 0, "in_reply_to_user_id": 108157782, "favorited": false, "user": {"follow_request_sent": false, "profile_use_background_image": true, "default_profile_image": false, "id": 438042918, "profile_background_image_url_https": "https://abs.twimg.com/images/themes/theme1/bg.png", "verified": false, "profile_text_color": "333333", "profile_image_url_https": "https://pbs.twimg.com/profile_images/441583141665263618/MCrsyZoB_normal.png", "profile_sidebar_fill_color": "DDEEF6", "entities": {"description": {"urls": []}}, "followers_count": 270, "profile_sidebar_border_color": "C0DEED", "id_str": "438042918", "profile_background_color": "C0DEED", "listed_count": 0, "is_translation_enabled": false, "utc_offset": -14400, "statuses_count": 2214, "description": "*Serving God, Family and USA Country,USMC 1977-1983*", "friends_count": 282, "location": "  Enjoying  Florida Sunshine", "profile_link_color": "0084B4", "profile_image_url": "http://pbs.twimg.com/profile_images/441583141665263618/MCrsyZoB_normal.png", "following": false, "geo_enabled": false, "profile_banner_url": "https://pbs.twimg.com/profile_banners/438042918/1401888969", "profile_background_image_url": "http://abs.twimg.com/images/themes/theme1/bg.png", "screen_name": "at_the_foxhole", "lang": "en", "profile_background_tile": false, "favourites_count": 1095, "name": "4THYTRUTH", "notifications": false, "url": null, "created_at": "Fri Dec 16 03:42:27 +0000 2011", "contributors_enabled": false, "time_zone": "Eastern Time (US & Canada)", "protected": false, "default_profile": true, "is_translator": false}, "geo": null, "in_reply_to_user_id_str": "108157782", "lang": "en", "created_at": "Fri Aug 15 15:22:07 +0000 2014", "in_reply_to_status_id_str": "500300092054974464", "place": null}
