{"contributors": null, "truncated": false, "text": "@zadiaz @mashable no I'm sure the violent felon put his hands right up and the evil policeman after 6 yrs of service decided to kill 4 fun!", "in_reply_to_status_id": 500287202124103680, "id": 500434967177224193, "favorite_count": 0, "source": "<a href=\"http://twitter.com/download/iphone\" rel=\"nofollow\">Twitter for iPhone</a>", "retweeted": false, "coordinates": null, "entities": {"symbols": [], "user_mentions": [{"id": 14227485, "indices": [0, 7], "id_str": "14227485", "screen_name": "zadiaz", "name": "zadi"}, {"id": 972651, "indices": [8, 17], "id_str": "972651", "screen_name": "mashable", "name": "Mashable"}], "hashtags": [], "urls": []}, "in_reply_to_screen_name": "zadiaz", "id_str": "500434967177224193", "retweet_count": 0, "in_reply_to_user_id": 14227485, "favorited": false, "user": {"follow_request_sent": false, "profile_use_background_image": true, "default_profile_image": false, "id": 1416343825, "profile_background_image_url_https": "https://abs.twimg.com/images/themes/theme1/bg.png", "verified": false, "profile_text_color": "333333", "profile_image_url_https": "https://pbs.twimg.com/profile_images/3636934036/7afbcce678beca83d6a685dd63f04a86_normal.jpeg", "profile_sidebar_fill_color": "DDEEF6", "entities": {"description": {"urls": []}}, "followers_count": 37, "profile_sidebar_border_color": "C0DEED", "id_str": "1416343825", "profile_background_color": "C0DEED", "listed_count": 0, "is_translation_enabled": false, "utc_offset": null, "statuses_count": 399, "description": "Ex military sick of the whiners.", "friends_count": 103, "location": "New York ", "profile_link_color": "0084B4", "profile_image_url": "http://pbs.twimg.com/profile_images/3636934036/7afbcce678beca83d6a685dd63f04a86_normal.jpeg", "following": false, "geo_enabled": false, "profile_banner_url": "https://pbs.twimg.com/profile_banners/1416343825/1406451979", "profile_background_image_url": "http://abs.twimg.com/images/themes/theme1/bg.png", "screen_name": "Copscantweet2", "lang": "en", "profile_background_tile": false, "favourites_count": 21, "name": "Mr. Officer", "notifications": false, "url": null, "created_at": "Thu May 09 19:52:25 +0000 2013", "contributors_enabled": false, "time_zone": null, "protected": false, "default_profile": true, "is_translator": false}, "geo": null, "in_reply_to_user_id_str": "14227485", "lang": "en", "created_at": "Sat Aug 16 00:12:48 +0000 2014", "in_reply_to_status_id_str": "500287202124103680", "place": null}
