{"contributors": null, "truncated": false, "text": "@zadiaz http://t.co/Q6RufVpqLX", "in_reply_to_status_id": 500588486664409088, "id": 500659434558087168, "favorite_count": 0, "source": "<a href=\"http://twitter.com/download/iphone\" rel=\"nofollow\">Twitter for iPhone</a>", "retweeted": false, "coordinates": null, "entities": {"symbols": [], "user_mentions": [{"id": 14227485, "indices": [0, 7], "id_str": "14227485", "screen_name": "zadiaz", "name": "zadi"}], "hashtags": [], "urls": [], "media": [{"expanded_url": "http://twitter.com/Copscantweet2/status/500659434558087168/photo/1", "display_url": "pic.twitter.com/Q6RufVpqLX", "url": "http://t.co/Q6RufVpqLX", "media_url_https": "https://pbs.twimg.com/media/BvKzGkxIQAI5UyX.jpg", "id_str": "500659434121871362", "sizes": {"small": {"h": 605, "resize": "fit", "w": 340}, "large": {"h": 854, "resize": "fit", "w": 480}, "medium": {"h": 854, "resize": "fit", "w": 480}, "thumb": {"h": 150, "resize": "crop", "w": 150}}, "indices": [8, 30], "type": "photo", "id": 500659434121871362, "media_url": "http://pbs.twimg.com/media/BvKzGkxIQAI5UyX.jpg"}]}, "in_reply_to_screen_name": "zadiaz", "id_str": "500659434558087168", "retweet_count": 0, "in_reply_to_user_id": 14227485, "favorited": false, "user": {"follow_request_sent": false, "profile_use_background_image": true, "default_profile_image": false, "id": 1416343825, "profile_background_image_url_https": "https://abs.twimg.com/images/themes/theme1/bg.png", "verified": false, "profile_text_color": "333333", "profile_image_url_https": "https://pbs.twimg.com/profile_images/3636934036/7afbcce678beca83d6a685dd63f04a86_normal.jpeg", "profile_sidebar_fill_color": "DDEEF6", "entities": {"description": {"urls": []}}, "followers_count": 37, "profile_sidebar_border_color": "C0DEED", "id_str": "1416343825", "profile_background_color": "C0DEED", "listed_count": 0, "is_translation_enabled": false, "utc_offset": null, "statuses_count": 399, "description": "Ex military sick of the whiners.", "friends_count": 103, "location": "New York ", "profile_link_color": "0084B4", "profile_image_url": "http://pbs.twimg.com/profile_images/3636934036/7afbcce678beca83d6a685dd63f04a86_normal.jpeg", "following": false, "geo_enabled": false, "profile_banner_url": "https://pbs.twimg.com/profile_banners/1416343825/1406451979", "profile_background_image_url": "http://abs.twimg.com/images/themes/theme1/bg.png", "screen_name": "Copscantweet2", "lang": "en", "profile_background_tile": false, "favourites_count": 21, "name": "Mr. Officer", "notifications": false, "url": null, "created_at": "Thu May 09 19:52:25 +0000 2013", "contributors_enabled": false, "time_zone": null, "protected": false, "default_profile": true, "is_translator": false}, "geo": null, "in_reply_to_user_id_str": "14227485", "possibly_sensitive": false, "lang": "und", "created_at": "Sat Aug 16 15:04:45 +0000 2014", "in_reply_to_status_id_str": "500588486664409088", "place": null, "extended_entities": {"media": [{"expanded_url": "http://twitter.com/Copscantweet2/status/500659434558087168/photo/1", "display_url": "pic.twitter.com/Q6RufVpqLX", "url": "http://t.co/Q6RufVpqLX", "media_url_https": "https://pbs.twimg.com/media/BvKzGkxIQAI5UyX.jpg", "id_str": "500659434121871362", "sizes": {"small": {"h": 605, "resize": "fit", "w": 340}, "large": {"h": 854, "resize": "fit", "w": 480}, "medium": {"h": 854, "resize": "fit", "w": 480}, "thumb": {"h": 150, "resize": "crop", "w": 150}}, "indices": [8, 30], "type": "photo", "id": 500659434121871362, "media_url": "http://pbs.twimg.com/media/BvKzGkxIQAI5UyX.jpg"}]}}
