{"contributors":null,"truncated":false,"text":"A woman in #Ferguson was shot in head last night and released this selfie. Conflicting reports of how it happened: http:\/\/t.co\/25WX6EkquG","in_reply_to_status_id":null,"id":499530130487017472,"favorite_count":73,"source":"<a href=\"http:\/\/twitter.com\" rel=\"nofollow\">Twitter Web Client<\/a>","retweeted":false,"coordinates":null,"entities":{"symbols":[],"user_mentions":[],"hashtags":[{"indices":[11,20],"text":"Ferguson"}],"urls":[],"media":[{"expanded_url":"http:\/\/twitter.com\/MichaelSkolnik\/status\/499530130487017472\/photo\/1","display_url":"pic.twitter.com\/25WX6EkquG","url":"http:\/\/t.co\/25WX6EkquG","media_url_https":"https:\/\/pbs.twimg.com\/media\/Bu6wAaPCQAAbUYk.jpg","id_str":"499530129773576192","sizes":{"small":{"h":604,"resize":"fit","w":340},"large":{"h":1024,"resize":"fit","w":576},"medium":{"h":1024,"resize":"fit","w":576},"thumb":{"h":150,"resize":"crop","w":150}},"indices":[115,137],"type":"photo","id":499530129773576192,"media_url":"http:\/\/pbs.twimg.com\/media\/Bu6wAaPCQAAbUYk.jpg"}]},"in_reply_to_screen_name":null,"id_str":"499530130487017472","retweet_count":435,"in_reply_to_user_id":null,"favorited":false,"user":{"follow_request_sent":false,"profile_use_background_image":true,"default_profile_image":false,"id":24165761,"profile_background_image_url_https":"https:\/\/abs.twimg.com\/images\/themes\/theme4\/bg.gif","verified":true,"profile_text_color":"3C3940","profile_image_url_https":"https:\/\/pbs.twimg.com\/profile_images\/570370729964920832\/NSsz3-uv_normal.jpeg","profile_sidebar_fill_color":"95E8EC","entities":{"url":{"urls":[{"url":"http:\/\/t.co\/uYd9vD5LNN","indices":[0,22],"expanded_url":"http:\/\/en.wikipedia.org\/wiki\/Michael_Skolnik","display_url":"en.wikipedia.org\/wiki\/Michael_S\u2026"}]},"description":{"urls":[]}},"followers_count":133403,"profile_sidebar_border_color":"5ED4DC","id_str":"24165761","profile_background_color":"0099B9","listed_count":1641,"is_translation_enabled":false,"utc_offset":-14400,"statuses_count":28215,"description":"Political Director to Russell Simmons + Editor-In-Chief of GlobalGrind. Contact: info@mskolnik.com","friends_count":125,"location":"","profile_link_color":"0099B9","profile_image_url":"http:\/\/pbs.twimg.com\/profile_images\/570370729964920832\/NSsz3-uv_normal.jpeg","following":false,"geo_enabled":true,"profile_banner_url":"https:\/\/pbs.twimg.com\/profile_banners\/24165761\/1406690750","profile_background_image_url":"http:\/\/abs.twimg.com\/images\/themes\/theme4\/bg.gif","screen_name":"MichaelSkolnik","lang":"en","profile_background_tile":false,"favourites_count":19825,"name":"Michael Skolnik","notifications":false,"url":"http:\/\/t.co\/uYd9vD5LNN","created_at":"Fri Mar 13 12:55:21 +0000 2009","contributors_enabled":false,"time_zone":"Eastern Time (US & Canada)","protected":false,"default_profile":false,"is_translator":false},"geo":null,"in_reply_to_user_id_str":null,"possibly_sensitive":false,"lang":"en","created_at":"Wed Aug 13 12:17:18 +0000 2014","in_reply_to_status_id_str":null,"place":null,"extended_entities":{"media":[{"expanded_url":"http:\/\/twitter.com\/MichaelSkolnik\/status\/499530130487017472\/photo\/1","display_url":"pic.twitter.com\/25WX6EkquG","url":"http:\/\/t.co\/25WX6EkquG","media_url_https":"https:\/\/pbs.twimg.com\/media\/Bu6wAaPCQAAbUYk.jpg","id_str":"499530129773576192","sizes":{"small":{"h":604,"resize":"fit","w":340},"large":{"h":1024,"resize":"fit","w":576},"medium":{"h":1024,"resize":"fit","w":576},"thumb":{"h":150,"resize":"crop","w":150}},"indices":[115,137],"type":"photo","id":499530129773576192,"media_url":"http:\/\/pbs.twimg.com\/media\/Bu6wAaPCQAAbUYk.jpg"}]}}