{"contributors":null,"truncated":false,"text":"Police reports released this morning indicate Mike Brown was a suspect in a \"strong-armed\" robbery in #Ferguson","in_reply_to_status_id":null,"id":500280838710247424,"favorite_count":35,"source":"<a href=\"http:\/\/twitter.com\/#!\/download\/ipad\" rel=\"nofollow\">Twitter for iPad<\/a>","retweeted":false,"coordinates":null,"entities":{"symbols":[],"user_mentions":[],"hashtags":[{"indices":[102,111],"text":"Ferguson"}],"urls":[]},"in_reply_to_screen_name":null,"id_str":"500280838710247424","retweet_count":156,"in_reply_to_user_id":null,"favorited":false,"user":{"follow_request_sent":false,"profile_use_background_image":true,"default_profile_image":false,"id":56539746,"profile_background_image_url_https":"https:\/\/pbs.twimg.com\/profile_background_images\/62171443\/kmov_background_pic.JPG","verified":false,"profile_text_color":"0A010A","profile_image_url_https":"https:\/\/pbs.twimg.com\/profile_images\/1110937136\/Diana_Zoga_Bio_Pic_normal.jpg","profile_sidebar_fill_color":"504170","entities":{"url":{"urls":[{"url":"http:\/\/t.co\/5i4ZB3o8Yd","indices":[0,22],"expanded_url":"http:\/\/www.kmov.com","display_url":"kmov.com"}]},"description":{"urls":[]}},"followers_count":2694,"profile_sidebar_border_color":"540424","id_str":"56539746","profile_background_color":"101842","listed_count":143,"is_translation_enabled":false,"utc_offset":-18000,"statuses_count":5051,"description":"KMOV Reporter in St. Louis. I report during the week and I spend my weekends anchoring the morning news.","friends_count":688,"location":"St. Louis, MO","profile_link_color":"1407BD","profile_image_url":"http:\/\/pbs.twimg.com\/profile_images\/1110937136\/Diana_Zoga_Bio_Pic_normal.jpg","following":false,"geo_enabled":true,"profile_banner_url":"https:\/\/pbs.twimg.com\/profile_banners\/56539746\/1382278487","profile_background_image_url":"http:\/\/pbs.twimg.com\/profile_background_images\/62171443\/kmov_background_pic.JPG","screen_name":"DIANAZOGA","lang":"en","profile_background_tile":true,"favourites_count":181,"name":"Diana Zoga KMOV","notifications":false,"url":"http:\/\/t.co\/5i4ZB3o8Yd","created_at":"Mon Jul 13 23:56:23 +0000 2009","contributors_enabled":false,"time_zone":"Central Time (US & Canada)","protected":false,"default_profile":false,"is_translator":false},"geo":null,"in_reply_to_user_id_str":null,"lang":"en","created_at":"Fri Aug 15 14:00:21 +0000 2014","in_reply_to_status_id_str":null,"place":null}