{"contributors":null,"truncated":false,"text":"@MichaelSkolnik Unbelieveable ..... We R in double digits with white men killing black male children. This has got 2 stop ppl! #racism","in_reply_to_status_id":498280126254428160,"id":498282494387843072,"favorite_count":0,"source":"<a href=\"http:\/\/twitter.com\/#!\/download\/ipad\" rel=\"nofollow\">Twitter for iPad<\/a>","retweeted":false,"coordinates":null,"entities":{"symbols":[],"user_mentions":[{"id":24165761,"indices":[0,15],"id_str":"24165761","screen_name":"MichaelSkolnik","name":"Michael Skolnik"}],"hashtags":[{"indices":[127,134],"text":"racism"}],"urls":[]},"in_reply_to_screen_name":"MichaelSkolnik","id_str":"498282494387843072","retweet_count":0,"in_reply_to_user_id":24165761,"favorited":false,"user":{"follow_request_sent":false,"profile_use_background_image":true,"default_profile_image":false,"id":981050484,"profile_background_image_url_https":"https:\/\/abs.twimg.com\/images\/themes\/theme1\/bg.png","verified":false,"profile_text_color":"333333","profile_image_url_https":"https:\/\/pbs.twimg.com\/profile_images\/546150417315287041\/3-loIClt_normal.jpeg","profile_sidebar_fill_color":"DDEEF6","entities":{"description":{"urls":[]}},"followers_count":155,"profile_sidebar_border_color":"C0DEED","id_str":"981050484","profile_background_color":"C0DEED","listed_count":5,"is_translation_enabled":false,"utc_offset":-18000,"statuses_count":8199,"description":"Retired Sp. Ed. Teacher, Special Olympics coach, CASA, MADD, O-State Alum, rancher, mom, and full-time Thunder fan!!! Whatever you are, be a good one","friends_count":248,"location":"","profile_link_color":"0084B4","profile_image_url":"http:\/\/pbs.twimg.com\/profile_images\/546150417315287041\/3-loIClt_normal.jpeg","following":false,"geo_enabled":true,"profile_banner_url":"https:\/\/pbs.twimg.com\/profile_banners\/981050484\/1402974729","profile_background_image_url":"http:\/\/abs.twimg.com\/images\/themes\/theme1\/bg.png","screen_name":"iheartwestbrook","lang":"en","profile_background_tile":false,"favourites_count":716,"name":"Brenda Hawkins","notifications":false,"url":null,"created_at":"Fri Nov 30 19:19:28 +0000 2012","contributors_enabled":false,"time_zone":"Central Time (US & Canada)","protected":false,"default_profile":true,"is_translator":false},"geo":null,"in_reply_to_user_id_str":"24165761","lang":"en","created_at":"Sun Aug 10 01:39:38 +0000 2014","in_reply_to_status_id_str":"498280126254428160","place":null}