{"contributors":null,"truncated":false,"text":"@MichaelSkolnik Emmett Till was visiting his family too when he was murdered. Decades apart still innocent murders of African America males.","in_reply_to_status_id":498280126254428160,"id":498283789744103424,"favorite_count":0,"source":"<a href=\"http:\/\/twitter.com\/download\/iphone\" rel=\"nofollow\">Twitter for iPhone<\/a>","retweeted":false,"coordinates":null,"entities":{"symbols":[],"user_mentions":[{"id":24165761,"indices":[0,15],"id_str":"24165761","screen_name":"MichaelSkolnik","name":"Michael Skolnik"}],"hashtags":[],"urls":[]},"in_reply_to_screen_name":"MichaelSkolnik","id_str":"498283789744103424","retweet_count":0,"in_reply_to_user_id":24165761,"favorited":false,"user":{"follow_request_sent":false,"profile_use_background_image":true,"default_profile_image":false,"id":347658701,"profile_background_image_url_https":"https:\/\/abs.twimg.com\/images\/themes\/theme11\/bg.gif","verified":false,"profile_text_color":"362720","profile_image_url_https":"https:\/\/pbs.twimg.com\/profile_images\/586374074001182720\/_cPE-oBE_normal.jpg","profile_sidebar_fill_color":"E5507E","entities":{"description":{"urls":[]}},"followers_count":204,"profile_sidebar_border_color":"CC3366","id_str":"347658701","profile_background_color":"FF6699","listed_count":3,"is_translation_enabled":false,"utc_offset":null,"statuses_count":24608,"description":"Don't stress about the future, it hasn't arrived. Live in the present and make the most of it.","friends_count":63,"location":"","profile_link_color":"B40B43","profile_image_url":"http:\/\/pbs.twimg.com\/profile_images\/586374074001182720\/_cPE-oBE_normal.jpg","following":false,"geo_enabled":false,"profile_banner_url":"https:\/\/pbs.twimg.com\/profile_banners\/347658701\/1399732705","profile_background_image_url":"http:\/\/abs.twimg.com\/images\/themes\/theme11\/bg.gif","screen_name":"Sidney7725","lang":"en","profile_background_tile":true,"favourites_count":1426,"name":"Trell","notifications":false,"url":null,"created_at":"Wed Aug 03 04:21:51 +0000 2011","contributors_enabled":false,"time_zone":null,"protected":false,"default_profile":false,"is_translator":false},"geo":null,"in_reply_to_user_id_str":"24165761","lang":"en","created_at":"Sun Aug 10 01:44:47 +0000 2014","in_reply_to_status_id_str":"498280126254428160","place":null}