{"contributors":null,"truncated":false,"text":"@MichaelSkolnik -- wow","in_reply_to_status_id":498280126254428160,"id":498280920227794945,"favorite_count":0,"source":"<a href=\"https:\/\/twitter.com\/download\/android\" rel=\"nofollow\">Twitter for Android Tablets<\/a>","retweeted":false,"coordinates":null,"entities":{"symbols":[],"user_mentions":[{"id":24165761,"indices":[0,15],"id_str":"24165761","screen_name":"MichaelSkolnik","name":"Michael Skolnik"}],"hashtags":[],"urls":[]},"in_reply_to_screen_name":"MichaelSkolnik","id_str":"498280920227794945","retweet_count":0,"in_reply_to_user_id":24165761,"favorited":false,"user":{"follow_request_sent":false,"profile_use_background_image":true,"default_profile_image":false,"id":52294796,"profile_background_image_url_https":"https:\/\/pbs.twimg.com\/profile_background_images\/261404185\/twilk_background_4de4305820e75.jpg","verified":false,"profile_text_color":"3C3940","profile_image_url_https":"https:\/\/pbs.twimg.com\/profile_images\/512777964665053184\/tKk8IJ9L_normal.jpeg","profile_sidebar_fill_color":"95E8EC","entities":{"url":{"urls":[{"url":"http:\/\/t.co\/57s0dB6ztZ","indices":[0,22],"expanded_url":"http:\/\/children02.wordpress.com","display_url":"children02.wordpress.com"}]},"description":{"urls":[]}},"followers_count":679,"profile_sidebar_border_color":"5ED4DC","id_str":"52294796","profile_background_color":"0099B9","listed_count":2,"is_translation_enabled":false,"utc_offset":-14400,"statuses_count":12551,"description":"You Tube - denisenewattitude\nFacebook - Denise Stay Positive \nEmail: denise.newattitude@gmail.com","friends_count":1997,"location":"Denver, Colorado","profile_link_color":"0099B9","profile_image_url":"http:\/\/pbs.twimg.com\/profile_images\/512777964665053184\/tKk8IJ9L_normal.jpeg","following":false,"geo_enabled":true,"profile_background_image_url":"http:\/\/pbs.twimg.com\/profile_background_images\/261404185\/twilk_background_4de4305820e75.jpg","screen_name":"gorgeous167","lang":"en","profile_background_tile":false,"favourites_count":16,"name":"Denise Clarke","notifications":false,"url":"http:\/\/t.co\/57s0dB6ztZ","created_at":"Tue Jun 30 03:54:15 +0000 2009","contributors_enabled":false,"time_zone":"Eastern Time (US & Canada)","protected":false,"default_profile":false,"is_translator":false},"geo":null,"in_reply_to_user_id_str":"24165761","lang":"und","created_at":"Sun Aug 10 01:33:23 +0000 2014","in_reply_to_status_id_str":"498280126254428160","place":null}