{"contributors": null, "truncated": false, "text": "\u201c@MichaelSkolnik: Mike Brown was staying with his grandmother for the summer, who lived in the community. #Ferguson\u201d&lt; \ud83d\udc94\ud83d\ude2a\ud83d\ude4f sad story", "in_reply_to_status_id": 498280126254428160, "id": 498323335965868032, "favorite_count": 0, "source": "<a href=\"http://twitter.com/download/iphone\" rel=\"nofollow\">Twitter for iPhone</a>", "retweeted": false, "coordinates": null, "entities": {"symbols": [], "user_mentions": [{"id": 24165761, "indices": [1, 16], "id_str": "24165761", "screen_name": "MichaelSkolnik", "name": "Michael Skolnik"}], "hashtags": [{"indices": [106, 115], "text": "Ferguson"}], "urls": []}, "in_reply_to_screen_name": "MichaelSkolnik", "id_str": "498323335965868032", "retweet_count": 0, "in_reply_to_user_id": 24165761, "favorited": false, "user": {"follow_request_sent": false, "profile_use_background_image": true, "default_profile_image": false, "id": 251275638, "profile_background_image_url_https": "https://pbs.twimg.com/profile_background_images/724188460/b0b172084123a327b39b1459e639fd0f.jpeg", "verified": false, "profile_text_color": "FFF200", "profile_image_url_https": "https://pbs.twimg.com/profile_images/476078818596487169/0J2xl_P-_normal.png", "profile_sidebar_fill_color": "000000", "entities": {"url": {"urls": [{"url": "https://t.co/JBA92Tr4Eg", "indices": [0, 23], "expanded_url": "https://m.soundcloud.com/lblove/sunset-love?utm_source=soundcloud&utm_campaign=share&utm_medium=facebook", "display_url": "m.soundcloud.com/lblove/sunset-\u2026"}]}, "description": {"urls": []}}, "followers_count": 594, "profile_sidebar_border_color": "FFFFFF", "id_str": "251275638", "profile_background_color": "FFFF00", "listed_count": 21, "is_translation_enabled": false, "utc_offset": -18000, "statuses_count": 82743, "description": "Germany\u2708\ufe0fAtlanta- Mom of \u270c\ufe0fUnapologetic \u264a #iTweetAlot #SlimThickShady Who Jah Bless No Man Curse !!! #xo", "friends_count": 521, "location": "In Your Mind", "profile_link_color": "D9250D", "profile_image_url": "http://pbs.twimg.com/profile_images/476078818596487169/0J2xl_P-_normal.png", "following": false, "geo_enabled": false, "profile_banner_url": "https://pbs.twimg.com/profile_banners/251275638/1382392808", "profile_background_image_url": "http://pbs.twimg.com/profile_background_images/724188460/b0b172084123a327b39b1459e639fd0f.jpeg", "screen_name": "Rude4eyezGal", "lang": "en", "profile_background_tile": true, "favourites_count": 916, "name": "\u2728W.T.Ph\u2728", "notifications": false, "url": "https://t.co/JBA92Tr4Eg", "created_at": "Sat Feb 12 20:13:46 +0000 2011", "contributors_enabled": false, "time_zone": "Quito", "protected": false, "default_profile": false, "is_translator": false}, "geo": null, "in_reply_to_user_id_str": "24165761", "lang": "en", "created_at": "Sun Aug 10 04:21:56 +0000 2014", "in_reply_to_status_id_str": "498280126254428160", "place": null}
