{"contributors":null,"truncated":false,"text":"@USATODAY New police chief?","in_reply_to_status_id":500258409988763649,"id":500258778122420225,"favorite_count":1,"source":"<a href=\"http:\/\/twitter.com\" rel=\"nofollow\">Twitter Web Client<\/a>","retweeted":false,"coordinates":null,"entities":{"symbols":[],"user_mentions":[{"id":15754281,"indices":[0,9],"id_str":"15754281","screen_name":"USATODAY","name":"USA TODAY"}],"hashtags":[],"urls":[]},"in_reply_to_screen_name":"USATODAY","id_str":"500258778122420225","retweet_count":1,"in_reply_to_user_id":15754281,"favorited":false,"user":{"follow_request_sent":false,"profile_use_background_image":true,"default_profile_image":false,"id":235255071,"profile_background_image_url_https":"https:\/\/abs.twimg.com\/images\/themes\/theme1\/bg.png","verified":false,"profile_text_color":"333333","profile_image_url_https":"https:\/\/pbs.twimg.com\/profile_images\/526699854878105600\/v5wL6nHl_normal.jpeg","profile_sidebar_fill_color":"DDEEF6","entities":{"description":{"urls":[]}},"followers_count":1824,"profile_sidebar_border_color":"C0DEED","id_str":"235255071","profile_background_color":"C0DEED","listed_count":6,"is_translation_enabled":false,"utc_offset":-18000,"statuses_count":15788,"description":"Works at The Maldives National University. Earlier worked in Non-formal Education Centre and MES as well.","friends_count":1804,"location":"Maldives","profile_link_color":"0084B4","profile_image_url":"http:\/\/pbs.twimg.com\/profile_images\/526699854878105600\/v5wL6nHl_normal.jpeg","following":false,"geo_enabled":false,"profile_background_image_url":"http:\/\/abs.twimg.com\/images\/themes\/theme1\/bg.png","screen_name":"musthafaaa","lang":"en","profile_background_tile":false,"favourites_count":1857,"name":"Moh Musthafa Hussain","notifications":false,"url":null,"created_at":"Fri Jan 07 18:53:54 +0000 2011","contributors_enabled":false,"time_zone":"Central Time (US & Canada)","protected":false,"default_profile":true,"is_translator":false},"geo":null,"in_reply_to_user_id_str":"15754281","lang":"en","created_at":"Fri Aug 15 12:32:41 +0000 2014","in_reply_to_status_id_str":"500258409988763649","place":null}