{"contributors": null, "truncated": false, "text": "@USATODAY Good Ol' Boy system at work just like 1865.", "in_reply_to_status_id": 500258409988763649, "id": 500258777057480706, "favorite_count": 0, "source": "<a href=\"http://twitter.com\" rel=\"nofollow\">Twitter Web Client</a>", "retweeted": false, "coordinates": null, "entities": {"symbols": [], "user_mentions": [{"id": 15754281, "indices": [0, 9], "id_str": "15754281", "screen_name": "USATODAY", "name": "USA TODAY"}], "hashtags": [], "urls": []}, "in_reply_to_screen_name": "USATODAY", "id_str": "500258777057480706", "retweet_count": 0, "in_reply_to_user_id": 15754281, "favorited": false, "user": {"follow_request_sent": false, "profile_use_background_image": true, "default_profile_image": false, "id": 28626894, "profile_background_image_url_https": "https://abs.twimg.com/images/themes/theme1/bg.png", "verified": false, "profile_text_color": "333333", "profile_image_url_https": "https://pbs.twimg.com/profile_images/495656366904582144/W6_yZ95-_normal.jpeg", "profile_sidebar_fill_color": "DDEEF6", "entities": {"url": {"urls": [{"url": "http://t.co/uBKTaX1tH2", "indices": [0, 22], "expanded_url": "http://www.google.com", "display_url": "google.com"}]}, "description": {"urls": []}}, "followers_count": 837, "profile_sidebar_border_color": "C0DEED", "id_str": "28626894", "profile_background_color": "C0DEED", "listed_count": 8, "is_translation_enabled": false, "utc_offset": -14400, "statuses_count": 10411, "description": "Fine Art practice using natural materials to create primitive weapons and adornment as sculpture. Quemadmoeum gladis nemeinum occidit, occidentis telum est.", "friends_count": 1571, "location": "Everywhere and Nowhere", "profile_link_color": "0084B4", "profile_image_url": "http://pbs.twimg.com/profile_images/495656366904582144/W6_yZ95-_normal.jpeg", "following": false, "geo_enabled": false, "profile_banner_url": "https://pbs.twimg.com/profile_banners/28626894/1399150126", "profile_background_image_url": "http://abs.twimg.com/images/themes/theme1/bg.png", "screen_name": "nametyb", "lang": "en", "profile_background_tile": false, "favourites_count": 55, "name": "Baron Von Forthright", "notifications": false, "url": "http://t.co/uBKTaX1tH2", "created_at": "Fri Apr 03 18:51:41 +0000 2009", "contributors_enabled": false, "time_zone": "Eastern Time (US & Canada)", "protected": false, "default_profile": true, "is_translator": false}, "geo": null, "in_reply_to_user_id_str": "15754281", "lang": "en", "created_at": "Fri Aug 15 12:32:41 +0000 2014", "in_reply_to_status_id_str": "500258409988763649", "place": null}
