{"contributors":null,"truncated":false,"text":"@USATODAY The #Ferguson police department is incompetent. Why would you give 12 hours notice of releasing the officers name? Builds hype","in_reply_to_status_id":500258409988763649,"id":500259034755526656,"favorite_count":0,"source":"<a href=\"http:\/\/twitter.com\/download\/iphone\" rel=\"nofollow\">Twitter for iPhone<\/a>","retweeted":false,"coordinates":null,"entities":{"symbols":[],"user_mentions":[{"id":15754281,"indices":[0,9],"id_str":"15754281","screen_name":"USATODAY","name":"USA TODAY"}],"hashtags":[{"indices":[14,23],"text":"Ferguson"}],"urls":[]},"in_reply_to_screen_name":"USATODAY","id_str":"500259034755526656","retweet_count":0,"in_reply_to_user_id":15754281,"favorited":false,"user":{"follow_request_sent":false,"profile_use_background_image":true,"default_profile_image":false,"id":524659763,"profile_background_image_url_https":"https:\/\/abs.twimg.com\/images\/themes\/theme1\/bg.png","verified":false,"profile_text_color":"333333","profile_image_url_https":"https:\/\/pbs.twimg.com\/profile_images\/576990201311948800\/Yit4N--x_normal.jpeg","profile_sidebar_fill_color":"DDEEF6","entities":{"description":{"urls":[]}},"followers_count":575,"profile_sidebar_border_color":"C0DEED","id_str":"524659763","profile_background_color":"C0DEED","listed_count":6,"is_translation_enabled":false,"utc_offset":-10800,"statuses_count":10566,"description":"I am a visor guy. Tim Richmond and Kevin VanDam are my favorite athletes. @413FantFootball contributor.","friends_count":1998,"location":"","profile_link_color":"0084B4","profile_image_url":"http:\/\/pbs.twimg.com\/profile_images\/576990201311948800\/Yit4N--x_normal.jpeg","following":false,"geo_enabled":false,"profile_banner_url":"https:\/\/pbs.twimg.com\/profile_banners\/524659763\/1401894784","profile_background_image_url":"http:\/\/abs.twimg.com\/images\/themes\/theme1\/bg.png","screen_name":"SteveTweetstoo","lang":"en","profile_background_tile":false,"favourites_count":4863,"name":"Cold LaimBeer","notifications":false,"url":null,"created_at":"Wed Mar 14 19:36:22 +0000 2012","contributors_enabled":false,"time_zone":"Atlantic Time (Canada)","protected":false,"default_profile":true,"is_translator":false},"geo":null,"in_reply_to_user_id_str":"15754281","lang":"en","created_at":"Fri Aug 15 12:33:42 +0000 2014","in_reply_to_status_id_str":"500258409988763649","place":null}