{"contributors":null,"truncated":false,"text":"RT @USATODAY: Name of #Ferguson cop is expected to be released by 9 ET http:\/\/t.co\/rz6ZADidHG (J.B. Forbes, AP) http:\/\/t.co\/Eud4XHuxFf\u201d","in_reply_to_status_id":500258409988763649,"id":500260909994885120,"favorite_count":0,"source":"<a href=\"http:\/\/twitter.com\/download\/iphone\" rel=\"nofollow\">Twitter for iPhone<\/a>","retweeted":false,"coordinates":null,"entities":{"symbols":[],"user_mentions":[{"id":15754281,"indices":[3,12],"id_str":"15754281","screen_name":"USATODAY","name":"USA TODAY"}],"hashtags":[{"indices":[22,31],"text":"Ferguson"}],"urls":[{"url":"http:\/\/t.co\/rz6ZADidHG","indices":[71,93],"expanded_url":"http:\/\/usat.ly\/1oAadlh","display_url":"usat.ly\/1oAadlh"}],"media":[{"source_status_id_str":"500258409988763649","expanded_url":"http:\/\/twitter.com\/USATODAY\/status\/500258409988763649\/photo\/1","display_url":"pic.twitter.com\/Eud4XHuxFf","url":"http:\/\/t.co\/Eud4XHuxFf","media_url_https":"https:\/\/pbs.twimg.com\/media\/BvFGX38IUAAzoNy.jpg","source_status_id":500258409988763649,"id_str":"500258409581924352","sizes":{"large":{"h":510,"resize":"fit","w":680},"small":{"h":255,"resize":"fit","w":340},"medium":{"h":450,"resize":"fit","w":600},"thumb":{"h":150,"resize":"crop","w":150}},"indices":[112,134],"type":"photo","id":500258409581924352,"media_url":"http:\/\/pbs.twimg.com\/media\/BvFGX38IUAAzoNy.jpg"}]},"in_reply_to_screen_name":"USATODAY","id_str":"500260909994885120","retweet_count":0,"in_reply_to_user_id":15754281,"favorited":false,"user":{"follow_request_sent":false,"profile_use_background_image":true,"default_profile_image":false,"id":15922161,"profile_background_image_url_https":"https:\/\/abs.twimg.com\/images\/themes\/theme5\/bg.gif","verified":true,"profile_text_color":"3E4415","profile_image_url_https":"https:\/\/pbs.twimg.com\/profile_images\/514070779147714560\/OCW-vhQy_normal.jpeg","profile_sidebar_fill_color":"99CC33","entities":{"url":{"urls":[{"url":"http:\/\/t.co\/DobmJgzkjL","indices":[0,22],"expanded_url":"http:\/\/www.ktvb.com\/on-tv\/bios\/65063322.html","display_url":"ktvb.com\/on-tv\/bios\/650\u2026"}]},"description":{"urls":[]}},"followers_count":6399,"profile_sidebar_border_color":"829D5E","id_str":"15922161","profile_background_color":"352726","listed_count":183,"is_translation_enabled":false,"utc_offset":-21600,"statuses_count":13537,"description":"KTVB's Today's Morning News Anchor in Boise, Idaho. Proud wife and mom of three. I survive on coffee, and more coffee. Join us in the morning!","friends_count":2355,"location":"Boise","profile_link_color":"D02B55","profile_image_url":"http:\/\/pbs.twimg.com\/profile_images\/514070779147714560\/OCW-vhQy_normal.jpeg","following":false,"geo_enabled":false,"profile_banner_url":"https:\/\/pbs.twimg.com\/profile_banners\/15922161\/1384870379","profile_background_image_url":"http:\/\/abs.twimg.com\/images\/themes\/theme5\/bg.gif","screen_name":"maggieKTVB7","lang":"en","profile_background_tile":false,"favourites_count":141,"name":"Maggie O'Mara ","notifications":false,"url":"http:\/\/t.co\/DobmJgzkjL","created_at":"Wed Aug 20 19:49:10 +0000 2008","contributors_enabled":false,"time_zone":"Mountain Time (US & Canada)","protected":false,"default_profile":false,"is_translator":false},"geo":null,"in_reply_to_user_id_str":"15754281","possibly_sensitive":false,"lang":"en","created_at":"Fri Aug 15 12:41:10 +0000 2014","in_reply_to_status_id_str":"500258409988763649","place":null,"extended_entities":{"media":[{"source_status_id_str":"500258409988763649","expanded_url":"http:\/\/twitter.com\/USATODAY\/status\/500258409988763649\/photo\/1","display_url":"pic.twitter.com\/Eud4XHuxFf","url":"http:\/\/t.co\/Eud4XHuxFf","media_url_https":"https:\/\/pbs.twimg.com\/media\/BvFGX38IUAAzoNy.jpg","source_status_id":500258409988763649,"id_str":"500258409581924352","sizes":{"large":{"h":510,"resize":"fit","w":680},"small":{"h":255,"resize":"fit","w":340},"medium":{"h":450,"resize":"fit","w":600},"thumb":{"h":150,"resize":"crop","w":150}},"indices":[112,134],"type":"photo","id":500258409581924352,"media_url":"http:\/\/pbs.twimg.com\/media\/BvFGX38IUAAzoNy.jpg"}]}}