{"contributors":null,"truncated":false,"text":"@USATODAY Get ready to tweet the address #SpikeLee and other vigilantes .","in_reply_to_status_id":500258409988763649,"id":500270212198174720,"favorite_count":0,"source":"<a href=\"http:\/\/twitter.com\" rel=\"nofollow\">Twitter Web Client<\/a>","retweeted":false,"coordinates":null,"entities":{"symbols":[],"user_mentions":[{"id":15754281,"indices":[0,9],"id_str":"15754281","screen_name":"USATODAY","name":"USA TODAY"}],"hashtags":[{"indices":[41,50],"text":"SpikeLee"}],"urls":[]},"in_reply_to_screen_name":"USATODAY","id_str":"500270212198174720","retweet_count":0,"in_reply_to_user_id":15754281,"favorited":false,"user":{"follow_request_sent":false,"profile_use_background_image":true,"default_profile_image":false,"id":24269325,"profile_background_image_url_https":"https:\/\/abs.twimg.com\/images\/themes\/theme1\/bg.png","verified":false,"profile_text_color":"333333","profile_image_url_https":"https:\/\/pbs.twimg.com\/profile_images\/547437521966100480\/1PAmTBIe_normal.jpeg","profile_sidebar_fill_color":"DDEEF6","entities":{"description":{"urls":[]}},"followers_count":23,"profile_sidebar_border_color":"C0DEED","id_str":"24269325","profile_background_color":"C0DEED","listed_count":1,"is_translation_enabled":false,"utc_offset":-21600,"statuses_count":354,"description":"I am a father of 2 with 7 grandchildren. I'm not affiliated with any group of any kind and I have no tolerance for ignorant people and voice my opinion often.","friends_count":51,"location":"Graford Tx","profile_link_color":"0084B4","profile_image_url":"http:\/\/pbs.twimg.com\/profile_images\/547437521966100480\/1PAmTBIe_normal.jpeg","following":false,"geo_enabled":false,"profile_banner_url":"https:\/\/pbs.twimg.com\/profile_banners\/24269325\/1401300960","profile_background_image_url":"http:\/\/abs.twimg.com\/images\/themes\/theme1\/bg.png","screen_name":"kimballkan56","lang":"en","profile_background_tile":false,"favourites_count":35,"name":"Kim Randall","notifications":false,"url":null,"created_at":"Fri Mar 13 22:26:07 +0000 2009","contributors_enabled":false,"time_zone":"Mountain Time (US & Canada)","protected":false,"default_profile":true,"is_translator":false},"geo":null,"in_reply_to_user_id_str":"15754281","lang":"en","created_at":"Fri Aug 15 13:18:07 +0000 2014","in_reply_to_status_id_str":"500258409988763649","place":null}