{"contributors":null,"truncated":false,"text":"Police in #Ferguson plan to release name of officer who shot unarmed teen Michael Brown: http:\/\/t.co\/oqns3yVfTx http:\/\/t.co\/9fb09WUtdN","in_reply_to_status_id":null,"id":500270780832174080,"favorite_count":48,"source":"<a href=\"http:\/\/www.socialflow.com\" rel=\"nofollow\">SocialFlow<\/a>","retweeted":false,"coordinates":null,"entities":{"symbols":[],"user_mentions":[],"hashtags":[{"indices":[10,19],"text":"Ferguson"}],"urls":[{"url":"http:\/\/t.co\/oqns3yVfTx","indices":[89,111],"expanded_url":"http:\/\/reut.rs\/1oVcJ4D","display_url":"reut.rs\/1oVcJ4D"}],"media":[{"expanded_url":"http:\/\/twitter.com\/ReutersUS\/status\/500270780832174080\/photo\/1","display_url":"pic.twitter.com\/9fb09WUtdN","url":"http:\/\/t.co\/9fb09WUtdN","media_url_https":"https:\/\/pbs.twimg.com\/media\/BvFRn9sCMAEf4tN.jpg","id_str":"500270780630839297","sizes":{"small":{"h":227,"resize":"fit","w":340},"large":{"h":378,"resize":"fit","w":566},"medium":{"h":378,"resize":"fit","w":566},"thumb":{"h":150,"resize":"crop","w":150}},"indices":[112,134],"type":"photo","id":500270780630839297,"media_url":"http:\/\/pbs.twimg.com\/media\/BvFRn9sCMAEf4tN.jpg"}]},"in_reply_to_screen_name":null,"id_str":"500270780832174080","retweet_count":125,"in_reply_to_user_id":null,"favorited":false,"user":{"follow_request_sent":false,"profile_use_background_image":false,"default_profile_image":false,"id":15108530,"profile_background_image_url_https":"https:\/\/pbs.twimg.com\/profile_background_images\/103675156\/reuters_twitter_bg.jpg","verified":true,"profile_text_color":"000000","profile_image_url_https":"https:\/\/pbs.twimg.com\/profile_images\/556153632207286272\/vingsqa1_normal.png","profile_sidebar_fill_color":"F5F5F5","entities":{"url":{"urls":[{"url":"http:\/\/t.co\/KnhmNHIJNx","indices":[0,22],"expanded_url":"http:\/\/reut.rs\/19LrEHD","display_url":"reut.rs\/19LrEHD"}]},"description":{"urls":[]}},"followers_count":53516,"profile_sidebar_border_color":"F5F5F5","id_str":"15108530","profile_background_color":"444444","listed_count":2404,"is_translation_enabled":false,"utc_offset":-18000,"statuses_count":52141,"description":"Top news from the United States.","friends_count":316,"location":"","profile_link_color":"006F97","profile_image_url":"http:\/\/pbs.twimg.com\/profile_images\/556153632207286272\/vingsqa1_normal.png","following":false,"geo_enabled":false,"profile_banner_url":"https:\/\/pbs.twimg.com\/profile_banners\/15108530\/1379272059","profile_background_image_url":"http:\/\/pbs.twimg.com\/profile_background_images\/103675156\/reuters_twitter_bg.jpg","screen_name":"ReutersUS","lang":"en","profile_background_tile":false,"favourites_count":10,"name":"Reuters U.S. News","notifications":false,"url":"http:\/\/t.co\/KnhmNHIJNx","created_at":"Fri Jun 13 15:54:21 +0000 2008","contributors_enabled":false,"time_zone":"Quito","protected":false,"default_profile":false,"is_translator":false},"geo":null,"in_reply_to_user_id_str":null,"possibly_sensitive":false,"lang":"en","created_at":"Fri Aug 15 13:20:23 +0000 2014","in_reply_to_status_id_str":null,"place":null,"extended_entities":{"media":[{"expanded_url":"http:\/\/twitter.com\/ReutersUS\/status\/500270780832174080\/photo\/1","display_url":"pic.twitter.com\/9fb09WUtdN","url":"http:\/\/t.co\/9fb09WUtdN","media_url_https":"https:\/\/pbs.twimg.com\/media\/BvFRn9sCMAEf4tN.jpg","id_str":"500270780630839297","sizes":{"small":{"h":227,"resize":"fit","w":340},"large":{"h":378,"resize":"fit","w":566},"medium":{"h":378,"resize":"fit","w":566},"thumb":{"h":150,"resize":"crop","w":150}},"indices":[112,134],"type":"photo","id":500270780630839297,"media_url":"http:\/\/pbs.twimg.com\/media\/BvFRn9sCMAEf4tN.jpg"}]}}