{"contributors": null, "truncated": false, "text": "Video manipulation takes time. RT @zellieimani: If there is surveillance of a robbery why release stills and not the video itself? #Ferguson", "in_reply_to_status_id": 500284699546517505, "id": 500285091394764801, "favorite_count": 18, "source": "<a href=\"http://itunes.apple.com/us/app/twitter/id409789998?mt=12\" rel=\"nofollow\">Twitter for Mac</a>", "retweeted": false, "coordinates": null, "entities": {"symbols": [], "user_mentions": [{"id": 325076723, "indices": [34, 46], "id_str": "325076723", "screen_name": "zellieimani", "name": "zellie"}], "hashtags": [{"indices": [131, 140], "text": "Ferguson"}], "urls": []}, "in_reply_to_screen_name": "zellieimani", "id_str": "500285091394764801", "retweet_count": 51, "in_reply_to_user_id": 325076723, "favorited": false, "user": {"follow_request_sent": false, "profile_use_background_image": true, "default_profile_image": false, "id": 18931723, "profile_background_image_url_https": "https://pbs.twimg.com/profile_background_images/378800000020878660/dbf13b3a7133634e18d9494ed2494e25.jpeg", "verified": false, "profile_text_color": "000000", "profile_image_url_https": "https://pbs.twimg.com/profile_images/499051746597949440/kRMtAOkj_normal.jpeg", "profile_sidebar_fill_color": "FFFFFF", "entities": {"url": {"urls": [{"url": "http://t.co/oKM11SdmQ4", "indices": [0, 22], "expanded_url": "http://wp.me/p38nm9-Bc", "display_url": "wp.me/p38nm9-Bc"}]}, "description": {"urls": []}}, "followers_count": 5851, "profile_sidebar_border_color": "000000", "id_str": "18931723", "profile_background_color": "000000", "listed_count": 62, "is_translation_enabled": false, "utc_offset": 28800, "statuses_count": 188920, "description": "Classic kind of crazy.", "friends_count": 456, "location": "Cybertronic Purgatory.", "profile_link_color": "EABED9", "profile_image_url": "http://pbs.twimg.com/profile_images/499051746597949440/kRMtAOkj_normal.jpeg", "following": false, "geo_enabled": false, "profile_banner_url": "https://pbs.twimg.com/profile_banners/18931723/1403594759", "profile_background_image_url": "http://pbs.twimg.com/profile_background_images/378800000020878660/dbf13b3a7133634e18d9494ed2494e25.jpeg", "screen_name": "jsmith189", "lang": "en", "profile_background_tile": true, "favourites_count": 904, "name": "Kris Jenner.", "notifications": false, "url": "http://t.co/oKM11SdmQ4", "created_at": "Tue Jan 13 06:55:57 +0000 2009", "contributors_enabled": false, "time_zone": "Perth", "protected": false, "default_profile": false, "is_translator": false}, "geo": null, "in_reply_to_user_id_str": "325076723", "lang": "en", "created_at": "Fri Aug 15 14:17:15 +0000 2014", "in_reply_to_status_id_str": "500284699546517505", "place": null}
