{"contributors":null,"truncated":false,"text":"@zellieimani @YourAnonCentral Because it shows Brown negatively. The real issue is: Why did a cop shoot and kill an unarmed man, hands up?","in_reply_to_status_id":500284699546517505,"id":500299056934289408,"favorite_count":0,"source":"<a href=\"http:\/\/twitter.com\/#!\/download\/ipad\" rel=\"nofollow\">Twitter for iPad<\/a>","retweeted":false,"coordinates":null,"entities":{"symbols":[],"user_mentions":[{"id":325076723,"indices":[0,12],"id_str":"325076723","screen_name":"zellieimani","name":"zellie"},{"id":373157754,"indices":[13,29],"id_str":"373157754","screen_name":"YourAnonCentral","name":"Anonymous"}],"hashtags":[],"urls":[]},"in_reply_to_screen_name":"zellieimani","id_str":"500299056934289408","retweet_count":0,"in_reply_to_user_id":325076723,"favorited":false,"user":{"follow_request_sent":false,"profile_use_background_image":true,"default_profile_image":false,"id":18277208,"profile_background_image_url_https":"https:\/\/abs.twimg.com\/images\/themes\/theme17\/bg.gif","verified":false,"profile_text_color":"333333","profile_image_url_https":"https:\/\/pbs.twimg.com\/profile_images\/577486467397656576\/-nADVPsZ_normal.jpeg","profile_sidebar_fill_color":"E6F6F9","entities":{"description":{"urls":[]}},"followers_count":110,"profile_sidebar_border_color":"DBE9ED","id_str":"18277208","profile_background_color":"DBE9ED","listed_count":1,"is_translation_enabled":false,"utc_offset":-14400,"statuses_count":2348,"description":"","friends_count":552,"location":"","profile_link_color":"2F6900","profile_image_url":"http:\/\/pbs.twimg.com\/profile_images\/577486467397656576\/-nADVPsZ_normal.jpeg","following":false,"geo_enabled":true,"profile_banner_url":"https:\/\/pbs.twimg.com\/profile_banners\/18277208\/1398255201","profile_background_image_url":"http:\/\/abs.twimg.com\/images\/themes\/theme17\/bg.gif","screen_name":"genefoxjr","lang":"en","profile_background_tile":false,"favourites_count":750,"name":"genefoxjr","notifications":false,"url":null,"created_at":"Sun Dec 21 02:16:47 +0000 2008","contributors_enabled":false,"time_zone":"Eastern Time (US & Canada)","protected":false,"default_profile":false,"is_translator":false},"geo":null,"in_reply_to_user_id_str":"325076723","lang":"en","created_at":"Fri Aug 15 15:12:44 +0000 2014","in_reply_to_status_id_str":"500284699546517505","place":null}