{"contributors":null,"truncated":false,"text":"@zellieimani It's easier to manipulate pictures than a video.","in_reply_to_status_id":500284699546517505,"id":500285141370298368,"favorite_count":1,"source":"<a href=\"http:\/\/twitter.com\" rel=\"nofollow\">Twitter Web Client<\/a>","retweeted":false,"coordinates":null,"entities":{"symbols":[],"user_mentions":[{"id":325076723,"indices":[0,12],"id_str":"325076723","screen_name":"zellieimani","name":"zellie"}],"hashtags":[],"urls":[]},"in_reply_to_screen_name":"zellieimani","id_str":"500285141370298368","retweet_count":1,"in_reply_to_user_id":325076723,"favorited":false,"user":{"follow_request_sent":false,"profile_use_background_image":true,"default_profile_image":false,"id":116038947,"profile_background_image_url_https":"https:\/\/abs.twimg.com\/images\/themes\/theme2\/bg.gif","verified":false,"profile_text_color":"663B12","profile_image_url_https":"https:\/\/pbs.twimg.com\/profile_images\/574166983224127488\/n9-jS4FQ_normal.jpeg","profile_sidebar_fill_color":"DAECF4","entities":{"description":{"urls":[]}},"followers_count":176,"profile_sidebar_border_color":"C6E2EE","id_str":"116038947","profile_background_color":"C6E2EE","listed_count":1,"is_translation_enabled":false,"utc_offset":-7200,"statuses_count":22152,"description":"","friends_count":164,"location":"France","profile_link_color":"1F98C7","profile_image_url":"http:\/\/pbs.twimg.com\/profile_images\/574166983224127488\/n9-jS4FQ_normal.jpeg","following":false,"geo_enabled":false,"profile_background_image_url":"http:\/\/abs.twimg.com\/images\/themes\/theme2\/bg.gif","screen_name":"damourparamour","lang":"fr","profile_background_tile":false,"favourites_count":181,"name":"Amouramour","notifications":false,"url":null,"created_at":"Sat Feb 20 22:56:54 +0000 2010","contributors_enabled":false,"time_zone":"Greenland","protected":false,"default_profile":false,"is_translator":false},"geo":null,"in_reply_to_user_id_str":"325076723","lang":"en","created_at":"Fri Aug 15 14:17:27 +0000 2014","in_reply_to_status_id_str":"500284699546517505","place":null}