{"contributors":null,"truncated":false,"text":"\u201c@jsmith189 Video manipulation takes time. RT @zellieimani If there's surveillance of a robbery why release stills &amp; not video? #Ferguson.\u201d","in_reply_to_status_id":500285091394764801,"id":500286862255464448,"favorite_count":0,"source":"<a href=\"http:\/\/twitter.com\/download\/iphone\" rel=\"nofollow\">Twitter for iPhone<\/a>","retweeted":false,"coordinates":null,"entities":{"symbols":[],"user_mentions":[{"id":18931723,"indices":[1,11],"id_str":"18931723","screen_name":"jsmith189","name":"Kris Jenner."},{"id":325076723,"indices":[46,58],"id_str":"325076723","screen_name":"zellieimani","name":"zellie"}],"hashtags":[{"indices":[132,141],"text":"Ferguson"}],"urls":[]},"in_reply_to_screen_name":"jsmith189","id_str":"500286862255464448","retweet_count":1,"in_reply_to_user_id":18931723,"favorited":false,"user":{"follow_request_sent":false,"profile_use_background_image":true,"default_profile_image":false,"id":28010994,"profile_background_image_url_https":"https:\/\/pbs.twimg.com\/profile_background_images\/654720486\/6vv2eggkq2b85uwkeuez.jpeg","verified":false,"profile_text_color":"F0AB7D","profile_image_url_https":"https:\/\/pbs.twimg.com\/profile_images\/527414433195499520\/iKgPLMiX_normal.jpeg","profile_sidebar_fill_color":"050505","entities":{"description":{"urls":[]}},"followers_count":732,"profile_sidebar_border_color":"030000","id_str":"28010994","profile_background_color":"7A0A0A","listed_count":14,"is_translation_enabled":false,"utc_offset":-14400,"statuses_count":55246,"description":". An Acquired Taste | [NOWSHATP]: No One Woman Should Have All This Power | DELTA Don DIVA . . . Welcome to the Queendom .","friends_count":688,"location":"Incognita.","profile_link_color":"6E0F09","profile_image_url":"http:\/\/pbs.twimg.com\/profile_images\/527414433195499520\/iKgPLMiX_normal.jpeg","following":false,"geo_enabled":true,"profile_banner_url":"https:\/\/pbs.twimg.com\/profile_banners\/28010994\/1348430583","profile_background_image_url":"http:\/\/pbs.twimg.com\/profile_background_images\/654720486\/6vv2eggkq2b85uwkeuez.jpeg","screen_name":"MoxieGolightly_","lang":"en","profile_background_tile":true,"favourites_count":5711,"name":"La Do\u00f1a.","notifications":false,"url":null,"created_at":"Wed Apr 01 00:52:56 +0000 2009","contributors_enabled":false,"time_zone":"Eastern Time (US & Canada)","protected":false,"default_profile":false,"is_translator":false},"geo":null,"in_reply_to_user_id_str":"18931723","lang":"en","created_at":"Fri Aug 15 14:24:17 +0000 2014","in_reply_to_status_id_str":"500285091394764801","place":null}