{"contributors": null, "truncated": false, "text": "@zellieimani That's what you got from those looks like some1 pushing an old lady around.... no?", "in_reply_to_status_id": 500284699546517505, "id": 500286352605577218, "favorite_count": 0, "source": "<a href=\"http://twitter.com\" rel=\"nofollow\">Twitter Web Client</a>", "retweeted": false, "coordinates": null, "entities": {"symbols": [], "user_mentions": [{"id": 325076723, "indices": [0, 12], "id_str": "325076723", "screen_name": "zellieimani", "name": "zellie"}], "hashtags": [], "urls": []}, "in_reply_to_screen_name": "zellieimani", "id_str": "500286352605577218", "retweet_count": 0, "in_reply_to_user_id": 325076723, "favorited": false, "user": {"follow_request_sent": false, "profile_use_background_image": true, "default_profile_image": true, "id": 464329417, "profile_background_image_url_https": "https://abs.twimg.com/images/themes/theme1/bg.png", "verified": false, "profile_text_color": "333333", "profile_image_url_https": "https://abs.twimg.com/sticky/default_profile_images/default_profile_6_normal.png", "profile_sidebar_fill_color": "DDEEF6", "entities": {"description": {"urls": []}}, "followers_count": 143, "profile_sidebar_border_color": "C0DEED", "id_str": "464329417", "profile_background_color": "C0DEED", "listed_count": 2, "is_translation_enabled": false, "utc_offset": null, "statuses_count": 4082, "description": "I'll never understand so much.... The weak will always be weak until they're weak no more!", "friends_count": 200, "location": "", "profile_link_color": "0600B3", "profile_image_url": "http://abs.twimg.com/sticky/default_profile_images/default_profile_6_normal.png", "following": false, "geo_enabled": false, "profile_background_image_url": "http://abs.twimg.com/images/themes/theme1/bg.png", "screen_name": "CRAZYONSI", "lang": "en", "profile_background_tile": false, "favourites_count": 280, "name": "Mike", "notifications": false, "url": null, "created_at": "Sun Jan 15 03:33:58 +0000 2012", "contributors_enabled": false, "time_zone": null, "protected": false, "default_profile": false, "is_translator": false}, "geo": null, "in_reply_to_user_id_str": "325076723", "lang": "en", "created_at": "Fri Aug 15 14:22:15 +0000 2014", "in_reply_to_status_id_str": "500284699546517505", "place": null}
