{"contributors": null, "truncated": false, "text": "To not telegraph their court case \u201c@zellieimani: If there is surveillance of a robbery why release stills and not video itself? #Ferguson\u201d", "in_reply_to_status_id": 500284699546517505, "id": 500286154944827392, "favorite_count": 0, "source": "<a href=\"http://twitter.com/download/iphone\" rel=\"nofollow\">Twitter for iPhone</a>", "retweeted": false, "coordinates": null, "entities": {"symbols": [], "user_mentions": [{"id": 325076723, "indices": [35, 47], "id_str": "325076723", "screen_name": "zellieimani", "name": "zellie"}], "hashtags": [{"indices": [128, 137], "text": "Ferguson"}], "urls": []}, "in_reply_to_screen_name": "zellieimani", "id_str": "500286154944827392", "retweet_count": 0, "in_reply_to_user_id": 325076723, "favorited": false, "user": {"follow_request_sent": false, "profile_use_background_image": true, "default_profile_image": false, "id": 161185849, "profile_background_image_url_https": "https://abs.twimg.com/images/themes/theme1/bg.png", "verified": false, "profile_text_color": "333333", "profile_image_url_https": "https://pbs.twimg.com/profile_images/3569325027/66fbd17c72b8ad598e07a9d724ab4cdc_normal.jpeg", "profile_sidebar_fill_color": "DDEEF6", "entities": {"description": {"urls": []}}, "followers_count": 10471, "profile_sidebar_border_color": "C0DEED", "id_str": "161185849", "profile_background_color": "C0DEED", "listed_count": 71, "is_translation_enabled": false, "utc_offset": -18000, "statuses_count": 29334, "description": "Don't make me kick your ass. Heh heh.", "friends_count": 8922, "location": "New York City", "profile_link_color": "0084B4", "profile_image_url": "http://pbs.twimg.com/profile_images/3569325027/66fbd17c72b8ad598e07a9d724ab4cdc_normal.jpeg", "following": false, "geo_enabled": true, "profile_banner_url": "https://pbs.twimg.com/profile_banners/161185849/1366815623", "profile_background_image_url": "http://abs.twimg.com/images/themes/theme1/bg.png", "screen_name": "snarkbox", "lang": "en", "profile_background_tile": false, "favourites_count": 8253, "name": "Beavis H. Presley", "notifications": false, "url": null, "created_at": "Wed Jun 30 05:49:11 +0000 2010", "contributors_enabled": false, "time_zone": "Quito", "protected": false, "default_profile": true, "is_translator": false}, "geo": null, "in_reply_to_user_id_str": "325076723", "lang": "en", "created_at": "Fri Aug 15 14:21:28 +0000 2014", "in_reply_to_status_id_str": "500284699546517505", "place": null}
