{"contributors": null, "truncated": false, "text": "@LashawnaTaylor @zellieimani look at the shoes", "in_reply_to_status_id": 500286059885125632, "id": 500297607475105792, "favorite_count": 0, "source": "<a href=\"http://twitter.com/#!/download/ipad\" rel=\"nofollow\">Twitter for iPad</a>", "retweeted": false, "coordinates": null, "entities": {"symbols": [], "user_mentions": [{"id": 829772538, "indices": [0, 15], "id_str": "829772538", "screen_name": "LashawnaTaylor", "name": "Lashawna Taylor"}, {"id": 325076723, "indices": [16, 28], "id_str": "325076723", "screen_name": "zellieimani", "name": "zellie"}], "hashtags": [], "urls": []}, "in_reply_to_screen_name": "LashawnaTaylor", "id_str": "500297607475105792", "retweet_count": 0, "in_reply_to_user_id": 829772538, "favorited": false, "user": {"follow_request_sent": false, "profile_use_background_image": true, "default_profile_image": true, "id": 390147741, "profile_background_image_url_https": "https://abs.twimg.com/images/themes/theme1/bg.png", "verified": false, "profile_text_color": "333333", "profile_image_url_https": "https://abs.twimg.com/sticky/default_profile_images/default_profile_4_normal.png", "profile_sidebar_fill_color": "DDEEF6", "entities": {"description": {"urls": []}}, "followers_count": 158, "profile_sidebar_border_color": "C0DEED", "id_str": "390147741", "profile_background_color": "C0DEED", "listed_count": 4, "is_translation_enabled": false, "utc_offset": null, "statuses_count": 9096, "description": "", "friends_count": 1285, "location": "", "profile_link_color": "0084B4", "profile_image_url": "http://abs.twimg.com/sticky/default_profile_images/default_profile_4_normal.png", "following": false, "geo_enabled": false, "profile_background_image_url": "http://abs.twimg.com/images/themes/theme1/bg.png", "screen_name": "gig_42", "lang": "en", "profile_background_tile": false, "favourites_count": 1384, "name": "gail casineau", "notifications": false, "url": null, "created_at": "Thu Oct 13 14:49:53 +0000 2011", "contributors_enabled": false, "time_zone": null, "protected": false, "default_profile": true, "is_translator": false}, "geo": null, "in_reply_to_user_id_str": "829772538", "lang": "en", "created_at": "Fri Aug 15 15:06:59 +0000 2014", "in_reply_to_status_id_str": "500286059885125632", "place": null}
