{"contributors": null, "truncated": false, "text": "@jsmith189 @zellieimani why is that even relevant?!", "in_reply_to_status_id": 500285091394764801, "id": 500285436527661056, "favorite_count": 2, "source": "<a href=\"https://about.twitter.com/products/tweetdeck\" rel=\"nofollow\">TweetDeck</a>", "retweeted": false, "coordinates": null, "entities": {"symbols": [], "user_mentions": [{"id": 18931723, "indices": [0, 10], "id_str": "18931723", "screen_name": "jsmith189", "name": "Kris Jenner."}, {"id": 325076723, "indices": [11, 23], "id_str": "325076723", "screen_name": "zellieimani", "name": "zellie"}], "hashtags": [], "urls": []}, "in_reply_to_screen_name": "jsmith189", "id_str": "500285436527661056", "retweet_count": 0, "in_reply_to_user_id": 18931723, "favorited": false, "user": {"follow_request_sent": false, "profile_use_background_image": true, "default_profile_image": false, "id": 297357336, "profile_background_image_url_https": "https://pbs.twimg.com/profile_background_images/378800000162437416/D9aPDOBC.jpeg", "verified": false, "profile_text_color": "3D1957", "profile_image_url_https": "https://pbs.twimg.com/profile_images/502555882211647488/K27BWSu8_normal.jpeg", "profile_sidebar_fill_color": "7AC3EE", "entities": {"description": {"urls": []}}, "followers_count": 955, "profile_sidebar_border_color": "FFFFFF", "id_str": "297357336", "profile_background_color": "030303", "listed_count": 33, "is_translation_enabled": false, "utc_offset": 10800, "statuses_count": 14435, "description": "", "friends_count": 422, "location": "", "profile_link_color": "B408CF", "profile_image_url": "http://pbs.twimg.com/profile_images/502555882211647488/K27BWSu8_normal.jpeg", "following": false, "geo_enabled": false, "profile_banner_url": "https://pbs.twimg.com/profile_banners/297357336/1405270555", "profile_background_image_url": "http://pbs.twimg.com/profile_background_images/378800000162437416/D9aPDOBC.jpeg", "screen_name": "Feather_or", "lang": "en", "profile_background_tile": false, "favourites_count": 387, "name": "Jeanne de Clisson", "notifications": false, "url": null, "created_at": "Thu May 12 11:33:21 +0000 2011", "contributors_enabled": false, "time_zone": "Athens", "protected": false, "default_profile": false, "is_translator": false}, "geo": null, "in_reply_to_user_id_str": "18931723", "lang": "en", "created_at": "Fri Aug 15 14:18:37 +0000 2014", "in_reply_to_status_id_str": "500285091394764801", "place": null}
