{"contributors":null,"truncated":false,"text":"@zellieimani maybe they will do like 911 and cut out frames","in_reply_to_status_id":500284699546517505,"id":500286470150967296,"favorite_count":0,"source":"<a href=\"http:\/\/twitter.com\/download\/android\" rel=\"nofollow\">Twitter for Android<\/a>","retweeted":false,"coordinates":null,"entities":{"symbols":[],"user_mentions":[{"id":325076723,"indices":[0,12],"id_str":"325076723","screen_name":"zellieimani","name":"zellie"}],"hashtags":[],"urls":[]},"in_reply_to_screen_name":"zellieimani","id_str":"500286470150967296","retweet_count":0,"in_reply_to_user_id":325076723,"favorited":false,"user":{"follow_request_sent":false,"profile_use_background_image":true,"default_profile_image":false,"id":2516782418,"profile_background_image_url_https":"https:\/\/abs.twimg.com\/images\/themes\/theme1\/bg.png","verified":false,"profile_text_color":"333333","profile_image_url_https":"https:\/\/pbs.twimg.com\/profile_images\/580631966107742208\/yJWkzpd4_normal.jpg","profile_sidebar_fill_color":"DDEEF6","entities":{"description":{"urls":[]}},"followers_count":79,"profile_sidebar_border_color":"C0DEED","id_str":"2516782418","profile_background_color":"C0DEED","listed_count":0,"is_translation_enabled":false,"utc_offset":null,"statuses_count":2335,"description":"","friends_count":281,"location":"","profile_link_color":"0084B4","profile_image_url":"http:\/\/pbs.twimg.com\/profile_images\/580631966107742208\/yJWkzpd4_normal.jpg","following":false,"geo_enabled":true,"profile_banner_url":"https:\/\/pbs.twimg.com\/profile_banners\/2516782418\/1410736247","profile_background_image_url":"http:\/\/abs.twimg.com\/images\/themes\/theme1\/bg.png","screen_name":"RobertPersuad","lang":"en","profile_background_tile":false,"favourites_count":25,"name":"Robert Persuad","notifications":false,"url":null,"created_at":"Fri May 23 01:27:56 +0000 2014","contributors_enabled":false,"time_zone":null,"protected":false,"default_profile":true,"is_translator":false},"geo":null,"in_reply_to_user_id_str":"325076723","lang":"en","created_at":"Fri Aug 15 14:22:44 +0000 2014","in_reply_to_status_id_str":"500284699546517505","place":null}