{"contributors":null,"truncated":false,"text":"@gig_42 @zellieimani doesn't justify him getting shot several times.","in_reply_to_status_id":500297607475105792,"id":500297892511633408,"favorite_count":0,"source":"<a href=\"http:\/\/twitter.com\/download\/iphone\" rel=\"nofollow\">Twitter for iPhone<\/a>","retweeted":false,"coordinates":null,"entities":{"symbols":[],"user_mentions":[{"id":390147741,"indices":[0,7],"id_str":"390147741","screen_name":"gig_42","name":"gail casineau"},{"id":325076723,"indices":[8,20],"id_str":"325076723","screen_name":"zellieimani","name":"zellie"}],"hashtags":[],"urls":[]},"in_reply_to_screen_name":"gig_42","id_str":"500297892511633408","retweet_count":0,"in_reply_to_user_id":390147741,"favorited":false,"user":{"follow_request_sent":false,"profile_use_background_image":true,"default_profile_image":false,"id":829772538,"profile_background_image_url_https":"https:\/\/abs.twimg.com\/images\/themes\/theme1\/bg.png","verified":false,"profile_text_color":"333333","profile_image_url_https":"https:\/\/pbs.twimg.com\/profile_images\/558453139922112513\/A8bIk2O8_normal.jpeg","profile_sidebar_fill_color":"DDEEF6","entities":{"description":{"urls":[]}},"followers_count":272,"profile_sidebar_border_color":"C0DEED","id_str":"829772538","profile_background_color":"C0DEED","listed_count":1,"is_translation_enabled":false,"utc_offset":null,"statuses_count":5203,"description":"Where is fancy bread, in the heart or in the head?","friends_count":271,"location":"Irvine, Ca","profile_link_color":"0084B4","profile_image_url":"http:\/\/pbs.twimg.com\/profile_images\/558453139922112513\/A8bIk2O8_normal.jpeg","following":false,"geo_enabled":false,"profile_banner_url":"https:\/\/pbs.twimg.com\/profile_banners\/829772538\/1374795351","profile_background_image_url":"http:\/\/abs.twimg.com\/images\/themes\/theme1\/bg.png","screen_name":"LashawnaTaylor","lang":"en","profile_background_tile":false,"favourites_count":10567,"name":"Lashawna Taylor","notifications":false,"url":null,"created_at":"Mon Sep 17 20:42:43 +0000 2012","contributors_enabled":false,"time_zone":null,"protected":false,"default_profile":true,"is_translator":false},"geo":null,"in_reply_to_user_id_str":"390147741","lang":"en","created_at":"Fri Aug 15 15:08:07 +0000 2014","in_reply_to_status_id_str":"500297607475105792","place":null}