{"contributors": null, "truncated": false, "text": "@zellieimani they did release the video..up to the journalists to post them  @syndicalisms", "in_reply_to_status_id": 500284699546517505, "id": 500285913906565120, "favorite_count": 0, "source": "<a href=\"http://twitter.com\" rel=\"nofollow\">Twitter Web Client</a>", "retweeted": false, "coordinates": null, "entities": {"symbols": [], "user_mentions": [{"id": 325076723, "indices": [0, 12], "id_str": "325076723", "screen_name": "zellieimani", "name": "zellie"}, {"id": 974735124, "indices": [77, 90], "id_str": "974735124", "screen_name": "syndicalisms", "name": "\u0455ynd\u03b9cal\u03b9\u0455\u0442"}], "hashtags": [], "urls": []}, "in_reply_to_screen_name": "zellieimani", "id_str": "500285913906565120", "retweet_count": 0, "in_reply_to_user_id": 325076723, "favorited": false, "user": {"follow_request_sent": false, "profile_use_background_image": true, "default_profile_image": false, "id": 725173022, "profile_background_image_url_https": "https://abs.twimg.com/images/themes/theme14/bg.gif", "verified": false, "profile_text_color": "333333", "profile_image_url_https": "https://pbs.twimg.com/profile_images/501412174820945921/AmUCLe8Z_normal.jpeg", "profile_sidebar_fill_color": "EFEFEF", "entities": {"url": {"urls": [{"url": "http://t.co/20dOzR0FnQ", "indices": [0, 22], "expanded_url": "http://www.re-newsit.com", "display_url": "re-newsit.com"}]}, "description": {"urls": []}}, "followers_count": 3074, "profile_sidebar_border_color": "EEEEEE", "id_str": "725173022", "profile_background_color": "131516", "listed_count": 19, "is_translation_enabled": false, "utc_offset": -14400, "statuses_count": 11082, "description": "If bullshit were music, Benjamin Crump would be a brass band.", "friends_count": 1274, "location": " Christian, Libertarian ", "profile_link_color": "009999", "profile_image_url": "http://pbs.twimg.com/profile_images/501412174820945921/AmUCLe8Z_normal.jpeg", "following": false, "geo_enabled": false, "profile_banner_url": "https://pbs.twimg.com/profile_banners/725173022/1410934025", "profile_background_image_url": "http://abs.twimg.com/images/themes/theme14/bg.gif", "screen_name": "Re_Newsit", "lang": "en", "profile_background_tile": true, "favourites_count": 2308, "name": "Re-news It", "notifications": false, "url": "http://t.co/20dOzR0FnQ", "created_at": "Mon Jul 30 03:20:47 +0000 2012", "contributors_enabled": false, "time_zone": "Eastern Time (US & Canada)", "protected": false, "default_profile": false, "is_translator": false}, "geo": null, "in_reply_to_user_id_str": "325076723", "lang": "en", "created_at": "Fri Aug 15 14:20:31 +0000 2014", "in_reply_to_status_id_str": "500284699546517505", "place": null}
