{"contributors": null, "truncated": false, "text": "@zellieimani It doesn't matter. The cop shouldn't have killed him. Also, I'd like to see the damn injuries the wussy cop had.", "in_reply_to_status_id": 500284699546517505, "id": 500365550351290371, "favorite_count": 0, "source": "<a href=\"http://twitter.com\" rel=\"nofollow\">Twitter Web Client</a>", "retweeted": false, "coordinates": null, "entities": {"symbols": [], "user_mentions": [{"id": 325076723, "indices": [0, 12], "id_str": "325076723", "screen_name": "zellieimani", "name": "zellie"}], "hashtags": [], "urls": []}, "in_reply_to_screen_name": "zellieimani", "id_str": "500365550351290371", "retweet_count": 0, "in_reply_to_user_id": 325076723, "favorited": false, "user": {"follow_request_sent": false, "profile_use_background_image": false, "default_profile_image": false, "id": 1457834712, "profile_background_image_url_https": "https://pbs.twimg.com/profile_background_images/489368445419405312/ZtlpHfHQ.jpeg", "verified": false, "profile_text_color": "4A66C1", "profile_image_url_https": "https://pbs.twimg.com/profile_images/344513261567590353/37287f7d27a50fce8684aaeb7163a127_normal.jpeg", "profile_sidebar_fill_color": "0E0E0E", "entities": {"description": {"urls": []}}, "followers_count": 494, "profile_sidebar_border_color": "4A66C1", "id_str": "1457834712", "profile_background_color": "000000", "listed_count": 11, "is_translation_enabled": false, "utc_offset": -10800, "statuses_count": 11238, "description": "(former) DoD Intelligence Analyst that got blacklisted for asserting my civil rights as a woman.", "friends_count": 1257, "location": "", "profile_link_color": "B8C5C6", "profile_image_url": "http://pbs.twimg.com/profile_images/344513261567590353/37287f7d27a50fce8684aaeb7163a127_normal.jpeg", "following": false, "geo_enabled": true, "profile_banner_url": "https://pbs.twimg.com/profile_banners/1457834712/1410485426", "profile_background_image_url": "http://pbs.twimg.com/profile_background_images/489368445419405312/ZtlpHfHQ.jpeg", "screen_name": "bugaboob", "lang": "en", "profile_background_tile": false, "favourites_count": 2003, "name": "Bugaboob", "notifications": false, "url": null, "created_at": "Sat May 25 19:29:14 +0000 2013", "contributors_enabled": false, "time_zone": "Atlantic Time (Canada)", "protected": false, "default_profile": false, "is_translator": false}, "geo": null, "in_reply_to_user_id_str": "325076723", "lang": "en", "created_at": "Fri Aug 15 19:36:58 +0000 2014", "in_reply_to_status_id_str": "500284699546517505", "place": null}
