{"contributors":null,"truncated":false,"text":"\u201c@MichaelSkolnik: Witness: Police allegedly stopped Mike Brown after yelling at him to walk on sidewalk. #Ferguson http:\/\/t.co\/TYdMSNxGlo\u201d","in_reply_to_status_id":498430783699554305,"id":498474828278804481,"favorite_count":1,"source":"<a href=\"http:\/\/twitter.com\/download\/iphone\" rel=\"nofollow\">Twitter for iPhone<\/a>","retweeted":false,"coordinates":null,"entities":{"symbols":[],"user_mentions":[{"id":24165761,"indices":[1,16],"id_str":"24165761","screen_name":"MichaelSkolnik","name":"Michael Skolnik"}],"hashtags":[{"indices":[105,114],"text":"Ferguson"}],"urls":[],"media":[{"source_status_id_str":"498430783699554305","expanded_url":"http:\/\/twitter.com\/MichaelSkolnik\/status\/498430783699554305\/photo\/1","display_url":"pic.twitter.com\/TYdMSNxGlo","url":"http:\/\/t.co\/TYdMSNxGlo","media_url_https":"https:\/\/pbs.twimg.com\/media\/BurIKArCIAE5fz_.jpg","source_status_id":498430783699554305,"id_str":"498430783082602497","sizes":{"large":{"h":817,"resize":"fit","w":612},"small":{"h":454,"resize":"fit","w":340},"medium":{"h":801,"resize":"fit","w":600},"thumb":{"h":150,"resize":"crop","w":150}},"indices":[115,137],"type":"photo","id":498430783082602497,"media_url":"http:\/\/pbs.twimg.com\/media\/BurIKArCIAE5fz_.jpg"}]},"in_reply_to_screen_name":"MichaelSkolnik","id_str":"498474828278804481","retweet_count":1,"in_reply_to_user_id":24165761,"favorited":false,"user":{"follow_request_sent":false,"profile_use_background_image":true,"default_profile_image":false,"id":2437432268,"profile_background_image_url_https":"https:\/\/abs.twimg.com\/images\/themes\/theme5\/bg.gif","verified":false,"profile_text_color":"3E4415","profile_image_url_https":"https:\/\/pbs.twimg.com\/profile_images\/590528793900625920\/mD3PEpvD_normal.jpg","profile_sidebar_fill_color":"99CC33","entities":{"description":{"urls":[{"url":"http:\/\/t.co\/vl8QVrC8QG","indices":[55,77],"expanded_url":"http:\/\/youtu.be\/dHHJGEeCLSo","display_url":"youtu.be\/dHHJGEeCLSo"},{"url":"http:\/\/t.co\/KHtoiDbpVs","indices":[80,102],"expanded_url":"http:\/\/youtu.be\/lc9MzCcmNCU","display_url":"youtu.be\/lc9MzCcmNCU"}]}},"followers_count":240,"profile_sidebar_border_color":"829D5E","id_str":"2437432268","profile_background_color":"352726","listed_count":4,"is_translation_enabled":false,"utc_offset":null,"statuses_count":7745,"description":"In God we trust; all others must bring data. \\_(\u30c4)_\/\u00af. http:\/\/t.co\/vl8QVrC8QG & http:\/\/t.co\/KHtoiDbpVs","friends_count":1072,"location":"","profile_link_color":"D02B55","profile_image_url":"http:\/\/pbs.twimg.com\/profile_images\/590528793900625920\/mD3PEpvD_normal.jpg","following":false,"geo_enabled":false,"profile_banner_url":"https:\/\/pbs.twimg.com\/profile_banners\/2437432268\/1402487649","profile_background_image_url":"http:\/\/abs.twimg.com\/images\/themes\/theme5\/bg.gif","screen_name":"DrLMPonte","lang":"en","profile_background_tile":false,"favourites_count":1809,"name":"Dr Luiza Marie Ponte","notifications":false,"url":null,"created_at":"Thu Apr 10 19:29:57 +0000 2014","contributors_enabled":false,"time_zone":null,"protected":false,"default_profile":false,"is_translator":false},"geo":null,"in_reply_to_user_id_str":"24165761","possibly_sensitive":false,"lang":"en","created_at":"Sun Aug 10 14:23:54 +0000 2014","in_reply_to_status_id_str":"498430783699554305","place":null,"extended_entities":{"media":[{"source_status_id_str":"498430783699554305","expanded_url":"http:\/\/twitter.com\/MichaelSkolnik\/status\/498430783699554305\/photo\/1","display_url":"pic.twitter.com\/TYdMSNxGlo","url":"http:\/\/t.co\/TYdMSNxGlo","media_url_https":"https:\/\/pbs.twimg.com\/media\/BurIKArCIAE5fz_.jpg","source_status_id":498430783699554305,"id_str":"498430783082602497","sizes":{"large":{"h":817,"resize":"fit","w":612},"small":{"h":454,"resize":"fit","w":340},"medium":{"h":801,"resize":"fit","w":600},"thumb":{"h":150,"resize":"crop","w":150}},"indices":[115,137],"type":"photo","id":498430783082602497,"media_url":"http:\/\/pbs.twimg.com\/media\/BurIKArCIAE5fz_.jpg"}]}}