{"contributors": null, "truncated": false, "text": "@MichaelSkolnik @AC_BOwen #Cleveland Any Excuse Will Do.\nIn A Police Chase 11-29-12~#2UnarmedBLACKS #MURDERED \nBy #13RACISTCOPS #137GUNSHOTS", "in_reply_to_status_id": 498430783699554305, "id": 498451864112074752, "favorite_count": 0, "source": "<a href=\"http://twitter.com\" rel=\"nofollow\">Twitter Web Client</a>", "retweeted": false, "coordinates": null, "entities": {"symbols": [], "user_mentions": [{"id": 24165761, "indices": [0, 15], "id_str": "24165761", "screen_name": "MichaelSkolnik", "name": "Michael Skolnik"}, {"id": 834370586, "indices": [16, 25], "id_str": "834370586", "screen_name": "AC_BOwen", "name": "A\u10e6anda"}], "hashtags": [{"indices": [26, 36], "text": "Cleveland"}, {"indices": [84, 99], "text": "2UnarmedBLACKS"}, {"indices": [100, 109], "text": "MURDERED"}, {"indices": [114, 127], "text": "13RACISTCOPS"}, {"indices": [128, 140], "text": "137GUNSHOTS"}], "urls": []}, "in_reply_to_screen_name": "MichaelSkolnik", "id_str": "498451864112074752", "retweet_count": 0, "in_reply_to_user_id": 24165761, "favorited": false, "user": {"follow_request_sent": false, "profile_use_background_image": true, "default_profile_image": false, "id": 402355096, "profile_background_image_url_https": "https://pbs.twimg.com/profile_background_images/450171110521188352/0T49sPTM.jpeg", "verified": false, "profile_text_color": "333333", "profile_image_url_https": "https://pbs.twimg.com/profile_images/425824906430132224/RU7ZIwQV_normal.png", "profile_sidebar_fill_color": "DDEEF6", "entities": {"description": {"urls": []}}, "followers_count": 6711, "profile_sidebar_border_color": "FFFFFF", "id_str": "402355096", "profile_background_color": "DAEAEB", "listed_count": 165, "is_translation_enabled": false, "utc_offset": -14400, "statuses_count": 79547, "description": "Liberals Let's Do This~All Votes Will Be Needed.There Will Be No Do Overs.The\r\n#GOPMustGo #GOPHungerGames #NoUnemploymentExtension #GOPDontCARE!\r\n#WeVoteDems!", "friends_count": 5849, "location": "No #RWNJS Zone!", "profile_link_color": "9336D6", "profile_image_url": "http://pbs.twimg.com/profile_images/425824906430132224/RU7ZIwQV_normal.png", "following": false, "geo_enabled": false, "profile_banner_url": "https://pbs.twimg.com/profile_banners/402355096/1390248273", "profile_background_image_url": "http://pbs.twimg.com/profile_background_images/450171110521188352/0T49sPTM.jpeg", "screen_name": "Progress4Ohio", "lang": "en", "profile_background_tile": false, "favourites_count": 38217, "name": "Jazzmine D. McKnight", "notifications": false, "url": null, "created_at": "Mon Oct 31 23:06:43 +0000 2011", "contributors_enabled": false, "time_zone": "Eastern Time (US & Canada)", "protected": false, "default_profile": false, "is_translator": false}, "geo": null, "in_reply_to_user_id_str": "24165761", "lang": "en", "created_at": "Sun Aug 10 12:52:39 +0000 2014", "in_reply_to_status_id_str": "498430783699554305", "place": null}
