{"contributors": null, "truncated": false, "text": "Another win for the gene pool @MichaelSkolnik", "in_reply_to_status_id": 498430783699554305, "id": 498433698149056513, "favorite_count": 0, "source": "<a href=\"http://twitter.com/download/iphone\" rel=\"nofollow\">Twitter for iPhone</a>", "retweeted": false, "coordinates": null, "entities": {"symbols": [], "user_mentions": [{"id": 24165761, "indices": [30, 45], "id_str": "24165761", "screen_name": "MichaelSkolnik", "name": "Michael Skolnik"}], "hashtags": [], "urls": []}, "in_reply_to_screen_name": "MichaelSkolnik", "id_str": "498433698149056513", "retweet_count": 0, "in_reply_to_user_id": 24165761, "favorited": false, "user": {"follow_request_sent": false, "profile_use_background_image": true, "default_profile_image": false, "id": 2285764364, "profile_background_image_url_https": "https://abs.twimg.com/images/themes/theme1/bg.png", "verified": false, "profile_text_color": "333333", "profile_image_url_https": "https://pbs.twimg.com/profile_images/493680503891836928/CHNAWGtp_normal.jpeg", "profile_sidebar_fill_color": "DDEEF6", "entities": {"description": {"urls": []}}, "followers_count": 10, "profile_sidebar_border_color": "C0DEED", "id_str": "2285764364", "profile_background_color": "C0DEED", "listed_count": 0, "is_translation_enabled": false, "utc_offset": null, "statuses_count": 72, "description": "You know me.", "friends_count": 17, "location": "", "profile_link_color": "0084B4", "profile_image_url": "http://pbs.twimg.com/profile_images/493680503891836928/CHNAWGtp_normal.jpeg", "following": false, "geo_enabled": false, "profile_banner_url": "https://pbs.twimg.com/profile_banners/2285764364/1393049676", "profile_background_image_url": "http://abs.twimg.com/images/themes/theme1/bg.png", "screen_name": "Supreme___Power", "lang": "en", "profile_background_tile": false, "favourites_count": 24, "name": "masterplan", "notifications": false, "url": null, "created_at": "Fri Jan 10 23:14:49 +0000 2014", "contributors_enabled": false, "time_zone": null, "protected": false, "default_profile": true, "is_translator": false}, "geo": null, "in_reply_to_user_id_str": "24165761", "lang": "en", "created_at": "Sun Aug 10 11:40:28 +0000 2014", "in_reply_to_status_id_str": "498430783699554305", "place": null}
