{"contributors": null, "truncated": false, "text": "@MichaelSkolnik cool! Darkskinned man is a crime element in your village?? So, why #obama is alive yet???", "in_reply_to_status_id": 498430783699554305, "id": 498432131669192704, "favorite_count": 0, "source": "<a href=\"http://www.twitter.com\" rel=\"nofollow\">Twitter for Windows Phone</a>", "retweeted": false, "coordinates": null, "entities": {"symbols": [], "user_mentions": [{"id": 24165761, "indices": [0, 15], "id_str": "24165761", "screen_name": "MichaelSkolnik", "name": "Michael Skolnik"}], "hashtags": [{"indices": [83, 89], "text": "obama"}], "urls": []}, "in_reply_to_screen_name": "MichaelSkolnik", "id_str": "498432131669192704", "retweet_count": 1, "in_reply_to_user_id": 24165761, "favorited": false, "user": {"follow_request_sent": false, "profile_use_background_image": true, "default_profile_image": false, "id": 798151213, "profile_background_image_url_https": "https://abs.twimg.com/images/themes/theme1/bg.png", "verified": false, "profile_text_color": "333333", "profile_image_url_https": "https://pbs.twimg.com/profile_images/2603315236/lva25rwjfc6sdjceu6sk_normal.jpeg", "profile_sidebar_fill_color": "DDEEF6", "entities": {"description": {"urls": []}}, "followers_count": 44, "profile_sidebar_border_color": "C0DEED", "id_str": "798151213", "profile_background_color": "C0DEED", "listed_count": 1, "is_translation_enabled": false, "utc_offset": null, "statuses_count": 1369, "description": "Pro-Driver, Pilot, Machinegun operator. Fuck that! Do that shit! Shoot that bitch!", "friends_count": 104, "location": "Bermud, Kolhoz, RU", "profile_link_color": "0084B4", "profile_image_url": "http://pbs.twimg.com/profile_images/2603315236/lva25rwjfc6sdjceu6sk_normal.jpeg", "following": false, "geo_enabled": true, "profile_banner_url": "https://pbs.twimg.com/profile_banners/798151213/1393153886", "profile_background_image_url": "http://abs.twimg.com/images/themes/theme1/bg.png", "screen_name": "Agent_Kindi", "lang": "ru", "profile_background_tile": false, "favourites_count": 6, "name": "Agent Kindi ", "notifications": false, "url": null, "created_at": "Sun Sep 02 12:16:34 +0000 2012", "contributors_enabled": false, "time_zone": null, "protected": false, "default_profile": true, "is_translator": false}, "geo": null, "in_reply_to_user_id_str": "24165761", "lang": "en", "created_at": "Sun Aug 10 11:34:15 +0000 2014", "in_reply_to_status_id_str": "498430783699554305", "place": null}
