{"contributors":null,"truncated":false,"text":"@TimmyTurnUp @MichaelSkolnik @Agent_Kindi @Supreme___Power White guys jealous.","in_reply_to_status_id":498440508256292864,"id":498504798971650049,"favorite_count":0,"source":"<a href=\"http:\/\/twitter.com\/#!\/download\/ipad\" rel=\"nofollow\">Twitter for iPad<\/a>","retweeted":false,"coordinates":null,"entities":{"symbols":[],"user_mentions":[{"id":61934810,"indices":[0,12],"id_str":"61934810","screen_name":"TimmyTurnUp","name":"craze"},{"id":24165761,"indices":[13,28],"id_str":"24165761","screen_name":"MichaelSkolnik","name":"Michael Skolnik"},{"id":798151213,"indices":[29,41],"id_str":"798151213","screen_name":"Agent_Kindi","name":"Agent Kindi "},{"id":2285764364,"indices":[42,58],"id_str":"2285764364","screen_name":"Supreme___Power","name":"masterplan"}],"hashtags":[],"urls":[]},"in_reply_to_screen_name":"TimmyTurnUp","id_str":"498504798971650049","retweet_count":0,"in_reply_to_user_id":61934810,"favorited":false,"user":{"follow_request_sent":false,"profile_use_background_image":true,"default_profile_image":false,"id":571796080,"profile_background_image_url_https":"https:\/\/abs.twimg.com\/images\/themes\/theme1\/bg.png","verified":false,"profile_text_color":"333333","profile_image_url_https":"https:\/\/pbs.twimg.com\/profile_images\/584018254785552384\/34XE3_yy_normal.jpg","profile_sidebar_fill_color":"DDEEF6","entities":{"description":{"urls":[]}},"followers_count":709,"profile_sidebar_border_color":"C0DEED","id_str":"571796080","profile_background_color":"C0DEED","listed_count":15,"is_translation_enabled":false,"utc_offset":null,"statuses_count":21232,"description":"Stay-at-home grandmother. Be kind to yourself, it's good practice for being kind to others. Save the enviroment, save yourself. Retired from CBU.","friends_count":571,"location":"Cape Breton, Canada","profile_link_color":"0084B4","profile_image_url":"http:\/\/pbs.twimg.com\/profile_images\/584018254785552384\/34XE3_yy_normal.jpg","following":false,"geo_enabled":false,"profile_background_image_url":"http:\/\/abs.twimg.com\/images\/themes\/theme1\/bg.png","screen_name":"ValMackinnon","lang":"en","profile_background_tile":false,"favourites_count":34177,"name":"Val Mackinnon","notifications":false,"url":null,"created_at":"Sat May 05 14:32:25 +0000 2012","contributors_enabled":false,"time_zone":null,"protected":false,"default_profile":true,"is_translator":false},"geo":null,"in_reply_to_user_id_str":"61934810","lang":"en","created_at":"Sun Aug 10 16:23:00 +0000 2014","in_reply_to_status_id_str":"498440508256292864","place":null}