{"contributors":null,"truncated":false,"text":"BREAKING NEWS: According to documents released to the press, #MikeBrown was connected to an earlier robbery #Ferguson http:\/\/t.co\/LuCR9711S0","in_reply_to_status_id":null,"id":500281131057811456,"favorite_count":40,"source":"<a href=\"http:\/\/twitter.com\/download\/iphone\" rel=\"nofollow\">Twitter for iPhone<\/a>","retweeted":false,"coordinates":null,"entities":{"symbols":[],"user_mentions":[],"hashtags":[{"indices":[61,71],"text":"MikeBrown"},{"indices":[108,117],"text":"Ferguson"}],"urls":[],"media":[{"expanded_url":"http:\/\/twitter.com\/TheAnonMessage2\/status\/500281131057811456\/photo\/1","display_url":"pic.twitter.com\/LuCR9711S0","url":"http:\/\/t.co\/LuCR9711S0","media_url_https":"https:\/\/pbs.twimg.com\/media\/BvFbCYAIEAAWVm3.jpg","id_str":"500281129975681024","sizes":{"large":{"h":360,"resize":"fit","w":640},"small":{"h":191,"resize":"fit","w":340},"medium":{"h":338,"resize":"fit","w":600},"thumb":{"h":150,"resize":"crop","w":150}},"indices":[118,140],"type":"photo","id":500281129975681024,"media_url":"http:\/\/pbs.twimg.com\/media\/BvFbCYAIEAAWVm3.jpg"}]},"in_reply_to_screen_name":null,"id_str":"500281131057811456","retweet_count":105,"in_reply_to_user_id":null,"favorited":false,"user":{"follow_request_sent":false,"profile_use_background_image":true,"default_profile_image":false,"id":2725579568,"profile_background_image_url_https":"https:\/\/abs.twimg.com\/images\/themes\/theme1\/bg.png","verified":false,"profile_text_color":"333333","profile_image_url_https":"https:\/\/pbs.twimg.com\/profile_images\/501585041504616448\/dpTAXBQd_normal.jpeg","profile_sidebar_fill_color":"DDEEF6","entities":{"description":{"urls":[]}},"followers_count":18738,"profile_sidebar_border_color":"C0DEED","id_str":"2725579568","profile_background_color":"C0DEED","listed_count":90,"is_translation_enabled":false,"utc_offset":null,"statuses_count":153,"description":"YO WE HACK DIS NIGGA","friends_count":36,"location":"MIAMI","profile_link_color":"0084B4","profile_image_url":"http:\/\/pbs.twimg.com\/profile_images\/501585041504616448\/dpTAXBQd_normal.jpeg","following":false,"geo_enabled":false,"profile_banner_url":"https:\/\/pbs.twimg.com\/profile_banners\/2725579568\/1408235622","profile_background_image_url":"http:\/\/abs.twimg.com\/images\/themes\/theme1\/bg.png","screen_name":"TheAnonMessage2","lang":"en","profile_background_tile":false,"favourites_count":20,"name":"TheAnonNigga","notifications":false,"url":null,"created_at":"Tue Aug 12 06:41:41 +0000 2014","contributors_enabled":false,"time_zone":null,"protected":false,"default_profile":true,"is_translator":false},"geo":null,"in_reply_to_user_id_str":null,"possibly_sensitive":false,"lang":"en","created_at":"Fri Aug 15 14:01:31 +0000 2014","in_reply_to_status_id_str":null,"place":null,"extended_entities":{"media":[{"expanded_url":"http:\/\/twitter.com\/TheAnonMessage2\/status\/500281131057811456\/photo\/1","display_url":"pic.twitter.com\/LuCR9711S0","url":"http:\/\/t.co\/LuCR9711S0","media_url_https":"https:\/\/pbs.twimg.com\/media\/BvFbCYAIEAAWVm3.jpg","id_str":"500281129975681024","sizes":{"large":{"h":360,"resize":"fit","w":640},"small":{"h":191,"resize":"fit","w":340},"medium":{"h":338,"resize":"fit","w":600},"thumb":{"h":150,"resize":"crop","w":150}},"indices":[118,140],"type":"photo","id":500281129975681024,"media_url":"http:\/\/pbs.twimg.com\/media\/BvFbCYAIEAAWVm3.jpg"}]}}