{"contributors": null, "truncated": false, "text": "@valeriehahn tx for keeping us informed.  Stay safe!", "in_reply_to_status_id": 499456140044824576, "id": 499456558125023233, "favorite_count": 0, "source": "<a href=\"http://twitter.com/download/iphone\" rel=\"nofollow\">Twitter for iPhone</a>", "retweeted": false, "coordinates": null, "entities": {"symbols": [], "user_mentions": [{"id": 16936858, "indices": [0, 12], "id_str": "16936858", "screen_name": "valeriehahn", "name": "Valerie Schremp Hahn"}], "hashtags": [], "urls": []}, "in_reply_to_screen_name": "valeriehahn", "id_str": "499456558125023233", "retweet_count": 0, "in_reply_to_user_id": 16936858, "favorited": false, "user": {"follow_request_sent": false, "profile_use_background_image": true, "default_profile_image": false, "id": 140665935, "profile_background_image_url_https": "https://abs.twimg.com/images/themes/theme1/bg.png", "verified": false, "profile_text_color": "333333", "profile_image_url_https": "https://pbs.twimg.com/profile_images/501045218263973889/CJ3Kc791_normal.jpeg", "profile_sidebar_fill_color": "DDEEF6", "entities": {"description": {"urls": []}}, "followers_count": 4597, "profile_sidebar_border_color": "C0DEED", "id_str": "140665935", "profile_background_color": "C0DEED", "listed_count": 85, "is_translation_enabled": false, "utc_offset": -14400, "statuses_count": 14595, "description": "intense yet fun-loving, former independent now a DEM, black chick who rocks, enjoying life 1 day at a time. by no means perfect...i'm just right. #uniteblue", "friends_count": 4969, "location": "#UniteBlue ", "profile_link_color": "0084B4", "profile_image_url": "http://pbs.twimg.com/profile_images/501045218263973889/CJ3Kc791_normal.jpeg", "following": false, "geo_enabled": false, "profile_background_image_url": "http://abs.twimg.com/images/themes/theme1/bg.png", "screen_name": "not2hotnot2cold", "lang": "en", "profile_background_tile": false, "favourites_count": 92, "name": "not2hotnot2cold", "notifications": false, "url": null, "created_at": "Thu May 06 03:15:15 +0000 2010", "contributors_enabled": false, "time_zone": "Eastern Time (US & Canada)", "protected": false, "default_profile": true, "is_translator": false}, "geo": null, "in_reply_to_user_id_str": "16936858", "lang": "en", "created_at": "Wed Aug 13 07:24:57 +0000 2014", "in_reply_to_status_id_str": "499456140044824576", "place": null}
