{"contributors": null, "truncated": false, "text": "@valeriehahn How many weeks until police interview witnesses? @mattdpearce", "in_reply_to_status_id": 499456140044824576, "id": 499460810704302080, "favorite_count": 1, "source": "<a href=\"http://twitter.com/download/android\" rel=\"nofollow\">Twitter for Android</a>", "retweeted": false, "coordinates": null, "entities": {"symbols": [], "user_mentions": [{"id": 16936858, "indices": [0, 12], "id_str": "16936858", "screen_name": "valeriehahn", "name": "Valerie Schremp Hahn"}, {"id": 69004966, "indices": [62, 74], "id_str": "69004966", "screen_name": "mattdpearce", "name": "Matt Pearce"}], "hashtags": [], "urls": []}, "in_reply_to_screen_name": "valeriehahn", "id_str": "499460810704302080", "retweet_count": 0, "in_reply_to_user_id": 16936858, "favorited": false, "user": {"follow_request_sent": false, "profile_use_background_image": true, "default_profile_image": true, "id": 113113323, "profile_background_image_url_https": "https://abs.twimg.com/images/themes/theme10/bg.gif", "verified": false, "profile_text_color": "3D1957", "profile_image_url_https": "https://abs.twimg.com/sticky/default_profile_images/default_profile_1_normal.png", "profile_sidebar_fill_color": "7AC3EE", "entities": {"url": {"urls": [{"url": "http://t.co/NxXY1EPWl6", "indices": [0, 22], "expanded_url": "http://saucypickles.tumblr.com/", "display_url": "saucypickles.tumblr.com"}]}, "description": {"urls": []}}, "followers_count": 191, "profile_sidebar_border_color": "65B0DA", "id_str": "113113323", "profile_background_color": "642D8B", "listed_count": 5, "is_translation_enabled": false, "utc_offset": -25200, "statuses_count": 14840, "description": "Opinions expressed are personal.", "friends_count": 174, "location": "", "profile_link_color": "FF0000", "profile_image_url": "http://abs.twimg.com/sticky/default_profile_images/default_profile_1_normal.png", "following": false, "geo_enabled": false, "profile_background_image_url": "http://abs.twimg.com/images/themes/theme10/bg.gif", "screen_name": "saucypickles", "lang": "en", "profile_background_tile": true, "favourites_count": 2474, "name": "Steve", "notifications": false, "url": "http://t.co/NxXY1EPWl6", "created_at": "Wed Feb 10 19:05:31 +0000 2010", "contributors_enabled": false, "time_zone": "Pacific Time (US & Canada)", "protected": false, "default_profile": false, "is_translator": false}, "geo": null, "in_reply_to_user_id_str": "16936858", "lang": "en", "created_at": "Wed Aug 13 07:41:51 +0000 2014", "in_reply_to_status_id_str": "499456140044824576", "place": null}
