{"contributors":null,"truncated":false,"text":"True? \u201c@valeriehahn: CountyPD tell me ofcr shot a man who pointed handgun at him at Chambers\/Sheffingdell at 1 a.m. Man critical #ferguson\u201d","in_reply_to_status_id":499456140044824576,"id":499462325544304640,"favorite_count":0,"source":"<a href=\"http:\/\/twitter.com\/download\/iphone\" rel=\"nofollow\">Twitter for iPhone<\/a>","retweeted":false,"coordinates":null,"entities":{"symbols":[],"user_mentions":[{"id":16936858,"indices":[7,19],"id_str":"16936858","screen_name":"valeriehahn","name":"Valerie Schremp Hahn"}],"hashtags":[{"indices":[129,138],"text":"ferguson"}],"urls":[]},"in_reply_to_screen_name":"valeriehahn","id_str":"499462325544304640","retweet_count":0,"in_reply_to_user_id":16936858,"favorited":false,"user":{"follow_request_sent":false,"profile_use_background_image":false,"default_profile_image":false,"id":54642122,"profile_background_image_url_https":"https:\/\/abs.twimg.com\/images\/themes\/theme14\/bg.gif","verified":false,"profile_text_color":"000000","profile_image_url_https":"https:\/\/pbs.twimg.com\/profile_images\/574025239488675840\/yIL8OX3o_normal.jpeg","profile_sidebar_fill_color":"000000","entities":{"url":{"urls":[{"url":"http:\/\/t.co\/Y2Az8mJsvS","indices":[0,22],"expanded_url":"http:\/\/annihilatingunity.blogspot.com","display_url":"annihilatingunity.blogspot.com"}]},"description":{"urls":[{"url":"http:\/\/t.co\/wwPEWhWmOP","indices":[112,134],"expanded_url":"http:\/\/thesludgelord.blogspot.com","display_url":"thesludgelord.blogspot.com"}]}},"followers_count":103,"profile_sidebar_border_color":"000000","id_str":"54642122","profile_background_color":"000000","listed_count":5,"is_translation_enabled":false,"utc_offset":-21600,"statuses_count":2708,"description":"Black Noise Generator Covert Suicidal Doom Amplification:Acceleration:Annihilation:Liberation:FTP\nContributor @ http:\/\/t.co\/wwPEWhWmOP","friends_count":202,"location":"The Treehouse of Horror, STL","profile_link_color":"4A913C","profile_image_url":"http:\/\/pbs.twimg.com\/profile_images\/574025239488675840\/yIL8OX3o_normal.jpeg","following":false,"geo_enabled":true,"profile_banner_url":"https:\/\/pbs.twimg.com\/profile_banners\/54642122\/1409607714","profile_background_image_url":"http:\/\/abs.twimg.com\/images\/themes\/theme14\/bg.gif","screen_name":"JrGothDetective","lang":"en","profile_background_tile":false,"favourites_count":1348,"name":"J H","notifications":false,"url":"http:\/\/t.co\/Y2Az8mJsvS","created_at":"Tue Jul 07 19:00:48 +0000 2009","contributors_enabled":false,"time_zone":"Central America","protected":false,"default_profile":false,"is_translator":false},"geo":null,"in_reply_to_user_id_str":"16936858","lang":"en","created_at":"Wed Aug 13 07:47:52 +0000 2014","in_reply_to_status_id_str":"499456140044824576","place":null}