{"contributors": null, "truncated": false, "text": "@valeriehahn @kodacohen Why should we believe anything #FERGUSON police have to say, won't release # of bullets or autopsy #MICHAELBROWN", "in_reply_to_status_id": 499456140044824576, "id": 499462679736496130, "favorite_count": 4, "source": "<a href=\"http://twitter.com/download/android\" rel=\"nofollow\">Twitter for Android</a>", "retweeted": false, "coordinates": null, "entities": {"symbols": [], "user_mentions": [{"id": 16936858, "indices": [0, 12], "id_str": "16936858", "screen_name": "valeriehahn", "name": "Valerie Schremp Hahn"}, {"id": 17073225, "indices": [13, 23], "id_str": "17073225", "screen_name": "kodacohen", "name": "Robert Cohen"}], "hashtags": [{"indices": [55, 64], "text": "FERGUSON"}, {"indices": [123, 136], "text": "MICHAELBROWN"}], "urls": []}, "in_reply_to_screen_name": "valeriehahn", "id_str": "499462679736496130", "retweet_count": 2, "in_reply_to_user_id": 16936858, "favorited": false, "user": {"follow_request_sent": false, "profile_use_background_image": true, "default_profile_image": false, "id": 189806241, "profile_background_image_url_https": "https://pbs.twimg.com/profile_background_images/183853944/twilk_background_4d107f0f9d477.jpg", "verified": false, "profile_text_color": "3C3940", "profile_image_url_https": "https://pbs.twimg.com/profile_images/1178232255/SP__PS_HA__TX_115_normal.JPG", "profile_sidebar_fill_color": "95E8EC", "entities": {"description": {"urls": []}}, "followers_count": 6735, "profile_sidebar_border_color": "5ED4DC", "id_str": "189806241", "profile_background_color": "0099B9", "listed_count": 283, "is_translation_enabled": false, "utc_offset": -25200, "statuses_count": 239430, "description": "Defeating the haters & racists of the world. Enjoy everyday as if it were your last. Progressive #GlutenFree #DF #CornFree #NOGMO \r\nWarren Sanders 2016", "friends_count": 5958, "location": "San Diego", "profile_link_color": "0099B9", "profile_image_url": "http://pbs.twimg.com/profile_images/1178232255/SP__PS_HA__TX_115_normal.JPG", "following": false, "geo_enabled": false, "profile_background_image_url": "http://pbs.twimg.com/profile_background_images/183853944/twilk_background_4d107f0f9d477.jpg", "screen_name": "Twitlertwit", "lang": "en", "profile_background_tile": true, "favourites_count": 28292, "name": "Caligirl22", "notifications": false, "url": null, "created_at": "Sun Sep 12 08:06:07 +0000 2010", "contributors_enabled": false, "time_zone": "Pacific Time (US & Canada)", "protected": false, "default_profile": false, "is_translator": false}, "geo": null, "in_reply_to_user_id_str": "16936858", "lang": "en", "created_at": "Wed Aug 13 07:49:17 +0000 2014", "in_reply_to_status_id_str": "499456140044824576", "place": null}
