{"contributors": null, "truncated": false, "text": "@JrGothDetective @valeriehahn according to police that's the truth", "in_reply_to_status_id": 499462325544304640, "id": 499462501998665730, "favorite_count": 0, "source": "<a href=\"http://twitter.com/download/iphone\" rel=\"nofollow\">Twitter for iPhone</a>", "retweeted": false, "coordinates": null, "entities": {"symbols": [], "user_mentions": [{"id": 54642122, "indices": [0, 16], "id_str": "54642122", "screen_name": "JrGothDetective", "name": "J H"}, {"id": 16936858, "indices": [17, 29], "id_str": "16936858", "screen_name": "valeriehahn", "name": "Valerie Schremp Hahn"}], "hashtags": [], "urls": []}, "in_reply_to_screen_name": "JrGothDetective", "id_str": "499462501998665730", "retweet_count": 0, "in_reply_to_user_id": 54642122, "favorited": false, "user": {"follow_request_sent": false, "profile_use_background_image": true, "default_profile_image": false, "id": 28921274, "profile_background_image_url_https": "https://abs.twimg.com/images/themes/theme1/bg.png", "verified": false, "profile_text_color": "333333", "profile_image_url_https": "https://pbs.twimg.com/profile_images/3064943285/c106a82462067f925bbddb884b3e6a0f_normal.jpeg", "profile_sidebar_fill_color": "DDEEF6", "entities": {"description": {"urls": []}}, "followers_count": 306, "profile_sidebar_border_color": "C0DEED", "id_str": "28921274", "profile_background_color": "C0DEED", "listed_count": 12, "is_translation_enabled": false, "utc_offset": -25200, "statuses_count": 6059, "description": "I'm a Rams fan, an animal lover, a human rights activist, coffee snob, microbrew lover, follower of Jesus, and a Libertarian.", "friends_count": 531, "location": "Reno, NV with a 314 area code", "profile_link_color": "0084B4", "profile_image_url": "http://pbs.twimg.com/profile_images/3064943285/c106a82462067f925bbddb884b3e6a0f_normal.jpeg", "following": false, "geo_enabled": false, "profile_banner_url": "https://pbs.twimg.com/profile_banners/28921274/1408088440", "profile_background_image_url": "http://abs.twimg.com/images/themes/theme1/bg.png", "screen_name": "casey_schneider", "lang": "en", "profile_background_tile": false, "favourites_count": 753, "name": "Casey Schneider", "notifications": false, "url": null, "created_at": "Sun Apr 05 02:20:00 +0000 2009", "contributors_enabled": false, "time_zone": "Pacific Time (US & Canada)", "protected": false, "default_profile": true, "is_translator": false}, "geo": null, "in_reply_to_user_id_str": "54642122", "lang": "en", "created_at": "Wed Aug 13 07:48:34 +0000 2014", "in_reply_to_status_id_str": "499462325544304640", "place": null}
