{"contributors": null, "truncated": false, "text": "@valeriehahn Thank you so much for getting this scoop.  People have been on pins and needles at the reddit live feed. http://t.co/Rd2wHonMgC", "in_reply_to_status_id": 499456140044824576, "id": 499458379555684353, "favorite_count": 0, "source": "<a href=\"http://twitter.com\" rel=\"nofollow\">Twitter Web Client</a>", "retweeted": false, "coordinates": null, "entities": {"symbols": [], "user_mentions": [{"id": 16936858, "indices": [0, 12], "id_str": "16936858", "screen_name": "valeriehahn", "name": "Valerie Schremp Hahn"}], "hashtags": [], "urls": [{"url": "http://t.co/Rd2wHonMgC", "indices": [118, 140], "expanded_url": "http://www.reddit.com/live/tdrph3y49ftn/", "display_url": "reddit.com/live/tdrph3y49\u2026"}]}, "in_reply_to_screen_name": "valeriehahn", "id_str": "499458379555684353", "retweet_count": 0, "in_reply_to_user_id": 16936858, "favorited": false, "user": {"follow_request_sent": false, "profile_use_background_image": true, "default_profile_image": false, "id": 1641799878, "profile_background_image_url_https": "https://abs.twimg.com/images/themes/theme1/bg.png", "verified": false, "profile_text_color": "333333", "profile_image_url_https": "https://pbs.twimg.com/profile_images/418134671356993536/NvRxHboR_normal.jpeg", "profile_sidebar_fill_color": "DDEEF6", "entities": {"description": {"urls": []}}, "followers_count": 5, "profile_sidebar_border_color": "C0DEED", "id_str": "1641799878", "profile_background_color": "C0DEED", "listed_count": 0, "is_translation_enabled": false, "utc_offset": null, "statuses_count": 17, "description": "", "friends_count": 28, "location": "", "profile_link_color": "0084B4", "profile_image_url": "http://pbs.twimg.com/profile_images/418134671356993536/NvRxHboR_normal.jpeg", "following": false, "geo_enabled": false, "profile_background_image_url": "http://abs.twimg.com/images/themes/theme1/bg.png", "screen_name": "JAndrewWong", "lang": "en", "profile_background_tile": false, "favourites_count": 53, "name": "Andrew Wong", "notifications": false, "url": null, "created_at": "Sat Aug 03 02:23:24 +0000 2013", "contributors_enabled": false, "time_zone": null, "protected": false, "default_profile": true, "is_translator": false}, "geo": null, "in_reply_to_user_id_str": "16936858", "possibly_sensitive": false, "lang": "en", "created_at": "Wed Aug 13 07:32:11 +0000 2014", "in_reply_to_status_id_str": "499456140044824576", "place": null}
