{"contributors": null, "truncated": false, "text": "@valeriehahn Uh! Oh. This is serious and officially out of control. #Ferguson I sure hope it wasn't false sighting or #PD in more hot water", "in_reply_to_status_id": 499456140044824576, "id": 499456892595613696, "favorite_count": 0, "source": "<a href=\"http://twitter.com\" rel=\"nofollow\">Twitter Web Client</a>", "retweeted": false, "coordinates": null, "entities": {"symbols": [], "user_mentions": [{"id": 16936858, "indices": [0, 12], "id_str": "16936858", "screen_name": "valeriehahn", "name": "Valerie Schremp Hahn"}], "hashtags": [{"indices": [68, 77], "text": "Ferguson"}, {"indices": [118, 121], "text": "PD"}], "urls": []}, "in_reply_to_screen_name": "valeriehahn", "id_str": "499456892595613696", "retweet_count": 0, "in_reply_to_user_id": 16936858, "favorited": false, "user": {"follow_request_sent": false, "profile_use_background_image": true, "default_profile_image": false, "id": 254344008, "profile_background_image_url_https": "https://abs.twimg.com/images/themes/theme1/bg.png", "verified": false, "profile_text_color": "333333", "profile_image_url_https": "https://pbs.twimg.com/profile_images/1278609724/Picture_74_normal.jpg", "profile_sidebar_fill_color": "DDEEF6", "entities": {"url": {"urls": [{"url": "http://t.co/JSlgGEi1Dr", "indices": [0, 22], "expanded_url": "http://www.givepoetry.com", "display_url": "givepoetry.com"}]}, "description": {"urls": []}}, "followers_count": 598, "profile_sidebar_border_color": "C0DEED", "id_str": "254344008", "profile_background_color": "C0DEED", "listed_count": 9, "is_translation_enabled": false, "utc_offset": -18000, "statuses_count": 14382, "description": "On my website you can order a customized poem for a loved one or associate ~ its a fun gift to give!", "friends_count": 1913, "location": "Get Your Poem 4Loved1 at Site", "profile_link_color": "0084B4", "profile_image_url": "http://pbs.twimg.com/profile_images/1278609724/Picture_74_normal.jpg", "following": false, "geo_enabled": false, "profile_background_image_url": "http://abs.twimg.com/images/themes/theme1/bg.png", "screen_name": "GivePoetry1", "lang": "en", "profile_background_tile": false, "favourites_count": 1074, "name": "Judith Gomez", "notifications": false, "url": "http://t.co/JSlgGEi1Dr", "created_at": "Sat Feb 19 03:16:13 +0000 2011", "contributors_enabled": false, "time_zone": "Quito", "protected": false, "default_profile": true, "is_translator": false}, "geo": null, "in_reply_to_user_id_str": "16936858", "lang": "en", "created_at": "Wed Aug 13 07:26:17 +0000 2014", "in_reply_to_status_id_str": "499456140044824576", "place": null}
