{"contributors": null, "truncated": false, "text": "@valeriehahn I'm glad this officer wasn't at the bundy ranch,  because he would've shot a lot of people for pointing guns at him.  Smh", "in_reply_to_status_id": 499456140044824576, "id": 499555936969957376, "favorite_count": 0, "source": "<a href=\"http://twitter.com/download/android\" rel=\"nofollow\">Twitter for Android</a>", "retweeted": false, "coordinates": null, "entities": {"symbols": [], "user_mentions": [{"id": 16936858, "indices": [0, 12], "id_str": "16936858", "screen_name": "valeriehahn", "name": "Valerie Schremp Hahn"}], "hashtags": [], "urls": []}, "in_reply_to_screen_name": "valeriehahn", "id_str": "499555936969957376", "retweet_count": 0, "in_reply_to_user_id": 16936858, "favorited": false, "user": {"follow_request_sent": false, "profile_use_background_image": true, "default_profile_image": true, "id": 1472073572, "profile_background_image_url_https": "https://abs.twimg.com/images/themes/theme1/bg.png", "verified": false, "profile_text_color": "333333", "profile_image_url_https": "https://abs.twimg.com/sticky/default_profile_images/default_profile_4_normal.png", "profile_sidebar_fill_color": "DDEEF6", "entities": {"description": {"urls": []}}, "followers_count": 16, "profile_sidebar_border_color": "C0DEED", "id_str": "1472073572", "profile_background_color": "C0DEED", "listed_count": 0, "is_translation_enabled": false, "utc_offset": null, "statuses_count": 385, "description": "", "friends_count": 67, "location": "", "profile_link_color": "0084B4", "profile_image_url": "http://abs.twimg.com/sticky/default_profile_images/default_profile_4_normal.png", "following": false, "geo_enabled": false, "profile_background_image_url": "http://abs.twimg.com/images/themes/theme1/bg.png", "screen_name": "oalege87", "lang": "en", "profile_background_tile": false, "favourites_count": 26, "name": "Olumide Alege", "notifications": false, "url": null, "created_at": "Fri May 31 12:44:24 +0000 2013", "contributors_enabled": false, "time_zone": null, "protected": false, "default_profile": true, "is_translator": false}, "geo": null, "in_reply_to_user_id_str": "16936858", "lang": "en", "created_at": "Wed Aug 13 13:59:51 +0000 2014", "in_reply_to_status_id_str": "499456140044824576", "place": null}
