{"contributors": null, "truncated": false, "text": "@Twitlertwit @valeriehahn @kodacohen or the video!", "in_reply_to_status_id": 499462679736496130, "id": 499538759076282368, "favorite_count": 0, "source": "<a href=\"http://twitter.com\" rel=\"nofollow\">Twitter Web Client</a>", "retweeted": false, "coordinates": null, "entities": {"symbols": [], "user_mentions": [{"id": 189806241, "indices": [0, 12], "id_str": "189806241", "screen_name": "Twitlertwit", "name": "Caligirl22"}, {"id": 16936858, "indices": [13, 25], "id_str": "16936858", "screen_name": "valeriehahn", "name": "Valerie Schremp Hahn"}, {"id": 17073225, "indices": [26, 36], "id_str": "17073225", "screen_name": "kodacohen", "name": "Robert Cohen"}], "hashtags": [], "urls": []}, "in_reply_to_screen_name": "Twitlertwit", "id_str": "499538759076282368", "retweet_count": 0, "in_reply_to_user_id": 189806241, "favorited": false, "user": {"follow_request_sent": false, "profile_use_background_image": true, "default_profile_image": false, "id": 62850269, "profile_background_image_url_https": "https://abs.twimg.com/images/themes/theme1/bg.png", "verified": false, "profile_text_color": "333333", "profile_image_url_https": "https://pbs.twimg.com/profile_images/430490502169755648/0sqnCh2m_normal.png", "profile_sidebar_fill_color": "DDEEF6", "entities": {"url": {"urls": [{"url": "http://t.co/C7N6dRMvCI", "indices": [0, 22], "expanded_url": "http://www.nuntheawakening.com", "display_url": "nuntheawakening.com"}]}, "description": {"urls": [{"url": "https://t.co/0ihrdcNX2W", "indices": [51, 74], "expanded_url": "https://www.facebook.com/whatisnun", "display_url": "facebook.com/whatisnun"}]}}, "followers_count": 1221, "profile_sidebar_border_color": "C0DEED", "id_str": "62850269", "profile_background_color": "C0DEED", "listed_count": 28, "is_translation_enabled": false, "utc_offset": -14400, "statuses_count": 9227, "description": "I do lots of things! \nAuthor of NUN The Awakening -https://t.co/0ihrdcNX2W", "friends_count": 1961, "location": "From: Wakanda", "profile_link_color": "0084B4", "profile_image_url": "http://pbs.twimg.com/profile_images/430490502169755648/0sqnCh2m_normal.png", "following": false, "geo_enabled": true, "profile_banner_url": "https://pbs.twimg.com/profile_banners/62850269/1391471874", "profile_background_image_url": "http://abs.twimg.com/images/themes/theme1/bg.png", "screen_name": "Cmort5150", "lang": "en", "profile_background_tile": false, "favourites_count": 490, "name": "Chad", "notifications": false, "url": "http://t.co/C7N6dRMvCI", "created_at": "Tue Aug 04 15:48:10 +0000 2009", "contributors_enabled": false, "time_zone": "Eastern Time (US & Canada)", "protected": false, "default_profile": true, "is_translator": false}, "geo": null, "in_reply_to_user_id_str": "189806241", "lang": "en", "created_at": "Wed Aug 13 12:51:35 +0000 2014", "in_reply_to_status_id_str": "499462679736496130", "place": null}
