{"contributors":null,"truncated":false,"text":"@scATX You are supposed to not be biased when you're a journalist. Glad you can come up with that decision without knowing all the facts","in_reply_to_status_id":500281094239817728,"id":500282232855334912,"favorite_count":0,"source":"<a href=\"http:\/\/twitter.com\" rel=\"nofollow\">Twitter Web Client<\/a>","retweeted":false,"coordinates":null,"entities":{"symbols":[],"user_mentions":[{"id":172869874,"indices":[0,6],"id_str":"172869874","screen_name":"scATX","name":"Jessica W. Luther"}],"hashtags":[],"urls":[]},"in_reply_to_screen_name":"scATX","id_str":"500282232855334912","retweet_count":0,"in_reply_to_user_id":172869874,"favorited":false,"user":{"follow_request_sent":false,"profile_use_background_image":true,"default_profile_image":false,"id":411814682,"profile_background_image_url_https":"https:\/\/abs.twimg.com\/images\/themes\/theme1\/bg.png","verified":false,"profile_text_color":"333333","profile_image_url_https":"https:\/\/pbs.twimg.com\/profile_images\/543140914357469184\/6Dn7SHkv_normal.png","profile_sidebar_fill_color":"DDEEF6","entities":{"description":{"urls":[]}},"followers_count":127,"profile_sidebar_border_color":"C0DEED","id_str":"411814682","profile_background_color":"C0DEED","listed_count":6,"is_translation_enabled":false,"utc_offset":-14400,"statuses_count":3289,"description":"","friends_count":575,"location":"Fond du Lac, Wisconsin","profile_link_color":"0084B4","profile_image_url":"http:\/\/pbs.twimg.com\/profile_images\/543140914357469184\/6Dn7SHkv_normal.png","following":false,"geo_enabled":false,"profile_background_image_url":"http:\/\/abs.twimg.com\/images\/themes\/theme1\/bg.png","screen_name":"Moneyman2626","lang":"en","profile_background_tile":false,"favourites_count":376,"name":"Matt Mikle","notifications":false,"url":null,"created_at":"Sun Nov 13 22:33:30 +0000 2011","contributors_enabled":false,"time_zone":"Eastern Time (US & Canada)","protected":false,"default_profile":true,"is_translator":false},"geo":null,"in_reply_to_user_id_str":"172869874","lang":"en","created_at":"Fri Aug 15 14:05:53 +0000 2014","in_reply_to_status_id_str":"500281094239817728","place":null}