{"contributors": null, "truncated": false, "text": "@scATX it's sound like they may have been racially profiling him as a suspect", "in_reply_to_status_id": 500281094239817728, "id": 500281536919642112, "favorite_count": 0, "source": "<a href=\"http://twitter.com/download/iphone\" rel=\"nofollow\">Twitter for iPhone</a>", "retweeted": false, "coordinates": null, "entities": {"symbols": [], "user_mentions": [{"id": 172869874, "indices": [0, 6], "id_str": "172869874", "screen_name": "scATX", "name": "Jessica W. Luther"}], "hashtags": [], "urls": []}, "in_reply_to_screen_name": "scATX", "id_str": "500281536919642112", "retweet_count": 1, "in_reply_to_user_id": 172869874, "favorited": false, "user": {"follow_request_sent": false, "profile_use_background_image": true, "default_profile_image": false, "id": 14372270, "profile_background_image_url_https": "https://abs.twimg.com/images/themes/theme4/bg.gif", "verified": false, "profile_text_color": "3C3940", "profile_image_url_https": "https://pbs.twimg.com/profile_images/413905172956319744/JdGX4W5o_normal.png", "profile_sidebar_fill_color": "95E8EC", "entities": {"description": {"urls": []}}, "followers_count": 2088, "profile_sidebar_border_color": "5ED4DC", "id_str": "14372270", "profile_background_color": "0099B9", "listed_count": 78, "is_translation_enabled": false, "utc_offset": -14400, "statuses_count": 36217, "description": "Strategy trumps tactics. Organizing, always. Potluck dinners are the best.", "friends_count": 2265, "location": " DC via Philly via all over", "profile_link_color": "0099B9", "profile_image_url": "http://pbs.twimg.com/profile_images/413905172956319744/JdGX4W5o_normal.png", "following": false, "geo_enabled": true, "profile_background_image_url": "http://abs.twimg.com/images/themes/theme4/bg.gif", "screen_name": "mcbyrne", "lang": "en", "profile_background_tile": false, "favourites_count": 1307, "name": "mcbyrne", "notifications": false, "url": null, "created_at": "Sun Apr 13 02:00:29 +0000 2008", "contributors_enabled": false, "time_zone": "Eastern Time (US & Canada)", "protected": false, "default_profile": false, "is_translator": false}, "geo": null, "in_reply_to_user_id_str": "172869874", "lang": "en", "created_at": "Fri Aug 15 14:03:07 +0000 2014", "in_reply_to_status_id_str": "500281094239817728", "place": null}
