{"contributors": null, "truncated": false, "text": "@scATX If they were criminals why did the police not arrest his friend right away?They shot one robber &amp; let the other go #MikeBrown", "in_reply_to_status_id": 500281094239817728, "id": 500306952241840128, "favorite_count": 0, "source": "<a href=\"http://twitter.com/download/iphone\" rel=\"nofollow\">Twitter for iPhone</a>", "retweeted": false, "coordinates": null, "entities": {"symbols": [], "user_mentions": [{"id": 172869874, "indices": [0, 6], "id_str": "172869874", "screen_name": "scATX", "name": "Jessica W. Luther"}], "hashtags": [{"indices": [126, 136], "text": "MikeBrown"}], "urls": []}, "in_reply_to_screen_name": "scATX", "id_str": "500306952241840128", "retweet_count": 0, "in_reply_to_user_id": 172869874, "favorited": false, "user": {"follow_request_sent": false, "profile_use_background_image": true, "default_profile_image": false, "id": 768514130, "profile_background_image_url_https": "https://abs.twimg.com/images/themes/theme1/bg.png", "verified": false, "profile_text_color": "333333", "profile_image_url_https": "https://pbs.twimg.com/profile_images/480680741651492864/JkD8cNvr_normal.jpeg", "profile_sidebar_fill_color": "DDEEF6", "entities": {"description": {"urls": []}}, "followers_count": 1601, "profile_sidebar_border_color": "C0DEED", "id_str": "768514130", "profile_background_color": "C0DEED", "listed_count": 20, "is_translation_enabled": false, "utc_offset": -10800, "statuses_count": 8708, "description": "", "friends_count": 1709, "location": "", "profile_link_color": "0084B4", "profile_image_url": "http://pbs.twimg.com/profile_images/480680741651492864/JkD8cNvr_normal.jpeg", "following": false, "geo_enabled": true, "profile_banner_url": "https://pbs.twimg.com/profile_banners/768514130/1369845301", "profile_background_image_url": "http://abs.twimg.com/images/themes/theme1/bg.png", "screen_name": "DebraWinters28", "lang": "en", "profile_background_tile": false, "favourites_count": 3093, "name": " FanOf44", "notifications": false, "url": null, "created_at": "Mon Aug 20 00:34:00 +0000 2012", "contributors_enabled": false, "time_zone": "Atlantic Time (Canada)", "protected": false, "default_profile": true, "is_translator": false}, "geo": null, "in_reply_to_user_id_str": "172869874", "lang": "en", "created_at": "Fri Aug 15 15:44:07 +0000 2014", "in_reply_to_status_id_str": "500281094239817728", "place": null}
