{"contributors": null, "truncated": false, "text": "@scATX @taiping2 a story that continues to repeat itself, over and over and over in America. #Ferguson", "in_reply_to_status_id": 500281094239817728, "id": 501145902007222272, "favorite_count": 0, "source": "<a href=\"http://twitter.com\" rel=\"nofollow\">Twitter Web Client</a>", "retweeted": false, "coordinates": null, "entities": {"symbols": [], "user_mentions": [{"id": 172869874, "indices": [0, 6], "id_str": "172869874", "screen_name": "scATX", "name": "Jessica W. Luther"}, {"id": 144402222, "indices": [7, 16], "id_str": "144402222", "screen_name": "taiping2", "name": "Tracy"}], "hashtags": [{"indices": [93, 102], "text": "Ferguson"}], "urls": []}, "in_reply_to_screen_name": "scATX", "id_str": "501145902007222272", "retweet_count": 0, "in_reply_to_user_id": 172869874, "favorited": false, "user": {"follow_request_sent": false, "profile_use_background_image": true, "default_profile_image": false, "id": 253647516, "profile_background_image_url_https": "https://pbs.twimg.com/profile_background_images/378800000033996680/586752db00421ee365ba63747aae9423.jpeg", "verified": false, "profile_text_color": "050005", "profile_image_url_https": "https://pbs.twimg.com/profile_images/378800000391425720/463fa48e127fe6748d4677a42036c28f_normal.jpeg", "profile_sidebar_fill_color": "DBEBC8", "entities": {"description": {"urls": []}}, "followers_count": 2937, "profile_sidebar_border_color": "FFFFFF", "id_str": "253647516", "profile_background_color": "040312", "listed_count": 85, "is_translation_enabled": false, "utc_offset": -25200, "statuses_count": 79800, "description": "I've learned that you shouldn't go through life with a catcher's mitt on both hands; you need to be able to throw something back.\r\n          ~Maya Angelou", "friends_count": 2901, "location": "San Diego", "profile_link_color": "1377CF", "profile_image_url": "http://pbs.twimg.com/profile_images/378800000391425720/463fa48e127fe6748d4677a42036c28f_normal.jpeg", "following": false, "geo_enabled": false, "profile_banner_url": "https://pbs.twimg.com/profile_banners/253647516/1374884559", "profile_background_image_url": "http://pbs.twimg.com/profile_background_images/378800000033996680/586752db00421ee365ba63747aae9423.jpeg", "screen_name": "adjordan", "lang": "en", "profile_background_tile": false, "favourites_count": 1493, "name": "aj", "notifications": false, "url": null, "created_at": "Thu Feb 17 17:42:16 +0000 2011", "contributors_enabled": false, "time_zone": "Pacific Time (US & Canada)", "protected": false, "default_profile": false, "is_translator": false}, "geo": null, "in_reply_to_user_id_str": "172869874", "lang": "en", "created_at": "Sun Aug 17 23:17:48 +0000 2014", "in_reply_to_status_id_str": "500281094239817728", "place": null}
