{"contributors":null,"truncated":false,"text":"@scATX no he was walking IN the street big difference","in_reply_to_status_id":500281094239817728,"id":501730232790183936,"favorite_count":0,"source":"<a href=\"http:\/\/twitter.com\/download\/iphone\" rel=\"nofollow\">Twitter for iPhone<\/a>","retweeted":false,"coordinates":null,"entities":{"symbols":[],"user_mentions":[{"id":172869874,"indices":[0,6],"id_str":"172869874","screen_name":"scATX","name":"Jessica W. Luther"}],"hashtags":[],"urls":[]},"in_reply_to_screen_name":"scATX","id_str":"501730232790183936","retweet_count":0,"in_reply_to_user_id":172869874,"favorited":false,"user":{"follow_request_sent":false,"profile_use_background_image":true,"default_profile_image":false,"id":384401129,"profile_background_image_url_https":"https:\/\/abs.twimg.com\/images\/themes\/theme1\/bg.png","verified":false,"profile_text_color":"333333","profile_image_url_https":"https:\/\/pbs.twimg.com\/profile_images\/514551468213682177\/bkW6KQg2_normal.jpeg","profile_sidebar_fill_color":"DDEEF6","entities":{"description":{"urls":[]}},"followers_count":170,"profile_sidebar_border_color":"C0DEED","id_str":"384401129","profile_background_color":"C0DEED","listed_count":1,"is_translation_enabled":false,"utc_offset":-14400,"statuses_count":1449,"description":"Go Vols VFL","friends_count":358,"location":"Bristol, TN","profile_link_color":"0084B4","profile_image_url":"http:\/\/pbs.twimg.com\/profile_images\/514551468213682177\/bkW6KQg2_normal.jpeg","following":false,"geo_enabled":true,"profile_background_image_url":"http:\/\/abs.twimg.com\/images\/themes\/theme1\/bg.png","screen_name":"WebsterGilley","lang":"en","profile_background_tile":false,"favourites_count":750,"name":"Webster Gilley","notifications":false,"url":null,"created_at":"Mon Oct 03 16:28:33 +0000 2011","contributors_enabled":false,"time_zone":"Eastern Time (US & Canada)","protected":false,"default_profile":true,"is_translator":false},"geo":null,"in_reply_to_user_id_str":"172869874","lang":"en","created_at":"Tue Aug 19 13:59:43 +0000 2014","in_reply_to_status_id_str":"500281094239817728","place":null}