{"contributors":null,"truncated":false,"text":"@DanteB4u THIS IS MY FUCKING QUESTION!!!","in_reply_to_status_id":500279160795721728,"id":500279534420525056,"favorite_count":2,"source":"<a href=\"http:\/\/twitter.com\" rel=\"nofollow\">Twitter Web Client<\/a>","retweeted":false,"coordinates":null,"entities":{"symbols":[],"user_mentions":[{"id":63144098,"indices":[0,9],"id_str":"63144098","screen_name":"DanteB4u","name":"Dante Boykin"}],"hashtags":[],"urls":[]},"in_reply_to_screen_name":"DanteB4u","id_str":"500279534420525056","retweet_count":0,"in_reply_to_user_id":63144098,"favorited":false,"user":{"follow_request_sent":false,"profile_use_background_image":true,"default_profile_image":false,"id":18392987,"profile_background_image_url_https":"https:\/\/pbs.twimg.com\/profile_background_images\/784447558\/d88d930fb446cd131431d8d0235055cc.jpeg","verified":false,"profile_text_color":"1D1FAF","profile_image_url_https":"https:\/\/pbs.twimg.com\/profile_images\/577767295163977728\/yIwz2chD_normal.jpeg","profile_sidebar_fill_color":"DB267F","entities":{"url":{"urls":[{"url":"http:\/\/t.co\/hMp0SgZUdK","indices":[0,22],"expanded_url":"http:\/\/www.alovelydai.tumblr.com","display_url":"alovelydai.tumblr.com"}]},"description":{"urls":[]}},"followers_count":603,"profile_sidebar_border_color":"FFFFFF","id_str":"18392987","profile_background_color":"000000","listed_count":30,"is_translation_enabled":false,"utc_offset":-14400,"statuses_count":50082,"description":"There's nothing not to love about me. No no no nothing not to love about me. I'm lovely.","friends_count":405,"location":"MD\/PA ","profile_link_color":"0000FF","profile_image_url":"http:\/\/pbs.twimg.com\/profile_images\/577767295163977728\/yIwz2chD_normal.jpeg","following":false,"geo_enabled":true,"profile_banner_url":"https:\/\/pbs.twimg.com\/profile_banners\/18392987\/1394456226","profile_background_image_url":"http:\/\/pbs.twimg.com\/profile_background_images\/784447558\/d88d930fb446cd131431d8d0235055cc.jpeg","screen_name":"alovelydai","lang":"en","profile_background_tile":true,"favourites_count":519,"name":"Dawn Chilldoe","notifications":false,"url":"http:\/\/t.co\/hMp0SgZUdK","created_at":"Fri Dec 26 18:36:47 +0000 2008","contributors_enabled":false,"time_zone":"Eastern Time (US & Canada)","protected":false,"default_profile":false,"is_translator":false},"geo":null,"in_reply_to_user_id_str":"63144098","lang":"en","created_at":"Fri Aug 15 13:55:10 +0000 2014","in_reply_to_status_id_str":"500279160795721728","place":null}