{"contributors": null, "truncated": false, "text": "@asoldiersvoice @DanteB4u @num1_fan how convenient for this police chief....he needs to just go", "in_reply_to_status_id": 500294892606590977, "id": 500295747766468608, "favorite_count": 2, "source": "<a href=\"http://twitter.com\" rel=\"nofollow\">Twitter Web Client</a>", "retweeted": false, "coordinates": null, "entities": {"symbols": [], "user_mentions": [{"id": 25588490, "indices": [0, 15], "id_str": "25588490", "screen_name": "asoldiersvoice", "name": "Sharon Sharp"}, {"id": 63144098, "indices": [16, 25], "id_str": "63144098", "screen_name": "DanteB4u", "name": "Dante Boykin"}, {"id": 329415374, "indices": [26, 35], "id_str": "329415374", "screen_name": "num1_fan", "name": "\u2764 \u03b2\u0105\u0253\u0173 \u0122\u012f\u0157\u026d \u2764"}], "hashtags": [], "urls": []}, "in_reply_to_screen_name": "asoldiersvoice", "id_str": "500295747766468608", "retweet_count": 0, "in_reply_to_user_id": 25588490, "favorited": false, "user": {"follow_request_sent": false, "profile_use_background_image": true, "default_profile_image": false, "id": 464308569, "profile_background_image_url_https": "https://abs.twimg.com/images/themes/theme1/bg.png", "verified": false, "profile_text_color": "333333", "profile_image_url_https": "https://pbs.twimg.com/profile_images/481945697294372864/Et8K9kLd_normal.jpeg", "profile_sidebar_fill_color": "DDEEF6", "entities": {"description": {"urls": []}}, "followers_count": 843, "profile_sidebar_border_color": "C0DEED", "id_str": "464308569", "profile_background_color": "C0DEED", "listed_count": 10, "is_translation_enabled": false, "utc_offset": null, "statuses_count": 13566, "description": "Father,husband,progressive,pharmacist and a #DallasCowboy 4 Life", "friends_count": 983, "location": "Texas", "profile_link_color": "0084B4", "profile_image_url": "http://pbs.twimg.com/profile_images/481945697294372864/Et8K9kLd_normal.jpeg", "following": false, "geo_enabled": true, "profile_background_image_url": "http://abs.twimg.com/images/themes/theme1/bg.png", "screen_name": "iloanya1", "lang": "en", "profile_background_tile": false, "favourites_count": 3630, "name": "chimezie", "notifications": false, "url": null, "created_at": "Sun Jan 15 02:59:02 +0000 2012", "contributors_enabled": false, "time_zone": null, "protected": false, "default_profile": true, "is_translator": false}, "geo": null, "in_reply_to_user_id_str": "25588490", "lang": "en", "created_at": "Fri Aug 15 14:59:35 +0000 2014", "in_reply_to_status_id_str": "500294892606590977", "place": null}
