{"contributors": null, "truncated": false, "text": "@MarkMC9 @DanteB4u shits not adding up. What convenient store was robbed? Who are the witnesses that called it in?", "in_reply_to_status_id": 500287184847798272, "id": 500287454575099904, "favorite_count": 1, "source": "<a href=\"http://twitter.com/download/iphone\" rel=\"nofollow\">Twitter for iPhone</a>", "retweeted": false, "coordinates": null, "entities": {"symbols": [], "user_mentions": [{"id": 21969052, "indices": [0, 8], "id_str": "21969052", "screen_name": "MarkMC9", "name": "C9 IS THE FUTURE"}, {"id": 63144098, "indices": [9, 18], "id_str": "63144098", "screen_name": "DanteB4u", "name": "Dante Boykin"}], "hashtags": [], "urls": []}, "in_reply_to_screen_name": "MarkMC9", "id_str": "500287454575099904", "retweet_count": 0, "in_reply_to_user_id": 21969052, "favorited": false, "user": {"follow_request_sent": false, "profile_use_background_image": true, "default_profile_image": false, "id": 15864609, "profile_background_image_url_https": "https://pbs.twimg.com/profile_background_images/426764395/220px-Carlos-Smith.jpg", "verified": false, "profile_text_color": "FFFFFF", "profile_image_url_https": "https://pbs.twimg.com/profile_images/486185707291942913/VYcS-Nk3_normal.jpeg", "profile_sidebar_fill_color": "050505", "entities": {"url": {"urls": [{"url": "http://t.co/cQlxlOsjpn", "indices": [0, 22], "expanded_url": "http://www.8and9.com", "display_url": "8and9.com"}]}, "description": {"urls": []}}, "followers_count": 1846, "profile_sidebar_border_color": "F7F7F7", "id_str": "15864609", "profile_background_color": "ACDED6", "listed_count": 43, "is_translation_enabled": false, "utc_offset": -14400, "statuses_count": 78172, "description": "IG: Napps126 \n#8and9Life", "friends_count": 898, "location": "Miami,FL", "profile_link_color": "3036A1", "profile_image_url": "http://pbs.twimg.com/profile_images/486185707291942913/VYcS-Nk3_normal.jpeg", "following": false, "geo_enabled": false, "profile_banner_url": "https://pbs.twimg.com/profile_banners/15864609/1404750692", "profile_background_image_url": "http://pbs.twimg.com/profile_background_images/426764395/220px-Carlos-Smith.jpg", "screen_name": "napps126", "lang": "en", "profile_background_tile": true, "favourites_count": 110, "name": "Napps126", "notifications": false, "url": "http://t.co/cQlxlOsjpn", "created_at": "Fri Aug 15 16:33:03 +0000 2008", "contributors_enabled": false, "time_zone": "Eastern Time (US & Canada)", "protected": false, "default_profile": false, "is_translator": false}, "geo": null, "in_reply_to_user_id_str": "21969052", "lang": "en", "created_at": "Fri Aug 15 14:26:38 +0000 2014", "in_reply_to_status_id_str": "500287184847798272", "place": null}
