{"contributors":null,"truncated":false,"text":"@napps126 @DanteB4u I'm all types of confused.","in_reply_to_status_id":500286604129619969,"id":500287184847798272,"favorite_count":1,"source":"<a href=\"http:\/\/twitter.com\/download\/iphone\" rel=\"nofollow\">Twitter for iPhone<\/a>","retweeted":false,"coordinates":null,"entities":{"symbols":[],"user_mentions":[{"id":15864609,"indices":[0,9],"id_str":"15864609","screen_name":"napps126","name":"Napps126"},{"id":63144098,"indices":[10,19],"id_str":"63144098","screen_name":"DanteB4u","name":"Dante Boykin"}],"hashtags":[],"urls":[]},"in_reply_to_screen_name":"napps126","id_str":"500287184847798272","retweet_count":0,"in_reply_to_user_id":15864609,"favorited":false,"user":{"follow_request_sent":false,"profile_use_background_image":true,"default_profile_image":false,"id":21969052,"profile_background_image_url_https":"https:\/\/pbs.twimg.com\/profile_background_images\/378800000149226877\/UTfAcP3g.jpeg","verified":false,"profile_text_color":"333333","profile_image_url_https":"https:\/\/pbs.twimg.com\/profile_images\/581486584832385024\/ocvSIeFy_normal.jpg","profile_sidebar_fill_color":"F3F3F3","entities":{"description":{"urls":[]}},"followers_count":2454,"profile_sidebar_border_color":"FFFFFF","id_str":"21969052","profile_background_color":"EBEBEB","listed_count":15,"is_translation_enabled":false,"utc_offset":-18000,"statuses_count":94441,"description":"Mark(at)Lemediaco(dot)Com. C9isTheFuture x Lower Eastcoast. Manager of @RavenxMiyagi x @JkTheReaper.","friends_count":1328,"location":"Miami, FL","profile_link_color":"990000","profile_image_url":"http:\/\/pbs.twimg.com\/profile_images\/581486584832385024\/ocvSIeFy_normal.jpg","following":false,"geo_enabled":true,"profile_banner_url":"https:\/\/pbs.twimg.com\/profile_banners\/21969052\/1386811868","profile_background_image_url":"http:\/\/pbs.twimg.com\/profile_background_images\/378800000149226877\/UTfAcP3g.jpeg","screen_name":"MarkMC9","lang":"en","profile_background_tile":false,"favourites_count":5774,"name":"C9 IS THE FUTURE","notifications":false,"url":null,"created_at":"Thu Feb 26 04:20:09 +0000 2009","contributors_enabled":false,"time_zone":"Central Time (US & Canada)","protected":false,"default_profile":false,"is_translator":false},"geo":null,"in_reply_to_user_id_str":"15864609","lang":"en","created_at":"Fri Aug 15 14:25:34 +0000 2014","in_reply_to_status_id_str":"500286604129619969","place":null}