{"contributors":null,"truncated":false,"text":"@MsRock4Ever @DanteB4u @AlwaysThinkHow  and his bullet would have been harmlessly in his pocket. #Ferguson","in_reply_to_status_id":500292264909107200,"id":500294835559866371,"favorite_count":2,"source":"<a href=\"https:\/\/twitter.com\/download\/android\" rel=\"nofollow\">Twitter for Android Tablets<\/a>","retweeted":false,"coordinates":{"type":"Point","coordinates":[-119.0128991,35.3894799]},"entities":{"symbols":[],"user_mentions":[{"id":73333278,"indices":[0,12],"id_str":"73333278","screen_name":"MsRock4Ever","name":"Joyce Jeffries"},{"id":63144098,"indices":[13,22],"id_str":"63144098","screen_name":"DanteB4u","name":"Dante Boykin"},{"id":47554499,"indices":[23,38],"id_str":"47554499","screen_name":"AlwaysThinkHow","name":"AlwaysThink"}],"hashtags":[{"indices":[97,106],"text":"Ferguson"}],"urls":[]},"in_reply_to_screen_name":"MsRock4Ever","id_str":"500294835559866371","retweet_count":2,"in_reply_to_user_id":73333278,"favorited":false,"user":{"follow_request_sent":false,"profile_use_background_image":true,"default_profile_image":false,"id":402977147,"profile_background_image_url_https":"https:\/\/abs.twimg.com\/images\/themes\/theme14\/bg.gif","verified":false,"profile_text_color":"333333","profile_image_url_https":"https:\/\/pbs.twimg.com\/profile_images\/528932637994278912\/SrDHPn3o_normal.jpeg","profile_sidebar_fill_color":"EFEFEF","entities":{"description":{"urls":[]}},"followers_count":96,"profile_sidebar_border_color":"EEEEEE","id_str":"402977147","profile_background_color":"131516","listed_count":0,"is_translation_enabled":false,"utc_offset":-25200,"statuses_count":712,"description":"Just ME!","friends_count":267,"location":"BAKERSFIELD,CA","profile_link_color":"009999","profile_image_url":"http:\/\/pbs.twimg.com\/profile_images\/528932637994278912\/SrDHPn3o_normal.jpeg","following":false,"geo_enabled":true,"profile_banner_url":"https:\/\/pbs.twimg.com\/profile_banners\/402977147\/1404416169","profile_background_image_url":"http:\/\/abs.twimg.com\/images\/themes\/theme14\/bg.gif","screen_name":"Honeydohaulin","lang":"en","profile_background_tile":true,"favourites_count":22,"name":"powerofwoman","notifications":false,"url":null,"created_at":"Tue Nov 01 21:04:22 +0000 2011","contributors_enabled":false,"time_zone":"Pacific Time (US & Canada)","protected":false,"default_profile":false,"is_translator":false},"geo":{"type":"Point","coordinates":[35.3894799,-119.0128991]},"in_reply_to_user_id_str":"73333278","lang":"en","created_at":"Fri Aug 15 14:55:58 +0000 2014","in_reply_to_status_id_str":"500292264909107200","place":{"full_name":"Bakersfield, CA","url":"https:\/\/api.twitter.com\/1.1\/geo\/id\/960993b9cfdffda9.json","country":"United States","place_type":"city","bounding_box":{"type":"Polygon","coordinates":[[[-119.172179,35.255821],[-118.8274741,35.255821],[-118.8274741,35.4379816],[-119.172179,35.4379816]]]},"contained_within":[],"country_code":"US","attributes":{},"id":"960993b9cfdffda9","name":"Bakersfield"}}