{"contributors": null, "truncated": false, "text": "Agreed-also,if #MikeBrown was suspect,why not just question him? Why tell him &amp; friend get off road,not stop them? @danteb4u #bsDetector", "in_reply_to_status_id": 500279160795721728, "id": 500292183438925824, "favorite_count": 5, "source": "<a href=\"https://mobile.twitter.com\" rel=\"nofollow\">Mobile Web (M2)</a>", "retweeted": false, "coordinates": null, "entities": {"symbols": [], "user_mentions": [{"id": 63144098, "indices": [119, 128], "id_str": "63144098", "screen_name": "DanteB4u", "name": "Dante Boykin"}], "hashtags": [{"indices": [15, 25], "text": "MikeBrown"}, {"indices": [129, 140], "text": "bsDetector"}], "urls": []}, "in_reply_to_screen_name": "DanteB4u", "id_str": "500292183438925824", "retweet_count": 5, "in_reply_to_user_id": 63144098, "favorited": false, "user": {"follow_request_sent": false, "profile_use_background_image": true, "default_profile_image": false, "id": 310053009, "profile_background_image_url_https": "https://abs.twimg.com/images/themes/theme10/bg.gif", "verified": false, "profile_text_color": "3D1957", "profile_image_url_https": "https://pbs.twimg.com/profile_images/510626428509900800/KGhqJc0J_normal.jpeg", "profile_sidebar_fill_color": "7AC3EE", "entities": {"url": {"urls": [{"url": "http://t.co/8FIIlPrdS4", "indices": [0, 22], "expanded_url": "http://www.newspronto.com/sports/action-sports", "display_url": "newspronto.com/sports/action-\u2026"}]}, "description": {"urls": []}}, "followers_count": 2314, "profile_sidebar_border_color": "000000", "id_str": "310053009", "profile_background_color": "642D8B", "listed_count": 63, "is_translation_enabled": false, "utc_offset": -14400, "statuses_count": 8407, "description": "Writer/@HuffingtonPost contributor @worldbusnews ActionSports columnist/mom/educ8/artist/ Philosopher/yoga-Sk8-bike/50+ & still killin'it/autism advocate", "friends_count": 2519, "location": "Pittsburgh| ahead of the curve", "profile_link_color": "B818A5", "profile_image_url": "http://pbs.twimg.com/profile_images/510626428509900800/KGhqJc0J_normal.jpeg", "following": false, "geo_enabled": false, "profile_banner_url": "https://pbs.twimg.com/profile_banners/310053009/1354847494", "profile_background_image_url": "http://abs.twimg.com/images/themes/theme10/bg.gif", "screen_name": "LeighRoche8", "lang": "en", "profile_background_tile": true, "favourites_count": 496, "name": "Leigh Roche", "notifications": false, "url": "http://t.co/8FIIlPrdS4", "created_at": "Fri Jun 03 03:40:12 +0000 2011", "contributors_enabled": false, "time_zone": "Eastern Time (US & Canada)", "protected": false, "default_profile": false, "is_translator": false}, "geo": null, "in_reply_to_user_id_str": "63144098", "lang": "en", "created_at": "Fri Aug 15 14:45:26 +0000 2014", "in_reply_to_status_id_str": "500279160795721728", "place": null}
