{"contributors":null,"truncated":false,"text":"More like @MsRock4Ever @DanteB4u why was #DarrenWilson trying to pull #MikeBrown into police car thru the window?","in_reply_to_status_id":500281521841139712,"id":500289773525671936,"favorite_count":4,"source":"<a href=\"http:\/\/twitter.com\" rel=\"nofollow\">Twitter Web Client<\/a>","retweeted":false,"coordinates":null,"entities":{"symbols":[],"user_mentions":[{"id":73333278,"indices":[10,22],"id_str":"73333278","screen_name":"MsRock4Ever","name":"Joyce Jeffries"},{"id":63144098,"indices":[23,32],"id_str":"63144098","screen_name":"DanteB4u","name":"Dante Boykin"}],"hashtags":[{"indices":[41,54],"text":"DarrenWilson"},{"indices":[70,80],"text":"MikeBrown"}],"urls":[]},"in_reply_to_screen_name":"MsRock4Ever","id_str":"500289773525671936","retweet_count":5,"in_reply_to_user_id":73333278,"favorited":false,"user":{"follow_request_sent":false,"profile_use_background_image":true,"default_profile_image":false,"id":47554499,"profile_background_image_url_https":"https:\/\/pbs.twimg.com\/profile_background_images\/714571481\/c1fd1748774e27c1226b67ce7af9e7ee.jpeg","verified":false,"profile_text_color":"333333","profile_image_url_https":"https:\/\/pbs.twimg.com\/profile_images\/575374960480268288\/YKbwmWca_normal.jpeg","profile_sidebar_fill_color":"DDEEF6","entities":{"description":{"urls":[]}},"followers_count":3394,"profile_sidebar_border_color":"C0DEED","id_str":"47554499","profile_background_color":"C0DEED","listed_count":122,"is_translation_enabled":false,"utc_offset":-25200,"statuses_count":154687,"description":"Fighting 4 Medicare for All, Dog lover, econ nerd, photographer, life long Progressive thinker, think Snowden is wrong and I RT a lot even if I don't agree","friends_count":3301,"location":"USA","profile_link_color":"0084B4","profile_image_url":"http:\/\/pbs.twimg.com\/profile_images\/575374960480268288\/YKbwmWca_normal.jpeg","following":false,"geo_enabled":false,"profile_background_image_url":"http:\/\/pbs.twimg.com\/profile_background_images\/714571481\/c1fd1748774e27c1226b67ce7af9e7ee.jpeg","screen_name":"AlwaysThinkHow","lang":"en","profile_background_tile":true,"favourites_count":105,"name":"AlwaysThink","notifications":false,"url":null,"created_at":"Tue Jun 16 05:44:41 +0000 2009","contributors_enabled":false,"time_zone":"Pacific Time (US & Canada)","protected":false,"default_profile":false,"is_translator":false},"geo":null,"in_reply_to_user_id_str":"73333278","lang":"en","created_at":"Fri Aug 15 14:35:51 +0000 2014","in_reply_to_status_id_str":"500281521841139712","place":null}