{"contributors": null, "truncated": false, "text": "@iloanya1 @DanteB4u @num1_fan They had 2 splice some tapes together.", "in_reply_to_status_id": 500288878578642944, "id": 500294892606590977, "favorite_count": 2, "source": "<a href=\"https://mobile.twitter.com\" rel=\"nofollow\">Mobile Web (M5)</a>", "retweeted": false, "coordinates": null, "entities": {"symbols": [], "user_mentions": [{"id": 464308569, "indices": [0, 9], "id_str": "464308569", "screen_name": "iloanya1", "name": "chimezie"}, {"id": 63144098, "indices": [10, 19], "id_str": "63144098", "screen_name": "DanteB4u", "name": "Dante Boykin"}, {"id": 329415374, "indices": [20, 29], "id_str": "329415374", "screen_name": "num1_fan", "name": "\u2764 \u03b2\u0105\u0253\u0173 \u0122\u012f\u0157\u026d \u2764"}], "hashtags": [], "urls": []}, "in_reply_to_screen_name": "iloanya1", "id_str": "500294892606590977", "retweet_count": 2, "in_reply_to_user_id": 464308569, "favorited": false, "user": {"follow_request_sent": false, "profile_use_background_image": true, "default_profile_image": false, "id": 25588490, "profile_background_image_url_https": "https://abs.twimg.com/images/themes/theme1/bg.png", "verified": false, "profile_text_color": "333333", "profile_image_url_https": "https://pbs.twimg.com/profile_images/1514738733/in_our_younger_days_normal.jpg", "profile_sidebar_fill_color": "DDEEF6", "entities": {"description": {"urls": []}}, "followers_count": 1938, "profile_sidebar_border_color": "C0DEED", "id_str": "25588490", "profile_background_color": "C0DEED", "listed_count": 68, "is_translation_enabled": false, "utc_offset": null, "statuses_count": 49167, "description": "Philly born and raised.  Joined the Army in 1986 and still in.  I'm high speed, low drag, Teflon coated. Black, liberal, and proud.", "friends_count": 2045, "location": "Fort Bragg, NC", "profile_link_color": "0084B4", "profile_image_url": "http://pbs.twimg.com/profile_images/1514738733/in_our_younger_days_normal.jpg", "following": false, "geo_enabled": false, "profile_background_image_url": "http://abs.twimg.com/images/themes/theme1/bg.png", "screen_name": "asoldiersvoice", "lang": "en", "profile_background_tile": false, "favourites_count": 2560, "name": "Sharon Sharp", "notifications": false, "url": null, "created_at": "Fri Mar 20 22:22:00 +0000 2009", "contributors_enabled": false, "time_zone": null, "protected": false, "default_profile": true, "is_translator": false}, "geo": null, "in_reply_to_user_id_str": "464308569", "lang": "en", "created_at": "Fri Aug 15 14:56:12 +0000 2014", "in_reply_to_status_id_str": "500288878578642944", "place": null}
