{"contributors":null,"truncated":false,"text":"@DanteB4u Another question, how would the police engage a suspect from INSIDE his vehicle? And, why not question 2nd suspect?","in_reply_to_status_id":500279160795721728,"id":500298745301729282,"favorite_count":5,"source":"<a href=\"http:\/\/twitter.com\/download\/iphone\" rel=\"nofollow\">Twitter for iPhone<\/a>","retweeted":false,"coordinates":null,"entities":{"symbols":[],"user_mentions":[{"id":63144098,"indices":[0,9],"id_str":"63144098","screen_name":"DanteB4u","name":"Dante Boykin"}],"hashtags":[],"urls":[]},"in_reply_to_screen_name":"DanteB4u","id_str":"500298745301729282","retweet_count":12,"in_reply_to_user_id":63144098,"favorited":false,"user":{"follow_request_sent":false,"profile_use_background_image":true,"default_profile_image":false,"id":16631024,"profile_background_image_url_https":"https:\/\/abs.twimg.com\/images\/themes\/theme1\/bg.png","verified":false,"profile_text_color":"3E4415","profile_image_url_https":"https:\/\/pbs.twimg.com\/profile_images\/567484791537537025\/3jBHNDEk_normal.jpeg","profile_sidebar_fill_color":"99CC33","entities":{"description":{"urls":[]}},"followers_count":831,"profile_sidebar_border_color":"9D715E","id_str":"16631024","profile_background_color":"352726","listed_count":12,"is_translation_enabled":false,"utc_offset":-14400,"statuses_count":16544,"description":"Success is failing with enthusiasm.","friends_count":1725,"location":"HotLanta","profile_link_color":"D02B55","profile_image_url":"http:\/\/pbs.twimg.com\/profile_images\/567484791537537025\/3jBHNDEk_normal.jpeg","following":false,"geo_enabled":false,"profile_banner_url":"https:\/\/pbs.twimg.com\/profile_banners\/16631024\/1399075333","profile_background_image_url":"http:\/\/abs.twimg.com\/images\/themes\/theme1\/bg.png","screen_name":"Adebukola","lang":"en","profile_background_tile":false,"favourites_count":2081,"name":"Adebukola","notifications":false,"url":null,"created_at":"Tue Oct 07 15:13:06 +0000 2008","contributors_enabled":false,"time_zone":"Eastern Time (US & Canada)","protected":false,"default_profile":false,"is_translator":false},"geo":null,"in_reply_to_user_id_str":"63144098","lang":"en","created_at":"Fri Aug 15 15:11:30 +0000 2014","in_reply_to_status_id_str":"500279160795721728","place":null}