{"contributors": null, "truncated": false, "text": "@AlwaysThinkHow @DanteB4u @MsRock4Ever Thank goodness the cops in #Ferguson aren't very bright. Makes it easier to sue their sorry asses!", "in_reply_to_status_id": 500293402890469377, "id": 500294076273811459, "favorite_count": 5, "source": "<a href=\"http://twitter.com\" rel=\"nofollow\">Twitter Web Client</a>", "retweeted": false, "coordinates": null, "entities": {"symbols": [], "user_mentions": [{"id": 47554499, "indices": [0, 15], "id_str": "47554499", "screen_name": "AlwaysThinkHow", "name": "AlwaysThink"}, {"id": 63144098, "indices": [16, 25], "id_str": "63144098", "screen_name": "DanteB4u", "name": "Dante Boykin"}, {"id": 73333278, "indices": [26, 38], "id_str": "73333278", "screen_name": "MsRock4Ever", "name": "Joyce Jeffries"}], "hashtags": [{"indices": [66, 75], "text": "Ferguson"}], "urls": []}, "in_reply_to_screen_name": "AlwaysThinkHow", "id_str": "500294076273811459", "retweet_count": 2, "in_reply_to_user_id": 47554499, "favorited": false, "user": {"follow_request_sent": false, "profile_use_background_image": true, "default_profile_image": false, "id": 472629659, "profile_background_image_url_https": "https://abs.twimg.com/images/themes/theme1/bg.png", "verified": false, "profile_text_color": "333333", "profile_image_url_https": "https://pbs.twimg.com/profile_images/378800000142670701/3a2898c3d39f83cf1b67ad96b59d5b35_normal.png", "profile_sidebar_fill_color": "DDEEF6", "entities": {"description": {"urls": []}}, "followers_count": 1501, "profile_sidebar_border_color": "C0DEED", "id_str": "472629659", "profile_background_color": "C0DEED", "listed_count": 22, "is_translation_enabled": false, "utc_offset": -25200, "statuses_count": 13485, "description": "Liberal, Democratic. Late Bloomer-RN Student-INFP. Kind & Compassionate people are Gorgeous. Let's make this world great, Together! UniteBlue~yep, suck it!", "friends_count": 1927, "location": "San Diego, CA", "profile_link_color": "0084B4", "profile_image_url": "http://pbs.twimg.com/profile_images/378800000142670701/3a2898c3d39f83cf1b67ad96b59d5b35_normal.png", "following": false, "geo_enabled": false, "profile_background_image_url": "http://abs.twimg.com/images/themes/theme1/bg.png", "screen_name": "jaggy123", "lang": "en", "profile_background_tile": false, "favourites_count": 2798, "name": "Jaggy", "notifications": false, "url": null, "created_at": "Tue Jan 24 04:21:15 +0000 2012", "contributors_enabled": false, "time_zone": "Pacific Time (US & Canada)", "protected": false, "default_profile": true, "is_translator": false}, "geo": null, "in_reply_to_user_id_str": "47554499", "lang": "en", "created_at": "Fri Aug 15 14:52:57 +0000 2014", "in_reply_to_status_id_str": "500293402890469377", "place": null}
