{"contributors": null, "truncated": false, "text": "@DanteB4u | We need to see/review the statement by officer Wilson on what happened.", "in_reply_to_status_id": 500279160795721728, "id": 500325414917505024, "favorite_count": 1, "source": "<a href=\"http://twitter.com/download/iphone\" rel=\"nofollow\">Twitter for iPhone</a>", "retweeted": false, "coordinates": null, "entities": {"symbols": [], "user_mentions": [{"id": 63144098, "indices": [0, 9], "id_str": "63144098", "screen_name": "DanteB4u", "name": "Dante Boykin"}], "hashtags": [], "urls": []}, "in_reply_to_screen_name": "DanteB4u", "id_str": "500325414917505024", "retweet_count": 0, "in_reply_to_user_id": 63144098, "favorited": false, "user": {"follow_request_sent": false, "profile_use_background_image": true, "default_profile_image": false, "id": 17545469, "profile_background_image_url_https": "https://pbs.twimg.com/profile_background_images/13232447/big-waveride8.jpg", "verified": false, "profile_text_color": "171412", "profile_image_url_https": "https://pbs.twimg.com/profile_images/423696712947884032/16gB03Hk_normal.jpeg", "profile_sidebar_fill_color": "485C28", "entities": {"description": {"urls": []}}, "followers_count": 8086, "profile_sidebar_border_color": "B1BC49", "id_str": "17545469", "profile_background_color": "AFA441", "listed_count": 292, "is_translation_enabled": false, "utc_offset": -25200, "statuses_count": 253550, "description": "MLIS |#OWS | (Instead of bio, the Krishna maha mantra. Hare Krishna, hare Krishna, Krishna, Krishna, hare, hare. Hare Rama, hare Rama, Rama, Rama, hare, hare.)|", "friends_count": 6973, "location": "", "profile_link_color": "B3B34D", "profile_image_url": "http://pbs.twimg.com/profile_images/423696712947884032/16gB03Hk_normal.jpeg", "following": false, "geo_enabled": false, "profile_banner_url": "https://pbs.twimg.com/profile_banners/17545469/1349571078", "profile_background_image_url": "http://pbs.twimg.com/profile_background_images/13232447/big-waveride8.jpg", "screen_name": "norwind", "lang": "en", "profile_background_tile": false, "favourites_count": 574, "name": "norwind", "notifications": false, "url": null, "created_at": "Fri Nov 21 20:48:13 +0000 2008", "contributors_enabled": false, "time_zone": "Pacific Time (US & Canada)", "protected": false, "default_profile": false, "is_translator": false}, "geo": null, "in_reply_to_user_id_str": "63144098", "lang": "en", "created_at": "Fri Aug 15 16:57:29 +0000 2014", "in_reply_to_status_id_str": "500279160795721728", "place": null}
