{"contributors": null, "truncated": false, "text": "@coreybking @DanteB4u @CallsForJustice @nyblossom: Cop never mentions shooting. Dispatch never mentions robbery. http://t.co/jhZzCFUkmr", "in_reply_to_status_id": 500306362090680320, "id": 500311345665810433, "favorite_count": 4, "source": "<a href=\"http://twitter.com/#!/download/ipad\" rel=\"nofollow\">Twitter for iPad</a>", "retweeted": false, "coordinates": null, "entities": {"symbols": [], "user_mentions": [{"id": 281765208, "indices": [0, 11], "id_str": "281765208", "screen_name": "coreybking", "name": "Corey B. King"}, {"id": 63144098, "indices": [12, 21], "id_str": "63144098", "screen_name": "DanteB4u", "name": "Dante Boykin"}, {"id": 548020559, "indices": [22, 38], "id_str": "548020559", "screen_name": "CallsForJustice", "name": "Justice Calls"}, {"id": 80748017, "indices": [39, 49], "id_str": "80748017", "screen_name": "nyblossom", "name": "Kelly Doyle"}], "hashtags": [], "urls": [{"url": "http://t.co/jhZzCFUkmr", "indices": [113, 135], "expanded_url": "http://m.youtube.com/watch?v=Hf7CHTXx70o", "display_url": "m.youtube.com/watch?v=Hf7CHT\u2026"}]}, "in_reply_to_screen_name": "coreybking", "id_str": "500311345665810433", "retweet_count": 5, "in_reply_to_user_id": 281765208, "favorited": false, "user": {"follow_request_sent": false, "profile_use_background_image": true, "default_profile_image": false, "id": 80748017, "profile_background_image_url_https": "https://abs.twimg.com/images/themes/theme8/bg.gif", "verified": false, "profile_text_color": "333333", "profile_image_url_https": "https://pbs.twimg.com/profile_images/378800000093199067/010363c1dcbb6d4c27e0c19a44466ebe_normal.jpeg", "profile_sidebar_fill_color": "EADEAA", "entities": {"description": {"urls": []}}, "followers_count": 1455, "profile_sidebar_border_color": "D9B17E", "id_str": "80748017", "profile_background_color": "8B542B", "listed_count": 52, "is_translation_enabled": false, "utc_offset": -21600, "statuses_count": 4330, "description": "Obama Campaign #OFA 2012, #Uniteblue. Advocate for equal rights, special needs and moral living wages. Mother of Twins. I enjoy music, humor, biking, skiing.", "friends_count": 1287, "location": "From New York. Now in Colorado", "profile_link_color": "9D582E", "profile_image_url": "http://pbs.twimg.com/profile_images/378800000093199067/010363c1dcbb6d4c27e0c19a44466ebe_normal.jpeg", "following": false, "geo_enabled": true, "profile_banner_url": "https://pbs.twimg.com/profile_banners/80748017/1408054370", "profile_background_image_url": "http://abs.twimg.com/images/themes/theme8/bg.gif", "screen_name": "nyblossom", "lang": "en", "profile_background_tile": false, "favourites_count": 1435, "name": "Kelly Doyle", "notifications": false, "url": null, "created_at": "Thu Oct 08 02:48:28 +0000 2009", "contributors_enabled": false, "time_zone": "Mountain Time (US & Canada)", "protected": false, "default_profile": false, "is_translator": false}, "geo": null, "in_reply_to_user_id_str": "281765208", "possibly_sensitive": false, "lang": "en", "created_at": "Fri Aug 15 16:01:34 +0000 2014", "in_reply_to_status_id_str": "500306362090680320", "place": null}
