{"contributors": null, "truncated": false, "text": "@DanteB4u Besides a person who committed a robbery wouldn't call attention to himself by walking in the middle of the street. It's a lie.", "in_reply_to_status_id": 500303952391331843, "id": 500304474616119296, "favorite_count": 3, "source": "<a href=\"http://twitter.com\" rel=\"nofollow\">Twitter Web Client</a>", "retweeted": false, "coordinates": null, "entities": {"symbols": [], "user_mentions": [{"id": 63144098, "indices": [0, 9], "id_str": "63144098", "screen_name": "DanteB4u", "name": "Dante Boykin"}], "hashtags": [], "urls": []}, "in_reply_to_screen_name": "DanteB4u", "id_str": "500304474616119296", "retweet_count": 4, "in_reply_to_user_id": 63144098, "favorited": false, "user": {"follow_request_sent": false, "profile_use_background_image": true, "default_profile_image": false, "id": 81387499, "profile_background_image_url_https": "https://pbs.twimg.com/profile_background_images/642060157/4b8v9dbkdijowv3ws6z4.jpeg", "verified": false, "profile_text_color": "333333", "profile_image_url_https": "https://pbs.twimg.com/profile_images/463154028/IMG_1971_normal.JPG", "profile_sidebar_fill_color": "DDEEF6", "entities": {"url": {"urls": [{"url": "http://t.co/LHNdgeeoHq", "indices": [0, 22], "expanded_url": "http://www.celestialbuttons.com", "display_url": "celestialbuttons.com"}]}, "description": {"urls": []}}, "followers_count": 939, "profile_sidebar_border_color": "C0DEED", "id_str": "81387499", "profile_background_color": "C0DEED", "listed_count": 44, "is_translation_enabled": false, "utc_offset": -10800, "statuses_count": 17031, "description": "Nonprofit fundraiser with a focus on youth & LGBT causes; owner, Celestial Buttons. Loves genre fiction & memoirs. #UniteBlue", "friends_count": 804, "location": "Brooklyn, NY", "profile_link_color": "0084B4", "profile_image_url": "http://pbs.twimg.com/profile_images/463154028/IMG_1971_normal.JPG", "following": false, "geo_enabled": false, "profile_banner_url": "https://pbs.twimg.com/profile_banners/81387499/1360554983", "profile_background_image_url": "http://pbs.twimg.com/profile_background_images/642060157/4b8v9dbkdijowv3ws6z4.jpeg", "screen_name": "Changeagent26", "lang": "en", "profile_background_tile": true, "favourites_count": 1514, "name": "Celeste Leibowitz", "notifications": false, "url": "http://t.co/LHNdgeeoHq", "created_at": "Sat Oct 10 16:17:23 +0000 2009", "contributors_enabled": false, "time_zone": "Atlantic Time (Canada)", "protected": false, "default_profile": false, "is_translator": false}, "geo": null, "in_reply_to_user_id_str": "63144098", "lang": "en", "created_at": "Fri Aug 15 15:34:16 +0000 2014", "in_reply_to_status_id_str": "500303952391331843", "place": null}
