{"contributors": null, "truncated": false, "text": "TYPICAL OF COWARDS AND BULLIES @AlwaysThinkHow @DanteB4u", "in_reply_to_status_id": 500293402890469377, "id": 500340428701712384, "favorite_count": 0, "source": "<a href=\"http://twitter.com\" rel=\"nofollow\">Twitter Web Client</a>", "retweeted": false, "coordinates": null, "entities": {"symbols": [], "user_mentions": [{"id": 47554499, "indices": [31, 46], "id_str": "47554499", "screen_name": "AlwaysThinkHow", "name": "AlwaysThink"}, {"id": 63144098, "indices": [47, 56], "id_str": "63144098", "screen_name": "DanteB4u", "name": "Dante Boykin"}], "hashtags": [], "urls": []}, "in_reply_to_screen_name": "AlwaysThinkHow", "id_str": "500340428701712384", "retweet_count": 0, "in_reply_to_user_id": 47554499, "favorited": false, "user": {"follow_request_sent": false, "profile_use_background_image": true, "default_profile_image": false, "id": 73333278, "profile_background_image_url_https": "https://abs.twimg.com/images/themes/theme10/bg.gif", "verified": false, "profile_text_color": "3D1957", "profile_image_url_https": "https://pbs.twimg.com/profile_images/429881024068071424/GXg-iNDn_normal.png", "profile_sidebar_fill_color": "7AC3EE", "entities": {"url": {"urls": [{"url": "https://t.co/JjufZ3B61q", "indices": [0, 23], "expanded_url": "https://plus.google.com/u/0/110051358394673854859/about", "display_url": "plus.google.com/u/0/1100513583\u2026"}]}, "description": {"urls": []}}, "followers_count": 11073, "profile_sidebar_border_color": "FFFFFF", "id_str": "73333278", "profile_background_color": "642D8B", "listed_count": 301, "is_translation_enabled": false, "utc_offset": -14400, "statuses_count": 166370, "description": "Humanitarian, Social Activist, Yellow Dog Democrat; Equal Rights for ALL!  LOVE President Obama, also music, books, Native America, & British Isles,", "friends_count": 12114, "location": "Bedford, Indiana ", "profile_link_color": "2E0ADC", "profile_image_url": "http://pbs.twimg.com/profile_images/429881024068071424/GXg-iNDn_normal.png", "following": false, "geo_enabled": true, "profile_banner_url": "https://pbs.twimg.com/profile_banners/73333278/1360919787", "profile_background_image_url": "http://abs.twimg.com/images/themes/theme10/bg.gif", "screen_name": "MsRock4Ever", "lang": "en", "profile_background_tile": true, "favourites_count": 78031, "name": "Joyce Jeffries", "notifications": false, "url": "https://t.co/JjufZ3B61q", "created_at": "Fri Sep 11 07:31:44 +0000 2009", "contributors_enabled": false, "time_zone": "Eastern Time (US & Canada)", "protected": false, "default_profile": false, "is_translator": false}, "geo": null, "in_reply_to_user_id_str": "47554499", "lang": "en", "created_at": "Fri Aug 15 17:57:08 +0000 2014", "in_reply_to_status_id_str": "500293402890469377", "place": null}
