{"contributors": null, "truncated": false, "text": "@kristacole17 @DanteB4u @CallsForJustice Of course not...they have this fake police report, but no dispatch call detailing alleged robbery!", "in_reply_to_status_id": 500310835219431424, "id": 500311033110855680, "favorite_count": 1, "source": "<a href=\"http://twitter.com\" rel=\"nofollow\">Twitter Web Client</a>", "retweeted": false, "coordinates": null, "entities": {"symbols": [], "user_mentions": [{"id": 259626002, "indices": [0, 13], "id_str": "259626002", "screen_name": "kristacole17", "name": "Krista"}, {"id": 63144098, "indices": [14, 23], "id_str": "63144098", "screen_name": "DanteB4u", "name": "Dante Boykin"}, {"id": 548020559, "indices": [24, 40], "id_str": "548020559", "screen_name": "CallsForJustice", "name": "Justice Calls"}], "hashtags": [], "urls": []}, "in_reply_to_screen_name": "kristacole17", "id_str": "500311033110855680", "retweet_count": 3, "in_reply_to_user_id": 259626002, "favorited": false, "user": {"follow_request_sent": false, "profile_use_background_image": true, "default_profile_image": false, "id": 281765208, "profile_background_image_url_https": "https://abs.twimg.com/images/themes/theme1/bg.png", "verified": false, "profile_text_color": "333333", "profile_image_url_https": "https://pbs.twimg.com/profile_images/433997022647967744/0xKgv_p7_normal.jpeg", "profile_sidebar_fill_color": "DDEEF6", "entities": {"url": {"urls": [{"url": "http://t.co/oq0aDix2rO", "indices": [0, 22], "expanded_url": "http://coreybushea.blogspot.com", "display_url": "coreybushea.blogspot.com"}]}, "description": {"urls": []}}, "followers_count": 1376, "profile_sidebar_border_color": "C0DEED", "id_str": "281765208", "profile_background_color": "C0DEED", "listed_count": 25, "is_translation_enabled": false, "utc_offset": -18000, "statuses_count": 42137, "description": "I am an  actor, singer, and author looking to network! Just published my first book, Let Not Your Heart Be Troubled", "friends_count": 2000, "location": "Greensboro, North Carolina", "profile_link_color": "0084B4", "profile_image_url": "http://pbs.twimg.com/profile_images/433997022647967744/0xKgv_p7_normal.jpeg", "following": false, "geo_enabled": false, "profile_background_image_url": "http://abs.twimg.com/images/themes/theme1/bg.png", "screen_name": "coreybking", "lang": "en", "profile_background_tile": false, "favourites_count": 44, "name": "Corey B. King", "notifications": false, "url": "http://t.co/oq0aDix2rO", "created_at": "Wed Apr 13 22:52:59 +0000 2011", "contributors_enabled": false, "time_zone": "Quito", "protected": false, "default_profile": true, "is_translator": false}, "geo": null, "in_reply_to_user_id_str": "259626002", "lang": "en", "created_at": "Fri Aug 15 16:00:20 +0000 2014", "in_reply_to_status_id_str": "500310835219431424", "place": null}
