{"contributors":null,"truncated":false,"text":"@orangeseahorse @Alasscan_ - Even if not innocent, no justification for violating rights, removing due process &amp; execution #Ferguson MURDER!","in_reply_to_status_id":500299354499198976,"id":500301270532370433,"favorite_count":12,"source":"<a href=\"http:\/\/twitter.com\/download\/iphone\" rel=\"nofollow\">Twitter for iPhone<\/a>","retweeted":false,"coordinates":null,"entities":{"symbols":[],"user_mentions":[{"id":32052180,"indices":[0,15],"id_str":"32052180","screen_name":"orangeseahorse","name":"The New Me"},{"id":26070572,"indices":[16,26],"id_str":"26070572","screen_name":"Alasscan_","name":"    Alasscan\u2122"}],"hashtags":[{"indices":[127,136],"text":"Ferguson"}],"urls":[]},"in_reply_to_screen_name":"orangeseahorse","id_str":"500301270532370433","retweet_count":21,"in_reply_to_user_id":32052180,"favorited":false,"user":{"follow_request_sent":false,"profile_use_background_image":true,"default_profile_image":false,"id":63144098,"profile_background_image_url_https":"https:\/\/abs.twimg.com\/images\/themes\/theme14\/bg.gif","verified":false,"profile_text_color":"333333","profile_image_url_https":"https:\/\/pbs.twimg.com\/profile_images\/544344625297641472\/544nVXkO_normal.jpeg","profile_sidebar_fill_color":"EFEFEF","entities":{"url":{"urls":[{"url":"http:\/\/t.co\/BRCqJdTU5D","indices":[0,22],"expanded_url":"http:\/\/uniteblue.com\/user\/DanteB4u","display_url":"uniteblue.com\/user\/DanteB4u"}]},"description":{"urls":[]}},"followers_count":11402,"profile_sidebar_border_color":"EEEEEE","id_str":"63144098","profile_background_color":"131516","listed_count":216,"is_translation_enabled":false,"utc_offset":-14400,"statuses_count":36915,"description":"#UniteBlue, #OFA, ex-conservative. Views are mine. Consultant, Mentor, Concerned Citizen; Focused and Purposeful! Step Up and Step Out, or Step out of the way!","friends_count":10095,"location":"United States","profile_link_color":"009999","profile_image_url":"http:\/\/pbs.twimg.com\/profile_images\/544344625297641472\/544nVXkO_normal.jpeg","following":false,"geo_enabled":false,"profile_banner_url":"https:\/\/pbs.twimg.com\/profile_banners\/63144098\/1354164504","profile_background_image_url":"http:\/\/abs.twimg.com\/images\/themes\/theme14\/bg.gif","screen_name":"DanteB4u","lang":"en","profile_background_tile":true,"favourites_count":55391,"name":"Dante Boykin","notifications":false,"url":"http:\/\/t.co\/BRCqJdTU5D","created_at":"Wed Aug 05 14:17:49 +0000 2009","contributors_enabled":false,"time_zone":"Eastern Time (US & Canada)","protected":false,"default_profile":false,"is_translator":false},"geo":null,"in_reply_to_user_id_str":"32052180","lang":"en","created_at":"Fri Aug 15 15:21:32 +0000 2014","in_reply_to_status_id_str":"500299354499198976","place":null}