{"contributors": null, "truncated": false, "text": "@DanteB4u Sov. Citizen in Dallas this week PLANNED TO KILL COPS and was brought in alive, how come a Shoplifter is denied same courtesy?", "in_reply_to_status_id": 500301270532370433, "id": 500304544257949696, "favorite_count": 3, "source": "<a href=\"http://twitter.com\" rel=\"nofollow\">Twitter Web Client</a>", "retweeted": false, "coordinates": null, "entities": {"symbols": [], "user_mentions": [{"id": 63144098, "indices": [0, 9], "id_str": "63144098", "screen_name": "DanteB4u", "name": "Dante Boykin"}], "hashtags": [], "urls": []}, "in_reply_to_screen_name": "DanteB4u", "id_str": "500304544257949696", "retweet_count": 5, "in_reply_to_user_id": 63144098, "favorited": false, "user": {"follow_request_sent": false, "profile_use_background_image": true, "default_profile_image": false, "id": 14731096, "profile_background_image_url_https": "https://pbs.twimg.com/profile_background_images/8833477/V18-261c.jpg", "verified": false, "profile_text_color": "333333", "profile_image_url_https": "https://pbs.twimg.com/profile_images/3193800414/322a3ba8a9dc35ef95d2b886bb9fa343_normal.png", "profile_sidebar_fill_color": "A0C5C7", "entities": {"url": {"urls": [{"url": "http://t.co/Colz5SEo9t", "indices": [0, 22], "expanded_url": "http://isitanygood.biz", "display_url": "isitanygood.biz"}]}, "description": {"urls": []}}, "followers_count": 7381, "profile_sidebar_border_color": "86A4A6", "id_str": "14731096", "profile_background_color": "709397", "listed_count": 186, "is_translation_enabled": false, "utc_offset": -25200, "statuses_count": 52096, "description": "Food Blogger, Part Time Political Consultant, Photographer, Lover of Movies, attempting to write and design for same: #UniteBlue", "friends_count": 7140, "location": "Southern California", "profile_link_color": "FF3300", "profile_image_url": "http://pbs.twimg.com/profile_images/3193800414/322a3ba8a9dc35ef95d2b886bb9fa343_normal.png", "following": false, "geo_enabled": true, "profile_banner_url": "https://pbs.twimg.com/profile_banners/14731096/1355631435", "profile_background_image_url": "http://pbs.twimg.com/profile_background_images/8833477/V18-261c.jpg", "screen_name": "admiralmpj", "lang": "en", "profile_background_tile": false, "favourites_count": 289, "name": "Malcolm Johnson", "notifications": false, "url": "http://t.co/Colz5SEo9t", "created_at": "Sun May 11 05:06:04 +0000 2008", "contributors_enabled": false, "time_zone": "Pacific Time (US & Canada)", "protected": false, "default_profile": false, "is_translator": false}, "geo": null, "in_reply_to_user_id_str": "63144098", "lang": "en", "created_at": "Fri Aug 15 15:34:33 +0000 2014", "in_reply_to_status_id_str": "500301270532370433", "place": null}
