{"contributors":null,"truncated":false,"text":"@DanteB4u theve acted the same even over a bag of chips","in_reply_to_status_id":500279160795721728,"id":500308563269783552,"favorite_count":1,"source":"<a href=\"http:\/\/twitter.com\/download\/android\" rel=\"nofollow\">Twitter for Android<\/a>","retweeted":false,"coordinates":null,"entities":{"symbols":[],"user_mentions":[{"id":63144098,"indices":[0,9],"id_str":"63144098","screen_name":"DanteB4u","name":"Dante Boykin"}],"hashtags":[],"urls":[]},"in_reply_to_screen_name":"DanteB4u","id_str":"500308563269783552","retweet_count":0,"in_reply_to_user_id":63144098,"favorited":false,"user":{"follow_request_sent":false,"profile_use_background_image":true,"default_profile_image":false,"id":16260811,"profile_background_image_url_https":"https:\/\/pbs.twimg.com\/profile_background_images\/693339880\/78e4773413921f978838d47b7a6d067c.png","verified":false,"profile_text_color":"0B2E30","profile_image_url_https":"https:\/\/pbs.twimg.com\/profile_images\/583029537564282880\/5-pnMCim_normal.jpg","profile_sidebar_fill_color":"00A4B2","entities":{"description":{"urls":[]}},"followers_count":798,"profile_sidebar_border_color":"28EAF6","id_str":"16260811","profile_background_color":"041C28","listed_count":6,"is_translation_enabled":false,"utc_offset":null,"statuses_count":11047,"description":"Father,Home Health Care Giver, PC , Gaming, Politics, Civil Rights, Paranormal, Comedy, Music, outdoors, Freinds...The Dude Abides...","friends_count":1932,"location":"Cape Coral, Florida","profile_link_color":"267513","profile_image_url":"http:\/\/pbs.twimg.com\/profile_images\/583029537564282880\/5-pnMCim_normal.jpg","following":false,"geo_enabled":true,"profile_banner_url":"https:\/\/pbs.twimg.com\/profile_banners\/16260811\/1408702090","profile_background_image_url":"http:\/\/pbs.twimg.com\/profile_background_images\/693339880\/78e4773413921f978838d47b7a6d067c.png","screen_name":"mystic247","lang":"en","profile_background_tile":true,"favourites_count":5569,"name":"mystic247","notifications":false,"url":null,"created_at":"Fri Sep 12 18:34:40 +0000 2008","contributors_enabled":false,"time_zone":null,"protected":false,"default_profile":false,"is_translator":false},"geo":null,"in_reply_to_user_id_str":"63144098","lang":"en","created_at":"Fri Aug 15 15:50:31 +0000 2014","in_reply_to_status_id_str":"500279160795721728","place":null}