{"contributors": null, "truncated": false, "text": "@DanteB4u @Maggyw519 @orangeseahorse @Alasscan_  The problem is that some police and others believe in a concept of a Free Kill.", "in_reply_to_status_id": 500301270532370433, "id": 500303942040186880, "favorite_count": 1, "source": "<a href=\"http://twitter.com/download/iphone\" rel=\"nofollow\">Twitter for iPhone</a>", "retweeted": false, "coordinates": null, "entities": {"symbols": [], "user_mentions": [{"id": 63144098, "indices": [0, 9], "id_str": "63144098", "screen_name": "DanteB4u", "name": "Dante Boykin"}, {"id": 312248392, "indices": [10, 20], "id_str": "312248392", "screen_name": "Maggyw519", "name": "Maggy"}, {"id": 32052180, "indices": [21, 36], "id_str": "32052180", "screen_name": "orangeseahorse", "name": "The New Me"}, {"id": 26070572, "indices": [37, 47], "id_str": "26070572", "screen_name": "Alasscan_", "name": "    Alasscan\u2122"}], "hashtags": [], "urls": []}, "in_reply_to_screen_name": "DanteB4u", "id_str": "500303942040186880", "retweet_count": 2, "in_reply_to_user_id": 63144098, "favorited": false, "user": {"follow_request_sent": false, "profile_use_background_image": true, "default_profile_image": false, "id": 542947234, "profile_background_image_url_https": "https://abs.twimg.com/images/themes/theme1/bg.png", "verified": false, "profile_text_color": "333333", "profile_image_url_https": "https://pbs.twimg.com/profile_images/2063187555/image_normal.jpg", "profile_sidebar_fill_color": "DDEEF6", "entities": {"description": {"urls": []}}, "followers_count": 1241, "profile_sidebar_border_color": "C0DEED", "id_str": "542947234", "profile_background_color": "C0DEED", "listed_count": 22, "is_translation_enabled": false, "utc_offset": null, "statuses_count": 6510, "description": "Radical female who does not like racists and misogynists. #RWNJ need to twit elsewhere. Your Libertarian, Tea Party, false Christianity selves will go to Hell.", "friends_count": 1992, "location": "TX", "profile_link_color": "0084B4", "profile_image_url": "http://pbs.twimg.com/profile_images/2063187555/image_normal.jpg", "following": false, "geo_enabled": false, "profile_banner_url": "https://pbs.twimg.com/profile_banners/542947234/1408118668", "profile_background_image_url": "http://abs.twimg.com/images/themes/theme1/bg.png", "screen_name": "DorothyKidd1", "lang": "en", "profile_background_tile": false, "favourites_count": 5349, "name": "Dorothy Kidd", "notifications": false, "url": null, "created_at": "Sun Apr 01 23:49:12 +0000 2012", "contributors_enabled": false, "time_zone": null, "protected": false, "default_profile": true, "is_translator": false}, "geo": null, "in_reply_to_user_id_str": "63144098", "lang": "en", "created_at": "Fri Aug 15 15:32:09 +0000 2014", "in_reply_to_status_id_str": "500301270532370433", "place": null}
