{"contributors": null, "truncated": false, "text": "@DanteB4u @KatEdmiston Probable cause for what? The alleged robbery that cop wasn't aware of (so it appears) or alleged assault of cop?", "in_reply_to_status_id": 500303144429973508, "id": 500307074589659137, "favorite_count": 3, "source": "<a href=\"http://twitter.com/download/iphone\" rel=\"nofollow\">Twitter for iPhone</a>", "retweeted": false, "coordinates": null, "entities": {"symbols": [], "user_mentions": [{"id": 63144098, "indices": [0, 9], "id_str": "63144098", "screen_name": "DanteB4u", "name": "Dante Boykin"}, {"id": 1932816230, "indices": [10, 22], "id_str": "1932816230", "screen_name": "KatEdmiston", "name": "Katherine D Edmiston"}], "hashtags": [], "urls": []}, "in_reply_to_screen_name": "DanteB4u", "id_str": "500307074589659137", "retweet_count": 3, "in_reply_to_user_id": 63144098, "favorited": false, "user": {"follow_request_sent": false, "profile_use_background_image": true, "default_profile_image": false, "id": 513774875, "profile_background_image_url_https": "https://abs.twimg.com/images/themes/theme1/bg.png", "verified": false, "profile_text_color": "333333", "profile_image_url_https": "https://pbs.twimg.com/profile_images/484106597640048640/TP64Nsny_normal.jpeg", "profile_sidebar_fill_color": "DDEEF6", "entities": {"url": {"urls": [{"url": "http://t.co/5rdMrXkebS", "indices": [0, 22], "expanded_url": "http://www.michellewarrenlaw.com", "display_url": "michellewarrenlaw.com"}]}, "description": {"urls": []}}, "followers_count": 2702, "profile_sidebar_border_color": "C0DEED", "id_str": "513774875", "profile_background_color": "C0DEED", "listed_count": 63, "is_translation_enabled": false, "utc_offset": -25200, "statuses_count": 220201, "description": "CuriousEsq./I abhor the obvious. Tweet 4me-Leftie-hand&views/NoRWNorSpam/Cheyenne River Sioux&Chippewa/\u2764#44PBO.MNraised\u2764music&laughing#Vote2014", "friends_count": 2808, "location": "Taos,NM", "profile_link_color": "0084B4", "profile_image_url": "http://pbs.twimg.com/profile_images/484106597640048640/TP64Nsny_normal.jpeg", "following": false, "geo_enabled": true, "profile_banner_url": "https://pbs.twimg.com/profile_banners/513774875/1404255306", "profile_background_image_url": "http://abs.twimg.com/images/themes/theme1/bg.png", "screen_name": "mmwlawtaos", "lang": "en", "profile_background_tile": false, "favourites_count": 6357, "name": "Michelle", "notifications": false, "url": "http://t.co/5rdMrXkebS", "created_at": "Sun Mar 04 00:41:56 +0000 2012", "contributors_enabled": false, "time_zone": "Arizona", "protected": false, "default_profile": true, "is_translator": false}, "geo": null, "in_reply_to_user_id_str": "63144098", "lang": "en", "created_at": "Fri Aug 15 15:44:36 +0000 2014", "in_reply_to_status_id_str": "500303144429973508", "place": null}
