{"contributors":null,"truncated":false,"text":"@DorothyKidd1 Absolutely!  @DanteB4u @Maggyw519 @orangeseahorse","in_reply_to_status_id":500303330825216000,"id":500303993805889537,"favorite_count":1,"source":"<a href=\"http:\/\/twitter.com\" rel=\"nofollow\">Twitter Web Client<\/a>","retweeted":false,"coordinates":null,"entities":{"symbols":[],"user_mentions":[{"id":542947234,"indices":[0,13],"id_str":"542947234","screen_name":"DorothyKidd1","name":"Dorothy Kidd"},{"id":63144098,"indices":[27,36],"id_str":"63144098","screen_name":"DanteB4u","name":"Dante Boykin"},{"id":312248392,"indices":[37,47],"id_str":"312248392","screen_name":"Maggyw519","name":"Maggy"},{"id":32052180,"indices":[48,63],"id_str":"32052180","screen_name":"orangeseahorse","name":"The New Me"}],"hashtags":[],"urls":[]},"in_reply_to_screen_name":"DorothyKidd1","id_str":"500303993805889537","retweet_count":0,"in_reply_to_user_id":542947234,"favorited":false,"user":{"follow_request_sent":false,"profile_use_background_image":true,"default_profile_image":false,"id":26070572,"profile_background_image_url_https":"https:\/\/pbs.twimg.com\/profile_background_images\/378800000178345390\/-E-0Mtah.jpeg","verified":false,"profile_text_color":"2280A9","profile_image_url_https":"https:\/\/pbs.twimg.com\/profile_images\/576260548880269312\/oQsUID-d_normal.jpeg","profile_sidebar_fill_color":"020812","entities":{"description":{"urls":[]}},"followers_count":6637,"profile_sidebar_border_color":"000000","id_str":"26070572","profile_background_color":"020812","listed_count":179,"is_translation_enabled":false,"utc_offset":-18000,"statuses_count":135827,"description":"Staunchly Liberal Dem-Female-Equal Rights For All - Say what I mean & mean what I say #Vets #OFA #SeniorCitizens #LGBT #Immigration\r\nI'm also @_Beach_Combing","friends_count":6282,"location":"","profile_link_color":"17406C","profile_image_url":"http:\/\/pbs.twimg.com\/profile_images\/576260548880269312\/oQsUID-d_normal.jpeg","following":false,"geo_enabled":false,"profile_background_image_url":"http:\/\/pbs.twimg.com\/profile_background_images\/378800000178345390\/-E-0Mtah.jpeg","screen_name":"Alasscan_","lang":"en","profile_background_tile":true,"favourites_count":10572,"name":"    Alasscan\u2122","notifications":false,"url":null,"created_at":"Mon Mar 23 19:30:32 +0000 2009","contributors_enabled":false,"time_zone":"Central Time (US & Canada)","protected":false,"default_profile":false,"is_translator":false},"geo":null,"in_reply_to_user_id_str":"542947234","lang":"en","created_at":"Fri Aug 15 15:32:21 +0000 2014","in_reply_to_status_id_str":"500303330825216000","place":null}