{"contributors": null, "truncated": false, "text": "@mmwlawtaos @DanteB4u @KatEdmiston There is a very fishy fishing expedition going on in #Ferguson looking for excuses for murder.", "in_reply_to_status_id": 500307074589659137, "id": 500313676654473217, "favorite_count": 2, "source": "<a href=\"http://twitter.com\" rel=\"nofollow\">Twitter Web Client</a>", "retweeted": false, "coordinates": null, "entities": {"symbols": [], "user_mentions": [{"id": 513774875, "indices": [0, 11], "id_str": "513774875", "screen_name": "mmwlawtaos", "name": "Michelle"}, {"id": 63144098, "indices": [12, 21], "id_str": "63144098", "screen_name": "DanteB4u", "name": "Dante Boykin"}, {"id": 1932816230, "indices": [22, 34], "id_str": "1932816230", "screen_name": "KatEdmiston", "name": "Katherine D Edmiston"}], "hashtags": [{"indices": [88, 97], "text": "Ferguson"}], "urls": []}, "in_reply_to_screen_name": "mmwlawtaos", "id_str": "500313676654473217", "retweet_count": 5, "in_reply_to_user_id": 513774875, "favorited": false, "user": {"follow_request_sent": false, "profile_use_background_image": true, "default_profile_image": false, "id": 770423912, "profile_background_image_url_https": "https://abs.twimg.com/images/themes/theme1/bg.png", "verified": false, "profile_text_color": "333333", "profile_image_url_https": "https://pbs.twimg.com/profile_images/378800000310645810/eb21b6a306901b33a3d114015550b5d1_normal.jpeg", "profile_sidebar_fill_color": "DDEEF6", "entities": {"description": {"urls": []}}, "followers_count": 1376, "profile_sidebar_border_color": "C0DEED", "id_str": "770423912", "profile_background_color": "C0DEED", "listed_count": 30, "is_translation_enabled": false, "utc_offset": -25200, "statuses_count": 48845, "description": "Madisonian and FDR Democrat.  Vietnam Era Vet.  BA, MTh, Honorary DD. Spiritual without being religious.  Non-dualist. Skeptical Mystic.", "friends_count": 1962, "location": "Portland, Oregon", "profile_link_color": "0084B4", "profile_image_url": "http://pbs.twimg.com/profile_images/378800000310645810/eb21b6a306901b33a3d114015550b5d1_normal.jpeg", "following": false, "geo_enabled": false, "profile_background_image_url": "http://abs.twimg.com/images/themes/theme1/bg.png", "screen_name": "JamesEFaubel", "lang": "en", "profile_background_tile": false, "favourites_count": 1519, "name": "James E. Faubel", "notifications": false, "url": null, "created_at": "Mon Aug 20 23:30:41 +0000 2012", "contributors_enabled": false, "time_zone": "Pacific Time (US & Canada)", "protected": false, "default_profile": true, "is_translator": false}, "geo": null, "in_reply_to_user_id_str": "513774875", "lang": "en", "created_at": "Fri Aug 15 16:10:50 +0000 2014", "in_reply_to_status_id_str": "500307074589659137", "place": null}
