{"contributors": null, "truncated": false, "text": "@MsRock4Ever @walteredwards2 @DanteB4u Yes!", "in_reply_to_status_id": 500345170295271425, "id": 500345332811956224, "favorite_count": 1, "source": "<a href=\"http://twitter.com\" rel=\"nofollow\">Twitter Web Client</a>", "retweeted": false, "coordinates": null, "entities": {"symbols": [], "user_mentions": [{"id": 73333278, "indices": [0, 12], "id_str": "73333278", "screen_name": "MsRock4Ever", "name": "Joyce Jeffries"}, {"id": 450175106, "indices": [13, 28], "id_str": "450175106", "screen_name": "walteredwards2", "name": "walter edwards"}, {"id": 63144098, "indices": [29, 38], "id_str": "63144098", "screen_name": "DanteB4u", "name": "Dante Boykin"}], "hashtags": [], "urls": []}, "in_reply_to_screen_name": "MsRock4Ever", "id_str": "500345332811956224", "retweet_count": 0, "in_reply_to_user_id": 73333278, "favorited": false, "user": {"follow_request_sent": false, "profile_use_background_image": true, "default_profile_image": false, "id": 472629659, "profile_background_image_url_https": "https://abs.twimg.com/images/themes/theme1/bg.png", "verified": false, "profile_text_color": "333333", "profile_image_url_https": "https://pbs.twimg.com/profile_images/378800000142670701/3a2898c3d39f83cf1b67ad96b59d5b35_normal.png", "profile_sidebar_fill_color": "DDEEF6", "entities": {"description": {"urls": []}}, "followers_count": 1501, "profile_sidebar_border_color": "C0DEED", "id_str": "472629659", "profile_background_color": "C0DEED", "listed_count": 22, "is_translation_enabled": false, "utc_offset": -25200, "statuses_count": 13485, "description": "Liberal, Democratic. Late Bloomer-RN Student-INFP. Kind & Compassionate people are Gorgeous. Let's make this world great, Together! UniteBlue~yep, suck it!", "friends_count": 1927, "location": "San Diego, CA", "profile_link_color": "0084B4", "profile_image_url": "http://pbs.twimg.com/profile_images/378800000142670701/3a2898c3d39f83cf1b67ad96b59d5b35_normal.png", "following": false, "geo_enabled": false, "profile_background_image_url": "http://abs.twimg.com/images/themes/theme1/bg.png", "screen_name": "jaggy123", "lang": "en", "profile_background_tile": false, "favourites_count": 2798, "name": "Jaggy", "notifications": false, "url": null, "created_at": "Tue Jan 24 04:21:15 +0000 2012", "contributors_enabled": false, "time_zone": "Pacific Time (US & Canada)", "protected": false, "default_profile": true, "is_translator": false}, "geo": null, "in_reply_to_user_id_str": "73333278", "lang": "und", "created_at": "Fri Aug 15 18:16:37 +0000 2014", "in_reply_to_status_id_str": "500345170295271425", "place": null}
