{"contributors": null, "truncated": false, "text": "@DanteB4u get outta d f'in road! (moreover). I'm sorry, time to call for the arrest now, of Mr. Darren Wilson.", "in_reply_to_status_id": 500279160795721728, "id": 500311553183588352, "favorite_count": 3, "source": "<a href=\"http://twitter.com\" rel=\"nofollow\">Twitter Web Client</a>", "retweeted": false, "coordinates": null, "entities": {"symbols": [], "user_mentions": [{"id": 63144098, "indices": [0, 9], "id_str": "63144098", "screen_name": "DanteB4u", "name": "Dante Boykin"}], "hashtags": [], "urls": []}, "in_reply_to_screen_name": "DanteB4u", "id_str": "500311553183588352", "retweet_count": 3, "in_reply_to_user_id": 63144098, "favorited": false, "user": {"follow_request_sent": false, "profile_use_background_image": true, "default_profile_image": false, "id": 259626002, "profile_background_image_url_https": "https://abs.twimg.com/images/themes/theme1/bg.png", "verified": false, "profile_text_color": "333333", "profile_image_url_https": "https://pbs.twimg.com/profile_images/500325956272152577/Yt8rjUyM_normal.jpeg", "profile_sidebar_fill_color": "DDEEF6", "entities": {"description": {"urls": []}}, "followers_count": 31, "profile_sidebar_border_color": "C0DEED", "id_str": "259626002", "profile_background_color": "C0DEED", "listed_count": 0, "is_translation_enabled": false, "utc_offset": null, "statuses_count": 466, "description": "I am an investor in KidzzWorld, LLC", "friends_count": 64, "location": "", "profile_link_color": "0084B4", "profile_image_url": "http://pbs.twimg.com/profile_images/500325956272152577/Yt8rjUyM_normal.jpeg", "following": false, "geo_enabled": false, "profile_banner_url": "https://pbs.twimg.com/profile_banners/259626002/1375018093", "profile_background_image_url": "http://abs.twimg.com/images/themes/theme1/bg.png", "screen_name": "kristacole17", "lang": "en", "profile_background_tile": false, "favourites_count": 18, "name": "Krista", "notifications": false, "url": null, "created_at": "Wed Mar 02 07:49:49 +0000 2011", "contributors_enabled": false, "time_zone": null, "protected": false, "default_profile": true, "is_translator": false}, "geo": null, "in_reply_to_user_id_str": "63144098", "lang": "en", "created_at": "Fri Aug 15 16:02:24 +0000 2014", "in_reply_to_status_id_str": "500279160795721728", "place": null}
