{"contributors": null, "truncated": false, "text": "@DanteB4u @DarkMission1 Why did it take 5 days for this \"info\" to come out? Looks like #Ferguson PD is looking for excuses for murder.", "in_reply_to_status_id": 500279160795721728, "id": 500309759367856129, "favorite_count": 5, "source": "<a href=\"http://twitter.com\" rel=\"nofollow\">Twitter Web Client</a>", "retweeted": false, "coordinates": null, "entities": {"symbols": [], "user_mentions": [{"id": 63144098, "indices": [0, 9], "id_str": "63144098", "screen_name": "DanteB4u", "name": "Dante Boykin"}, {"id": 469371578, "indices": [10, 23], "id_str": "469371578", "screen_name": "DarkMission1", "name": "Dark Mission"}], "hashtags": [{"indices": [87, 96], "text": "Ferguson"}], "urls": []}, "in_reply_to_screen_name": "DanteB4u", "id_str": "500309759367856129", "retweet_count": 8, "in_reply_to_user_id": 63144098, "favorited": false, "user": {"follow_request_sent": false, "profile_use_background_image": true, "default_profile_image": false, "id": 770423912, "profile_background_image_url_https": "https://abs.twimg.com/images/themes/theme1/bg.png", "verified": false, "profile_text_color": "333333", "profile_image_url_https": "https://pbs.twimg.com/profile_images/378800000310645810/eb21b6a306901b33a3d114015550b5d1_normal.jpeg", "profile_sidebar_fill_color": "DDEEF6", "entities": {"description": {"urls": []}}, "followers_count": 1376, "profile_sidebar_border_color": "C0DEED", "id_str": "770423912", "profile_background_color": "C0DEED", "listed_count": 30, "is_translation_enabled": false, "utc_offset": -25200, "statuses_count": 48845, "description": "Madisonian and FDR Democrat.  Vietnam Era Vet.  BA, MTh, Honorary DD. Spiritual without being religious.  Non-dualist. Skeptical Mystic.", "friends_count": 1962, "location": "Portland, Oregon", "profile_link_color": "0084B4", "profile_image_url": "http://pbs.twimg.com/profile_images/378800000310645810/eb21b6a306901b33a3d114015550b5d1_normal.jpeg", "following": false, "geo_enabled": false, "profile_background_image_url": "http://abs.twimg.com/images/themes/theme1/bg.png", "screen_name": "JamesEFaubel", "lang": "en", "profile_background_tile": false, "favourites_count": 1519, "name": "James E. Faubel", "notifications": false, "url": null, "created_at": "Mon Aug 20 23:30:41 +0000 2012", "contributors_enabled": false, "time_zone": "Pacific Time (US & Canada)", "protected": false, "default_profile": true, "is_translator": false}, "geo": null, "in_reply_to_user_id_str": "63144098", "lang": "en", "created_at": "Fri Aug 15 15:55:16 +0000 2014", "in_reply_to_status_id_str": "500279160795721728", "place": null}
