{"contributors": null, "truncated": false, "text": "@DanteB4u @orangeseahorse @Alasscan_ Someone needs to explain how the cop shot #MichaelBrown &amp; then NEVER called an ambulance?", "in_reply_to_status_id": 500301270532370433, "id": 500317100704288768, "favorite_count": 4, "source": "<a href=\"http://twitter.com\" rel=\"nofollow\">Twitter Web Client</a>", "retweeted": false, "coordinates": null, "entities": {"symbols": [], "user_mentions": [{"id": 63144098, "indices": [0, 9], "id_str": "63144098", "screen_name": "DanteB4u", "name": "Dante Boykin"}, {"id": 32052180, "indices": [10, 25], "id_str": "32052180", "screen_name": "orangeseahorse", "name": "The New Me"}, {"id": 26070572, "indices": [26, 36], "id_str": "26070572", "screen_name": "Alasscan_", "name": "    Alasscan\u2122"}], "hashtags": [{"indices": [79, 92], "text": "MichaelBrown"}], "urls": []}, "in_reply_to_screen_name": "DanteB4u", "id_str": "500317100704288768", "retweet_count": 6, "in_reply_to_user_id": 63144098, "favorited": false, "user": {"follow_request_sent": false, "profile_use_background_image": true, "default_profile_image": false, "id": 1667861336, "profile_background_image_url_https": "https://pbs.twimg.com/profile_background_images/432509886522331137/66dM1-OU.jpeg", "verified": false, "profile_text_color": "333333", "profile_image_url_https": "https://pbs.twimg.com/profile_images/378800000830115778/4d2ffe6283f0fea44f7574dfec8ac253_normal.jpeg", "profile_sidebar_fill_color": "DDEEF6", "entities": {"description": {"urls": []}}, "followers_count": 2736, "profile_sidebar_border_color": "FFFFFF", "id_str": "1667861336", "profile_background_color": "8398D6", "listed_count": 47, "is_translation_enabled": false, "utc_offset": -10800, "statuses_count": 20301, "description": "Experience demands that man is the only animal which devours his own kind, for I can apply no milder term to the general prey of rich on the poor. -T. JEFFERSON", "friends_count": 2708, "location": "New York, NY", "profile_link_color": "189CDE", "profile_image_url": "http://pbs.twimg.com/profile_images/378800000830115778/4d2ffe6283f0fea44f7574dfec8ac253_normal.jpeg", "following": false, "geo_enabled": false, "profile_banner_url": "https://pbs.twimg.com/profile_banners/1667861336/1397768583", "profile_background_image_url": "http://pbs.twimg.com/profile_background_images/432509886522331137/66dM1-OU.jpeg", "screen_name": "bucci2028", "lang": "en", "profile_background_tile": false, "favourites_count": 1107, "name": "Bucci", "notifications": false, "url": null, "created_at": "Tue Aug 13 13:48:52 +0000 2013", "contributors_enabled": false, "time_zone": "Atlantic Time (Canada)", "protected": false, "default_profile": false, "is_translator": false}, "geo": null, "in_reply_to_user_id_str": "63144098", "lang": "en", "created_at": "Fri Aug 15 16:24:26 +0000 2014", "in_reply_to_status_id_str": "500301270532370433", "place": null}
