{"contributors": null, "truncated": false, "text": "@jaggy123 @MsRock4Ever @AlwaysThinkHow @DanteB4u It's not about smarts, it's that they never had to justify their actions  \"Rubber Stamped\"", "in_reply_to_status_id": 500294076273811459, "id": 500338566229401600, "favorite_count": 2, "source": "<a href=\"http://twitter.com/download/android\" rel=\"nofollow\">Twitter for Android</a>", "retweeted": false, "coordinates": null, "entities": {"symbols": [], "user_mentions": [{"id": 472629659, "indices": [0, 9], "id_str": "472629659", "screen_name": "jaggy123", "name": "Jaggy"}, {"id": 73333278, "indices": [10, 22], "id_str": "73333278", "screen_name": "MsRock4Ever", "name": "Joyce Jeffries"}, {"id": 47554499, "indices": [23, 38], "id_str": "47554499", "screen_name": "AlwaysThinkHow", "name": "AlwaysThink"}, {"id": 63144098, "indices": [39, 48], "id_str": "63144098", "screen_name": "DanteB4u", "name": "Dante Boykin"}], "hashtags": [], "urls": []}, "in_reply_to_screen_name": "jaggy123", "id_str": "500338566229401600", "retweet_count": 2, "in_reply_to_user_id": 472629659, "favorited": false, "user": {"follow_request_sent": false, "profile_use_background_image": true, "default_profile_image": false, "id": 450175106, "profile_background_image_url_https": "https://abs.twimg.com/images/themes/theme1/bg.png", "verified": false, "profile_text_color": "333333", "profile_image_url_https": "https://pbs.twimg.com/profile_images/2316031063/bS83rA7g_normal", "profile_sidebar_fill_color": "DDEEF6", "entities": {"description": {"urls": []}}, "followers_count": 223, "profile_sidebar_border_color": "C0DEED", "id_str": "450175106", "profile_background_color": "C0DEED", "listed_count": 5, "is_translation_enabled": false, "utc_offset": null, "statuses_count": 11286, "description": "Retired Army and Socialist. I believe all should benefit from our society but all must contribute. Let us work together to move toward that dream.", "friends_count": 212, "location": "Ellenwood, Ga., ", "profile_link_color": "0084B4", "profile_image_url": "http://pbs.twimg.com/profile_images/2316031063/bS83rA7g_normal", "following": false, "geo_enabled": true, "profile_background_image_url": "http://abs.twimg.com/images/themes/theme1/bg.png", "screen_name": "walteredwards2", "lang": "en", "profile_background_tile": false, "favourites_count": 12955, "name": "walter edwards", "notifications": false, "url": null, "created_at": "Thu Dec 29 23:38:14 +0000 2011", "contributors_enabled": false, "time_zone": null, "protected": false, "default_profile": true, "is_translator": false}, "geo": null, "in_reply_to_user_id_str": "472629659", "lang": "en", "created_at": "Fri Aug 15 17:49:44 +0000 2014", "in_reply_to_status_id_str": "500294076273811459", "place": null}
