{"contributors":null,"truncated":false,"text":"@DanteB4u Absolutely my point!!  @orangeseahorse","in_reply_to_status_id":500301270532370433,"id":500301494193627136,"favorite_count":2,"source":"<a href=\"http:\/\/twitter.com\" rel=\"nofollow\">Twitter Web Client<\/a>","retweeted":false,"coordinates":null,"entities":{"symbols":[],"user_mentions":[{"id":63144098,"indices":[0,9],"id_str":"63144098","screen_name":"DanteB4u","name":"Dante Boykin"},{"id":32052180,"indices":[33,48],"id_str":"32052180","screen_name":"orangeseahorse","name":"The New Me"}],"hashtags":[],"urls":[]},"in_reply_to_screen_name":"DanteB4u","id_str":"500301494193627136","retweet_count":2,"in_reply_to_user_id":63144098,"favorited":false,"user":{"follow_request_sent":false,"profile_use_background_image":true,"default_profile_image":false,"id":26070572,"profile_background_image_url_https":"https:\/\/pbs.twimg.com\/profile_background_images\/378800000178345390\/-E-0Mtah.jpeg","verified":false,"profile_text_color":"2280A9","profile_image_url_https":"https:\/\/pbs.twimg.com\/profile_images\/576260548880269312\/oQsUID-d_normal.jpeg","profile_sidebar_fill_color":"020812","entities":{"description":{"urls":[]}},"followers_count":6637,"profile_sidebar_border_color":"000000","id_str":"26070572","profile_background_color":"020812","listed_count":179,"is_translation_enabled":false,"utc_offset":-18000,"statuses_count":135827,"description":"Staunchly Liberal Dem-Female-Equal Rights For All - Say what I mean & mean what I say #Vets #OFA #SeniorCitizens #LGBT #Immigration\r\nI'm also @_Beach_Combing","friends_count":6282,"location":"","profile_link_color":"17406C","profile_image_url":"http:\/\/pbs.twimg.com\/profile_images\/576260548880269312\/oQsUID-d_normal.jpeg","following":false,"geo_enabled":false,"profile_background_image_url":"http:\/\/pbs.twimg.com\/profile_background_images\/378800000178345390\/-E-0Mtah.jpeg","screen_name":"Alasscan_","lang":"en","profile_background_tile":true,"favourites_count":10572,"name":"    Alasscan\u2122","notifications":false,"url":null,"created_at":"Mon Mar 23 19:30:32 +0000 2009","contributors_enabled":false,"time_zone":"Central Time (US & Canada)","protected":false,"default_profile":false,"is_translator":false},"geo":null,"in_reply_to_user_id_str":"63144098","lang":"en","created_at":"Fri Aug 15 15:22:26 +0000 2014","in_reply_to_status_id_str":"500301270532370433","place":null}