{"contributors": null, "truncated": false, "text": "@DanteB4u @AlwaysThinkHow @MsRock4Ever That makes no sense at all.", "in_reply_to_status_id": 500291010010701825, "id": 500454080796704768, "favorite_count": 0, "source": "<a href=\"http://twitter.com\" rel=\"nofollow\">Twitter Web Client</a>", "retweeted": false, "coordinates": null, "entities": {"symbols": [], "user_mentions": [{"id": 63144098, "indices": [0, 9], "id_str": "63144098", "screen_name": "DanteB4u", "name": "Dante Boykin"}, {"id": 47554499, "indices": [10, 25], "id_str": "47554499", "screen_name": "AlwaysThinkHow", "name": "AlwaysThink"}, {"id": 73333278, "indices": [26, 38], "id_str": "73333278", "screen_name": "MsRock4Ever", "name": "Joyce Jeffries"}], "hashtags": [], "urls": []}, "in_reply_to_screen_name": "DanteB4u", "id_str": "500454080796704768", "retweet_count": 0, "in_reply_to_user_id": 63144098, "favorited": false, "user": {"follow_request_sent": false, "profile_use_background_image": false, "default_profile_image": false, "id": 2217173300, "profile_background_image_url_https": "https://abs.twimg.com/images/themes/theme1/bg.png", "verified": false, "profile_text_color": "000000", "profile_image_url_https": "https://pbs.twimg.com/profile_images/494525209848729600/lirODOYC_normal.png", "profile_sidebar_fill_color": "000000", "entities": {"url": {"urls": [{"url": "https://t.co/ipIfuKPzMv", "indices": [0, 23], "expanded_url": "https://homeguntraining.wordpress.com", "display_url": "homeguntraining.wordpress.com"}]}, "description": {"urls": []}}, "followers_count": 1385, "profile_sidebar_border_color": "000000", "id_str": "2217173300", "profile_background_color": "000000", "listed_count": 28, "is_translation_enabled": false, "utc_offset": -14400, "statuses_count": 6922, "description": "Firearms Instructor in the DC Metro Area.\r\n#NRA #GunSense #p2 #UniteBlue", "friends_count": 1957, "location": "Northern Virginia", "profile_link_color": "B3002D", "profile_image_url": "http://pbs.twimg.com/profile_images/494525209848729600/lirODOYC_normal.png", "following": false, "geo_enabled": false, "profile_background_image_url": "http://abs.twimg.com/images/themes/theme1/bg.png", "screen_name": "RealDefense", "lang": "en", "profile_background_tile": false, "favourites_count": 1582, "name": "RD", "notifications": false, "url": "https://t.co/ipIfuKPzMv", "created_at": "Wed Nov 27 04:47:24 +0000 2013", "contributors_enabled": false, "time_zone": "Eastern Time (US & Canada)", "protected": false, "default_profile": false, "is_translator": false}, "geo": null, "in_reply_to_user_id_str": "63144098", "lang": "en", "created_at": "Sat Aug 16 01:28:45 +0000 2014", "in_reply_to_status_id_str": "500291010010701825", "place": null}
