{"contributors":null,"truncated":false,"text":"@max843 @orangeseahorse @DanteB4u @Alasscan_ Dorian's lawyer said in CNN interview Dorian had admitted it as he give his witness statement","in_reply_to_status_id":500304014765199360,"id":500938515367342080,"favorite_count":1,"source":"<a href=\"http:\/\/twitter.com\" rel=\"nofollow\">Twitter Web Client<\/a>","retweeted":false,"coordinates":null,"entities":{"symbols":[],"user_mentions":[{"id":18286742,"indices":[0,7],"id_str":"18286742","screen_name":"max843","name":"max843"},{"id":32052180,"indices":[8,23],"id_str":"32052180","screen_name":"orangeseahorse","name":"The New Me"},{"id":63144098,"indices":[24,33],"id_str":"63144098","screen_name":"DanteB4u","name":"Dante Boykin"},{"id":26070572,"indices":[34,44],"id_str":"26070572","screen_name":"Alasscan_","name":"    Alasscan\u2122"}],"hashtags":[],"urls":[]},"in_reply_to_screen_name":"max843","id_str":"500938515367342080","retweet_count":0,"in_reply_to_user_id":18286742,"favorited":false,"user":{"follow_request_sent":false,"profile_use_background_image":true,"default_profile_image":false,"id":42657110,"profile_background_image_url_https":"https:\/\/abs.twimg.com\/images\/themes\/theme2\/bg.gif","verified":false,"profile_text_color":"333333","profile_image_url_https":"https:\/\/pbs.twimg.com\/profile_images\/583341421563789312\/FNuivZFx_normal.jpg","profile_sidebar_fill_color":"DDEEF6","entities":{"description":{"urls":[]}},"followers_count":966,"profile_sidebar_border_color":"FFFFFF","id_str":"42657110","profile_background_color":"C6E2EE","listed_count":33,"is_translation_enabled":false,"utc_offset":-21600,"statuses_count":21663,"description":"Lifelong Liberal. Veteran\/DoD employee,(Ret) Union supporter, mistrust of the GOP Agenda. Political Junkie  @turntexasblue parent,grandparent,spouse","friends_count":1042,"location":"","profile_link_color":"202BC7","profile_image_url":"http:\/\/pbs.twimg.com\/profile_images\/583341421563789312\/FNuivZFx_normal.jpg","following":false,"geo_enabled":false,"profile_banner_url":"https:\/\/pbs.twimg.com\/profile_banners\/42657110\/1353498308","profile_background_image_url":"http:\/\/abs.twimg.com\/images\/themes\/theme2\/bg.gif","screen_name":"bristola48","lang":"en","profile_background_tile":false,"favourites_count":10348,"name":"Bristola","notifications":false,"url":null,"created_at":"Tue May 26 16:17:06 +0000 2009","contributors_enabled":false,"time_zone":"Mountain Time (US & Canada)","protected":false,"default_profile":false,"is_translator":false},"geo":null,"in_reply_to_user_id_str":"18286742","lang":"en","created_at":"Sun Aug 17 09:33:43 +0000 2014","in_reply_to_status_id_str":"500304014765199360","place":null}