{"contributors": null, "truncated": false, "text": "@max843 @DanteB4u @Alasscan_  Police lied! Chief now says Michaels's friend was NOT involved in any robbery. http://t.co/zIRh6saMex", "in_reply_to_status_id": 500304014765199360, "id": 500930761818509313, "favorite_count": 1, "source": "<a href=\"https://dev.twitter.com/docs/tfw\" rel=\"nofollow\">Twitter for Websites</a>", "retweeted": false, "coordinates": null, "entities": {"symbols": [], "user_mentions": [{"id": 18286742, "indices": [0, 7], "id_str": "18286742", "screen_name": "max843", "name": "max843"}, {"id": 63144098, "indices": [8, 17], "id_str": "63144098", "screen_name": "DanteB4u", "name": "Dante Boykin"}, {"id": 26070572, "indices": [18, 28], "id_str": "26070572", "screen_name": "Alasscan_", "name": "    Alasscan\u2122"}], "hashtags": [], "urls": [{"url": "http://t.co/zIRh6saMex", "indices": [109, 131], "expanded_url": "http://www.cnn.com/2014/08/15/us/missouri-teen-shooting/index.html", "display_url": "cnn.com/2014/08/15/us/\u2026"}]}, "in_reply_to_screen_name": "max843", "id_str": "500930761818509313", "retweet_count": 2, "in_reply_to_user_id": 18286742, "favorited": false, "user": {"follow_request_sent": false, "profile_use_background_image": true, "default_profile_image": false, "id": 32052180, "profile_background_image_url_https": "https://abs.twimg.com/images/themes/theme19/bg.gif", "verified": false, "profile_text_color": "333333", "profile_image_url_https": "https://pbs.twimg.com/profile_images/3147414679/d97e866525b73fb0b0a8553264b8a8d1_normal.jpeg", "profile_sidebar_fill_color": "F6FFD1", "entities": {"url": {"urls": [{"url": "http://t.co/6Nw8PXBhRK", "indices": [0, 22], "expanded_url": "http://orangeseahorse.com/", "display_url": "orangeseahorse.com"}]}, "description": {"urls": []}}, "followers_count": 1472, "profile_sidebar_border_color": "FFF8AD", "id_str": "32052180", "profile_background_color": "FFF04D", "listed_count": 26, "is_translation_enabled": false, "utc_offset": -10800, "statuses_count": 27386, "description": "clean, decent, honest", "friends_count": 1311, "location": "NY ", "profile_link_color": "0099CC", "profile_image_url": "http://pbs.twimg.com/profile_images/3147414679/d97e866525b73fb0b0a8553264b8a8d1_normal.jpeg", "following": false, "geo_enabled": false, "profile_banner_url": "https://pbs.twimg.com/profile_banners/32052180/1371222378", "profile_background_image_url": "http://abs.twimg.com/images/themes/theme19/bg.gif", "screen_name": "orangeseahorse", "lang": "en", "profile_background_tile": false, "favourites_count": 1838, "name": "The New Me", "notifications": false, "url": "http://t.co/6Nw8PXBhRK", "created_at": "Thu Apr 16 18:15:29 +0000 2009", "contributors_enabled": false, "time_zone": "Atlantic Time (Canada)", "protected": false, "default_profile": false, "is_translator": false}, "geo": null, "in_reply_to_user_id_str": "18286742", "possibly_sensitive": false, "lang": "en", "created_at": "Sun Aug 17 09:02:55 +0000 2014", "in_reply_to_status_id_str": "500304014765199360", "place": null}
