{"contributors": null, "truncated": false, "text": "@orangeseahorse 1st interview #politicsnation #DorianJohnson mentions cigarillos &amp; told lawyer. Video shows he gave back, not Mike #Ferguson", "in_reply_to_status_id": 501295330210885632, "id": 501336276285788160, "favorite_count": 0, "source": "<a href=\"http://twitter.com\" rel=\"nofollow\">Twitter Web Client</a>", "retweeted": false, "coordinates": null, "entities": {"symbols": [], "user_mentions": [{"id": 32052180, "indices": [0, 15], "id_str": "32052180", "screen_name": "orangeseahorse", "name": "The New Me"}], "hashtags": [{"indices": [30, 45], "text": "politicsnation"}, {"indices": [46, 60], "text": "DorianJohnson"}, {"indices": [135, 144], "text": "Ferguson"}], "urls": []}, "in_reply_to_screen_name": "orangeseahorse", "id_str": "501336276285788160", "retweet_count": 0, "in_reply_to_user_id": 32052180, "favorited": false, "user": {"follow_request_sent": false, "profile_use_background_image": true, "default_profile_image": false, "id": 18286742, "profile_background_image_url_https": "https://pbs.twimg.com/profile_background_images/440340181/2005_Harbor.jpg", "verified": false, "profile_text_color": "333333", "profile_image_url_https": "https://pbs.twimg.com/profile_images/3720072999/5365edc20240057de3365952911a1fa5_normal.jpeg", "profile_sidebar_fill_color": "DDEEF6", "entities": {"url": {"urls": [{"url": "http://t.co/GWHvVwKEKi", "indices": [0, 22], "expanded_url": "http://www.sthubertsisle.com", "display_url": "sthubertsisle.com"}]}, "description": {"urls": []}}, "followers_count": 787, "profile_sidebar_border_color": "C0DEED", "id_str": "18286742", "profile_background_color": "C0DEED", "listed_count": 14, "is_translation_enabled": false, "utc_offset": -14400, "statuses_count": 7955, "description": "Irish-Canadian, 1st generation American, founder non-profit arts organisation, band director 22yrs, trombonist. Devoted to SocialJustice as were my parents", "friends_count": 2000, "location": "Baltimore City", "profile_link_color": "0084B4", "profile_image_url": "http://pbs.twimg.com/profile_images/3720072999/5365edc20240057de3365952911a1fa5_normal.jpeg", "following": false, "geo_enabled": true, "profile_banner_url": "https://pbs.twimg.com/profile_banners/18286742/1353441461", "profile_background_image_url": "http://pbs.twimg.com/profile_background_images/440340181/2005_Harbor.jpg", "screen_name": "max843", "lang": "en", "profile_background_tile": false, "favourites_count": 4346, "name": "max843", "notifications": false, "url": "http://t.co/GWHvVwKEKi", "created_at": "Sun Dec 21 16:05:25 +0000 2008", "contributors_enabled": false, "time_zone": "Eastern Time (US & Canada)", "protected": false, "default_profile": false, "is_translator": false}, "geo": null, "in_reply_to_user_id_str": "32052180", "lang": "en", "created_at": "Mon Aug 18 11:54:17 +0000 2014", "in_reply_to_status_id_str": "501295330210885632", "place": {"full_name": "Baltimore, MD", "url": "https://api.twitter.com/1.1/geo/id/c0b8e8dc81930292.json", "country": "United States", "place_type": "city", "bounding_box": {"type": "Polygon", "coordinates": [[[-76.711517, 39.197211], [-76.529388, 39.197211], [-76.529388, 39.372215], [-76.711517, 39.372215]]]}, "contained_within": [], "country_code": "US", "attributes": {}, "id": "c0b8e8dc81930292", "name": "Baltimore"}}
