{"contributors": null, "truncated": false, "text": "@orangeseahorse Now another store video out that some say shows #MichaelBrown DID pay 4 cigarillos - confusing http://t.co/HLCjKbafCC", "in_reply_to_status_id": 501667615350083584, "id": 501720931803602944, "favorite_count": 0, "source": "<a href=\"http://twitter.com\" rel=\"nofollow\">Twitter Web Client</a>", "retweeted": false, "coordinates": null, "entities": {"symbols": [], "user_mentions": [{"id": 32052180, "indices": [0, 15], "id_str": "32052180", "screen_name": "orangeseahorse", "name": "The New Me"}], "hashtags": [{"indices": [64, 77], "text": "MichaelBrown"}], "urls": [{"url": "http://t.co/HLCjKbafCC", "indices": [111, 133], "expanded_url": "http://www.addictinginfo.org/2014/08/18/ferguson-pd-busted/", "display_url": "addictinginfo.org/2014/08/18/fer\u2026"}]}, "in_reply_to_screen_name": "orangeseahorse", "id_str": "501720931803602944", "retweet_count": 0, "in_reply_to_user_id": 32052180, "favorited": false, "user": {"follow_request_sent": false, "profile_use_background_image": true, "default_profile_image": false, "id": 18286742, "profile_background_image_url_https": "https://pbs.twimg.com/profile_background_images/440340181/2005_Harbor.jpg", "verified": false, "profile_text_color": "333333", "profile_image_url_https": "https://pbs.twimg.com/profile_images/3720072999/5365edc20240057de3365952911a1fa5_normal.jpeg", "profile_sidebar_fill_color": "DDEEF6", "entities": {"url": {"urls": [{"url": "http://t.co/GWHvVwKEKi", "indices": [0, 22], "expanded_url": "http://www.sthubertsisle.com", "display_url": "sthubertsisle.com"}]}, "description": {"urls": []}}, "followers_count": 787, "profile_sidebar_border_color": "C0DEED", "id_str": "18286742", "profile_background_color": "C0DEED", "listed_count": 14, "is_translation_enabled": false, "utc_offset": -14400, "statuses_count": 7955, "description": "Irish-Canadian, 1st generation American, founder non-profit arts organisation, band director 22yrs, trombonist. Devoted to SocialJustice as were my parents", "friends_count": 2000, "location": "Baltimore City", "profile_link_color": "0084B4", "profile_image_url": "http://pbs.twimg.com/profile_images/3720072999/5365edc20240057de3365952911a1fa5_normal.jpeg", "following": false, "geo_enabled": true, "profile_banner_url": "https://pbs.twimg.com/profile_banners/18286742/1353441461", "profile_background_image_url": "http://pbs.twimg.com/profile_background_images/440340181/2005_Harbor.jpg", "screen_name": "max843", "lang": "en", "profile_background_tile": false, "favourites_count": 4346, "name": "max843", "notifications": false, "url": "http://t.co/GWHvVwKEKi", "created_at": "Sun Dec 21 16:05:25 +0000 2008", "contributors_enabled": false, "time_zone": "Eastern Time (US & Canada)", "protected": false, "default_profile": false, "is_translator": false}, "geo": null, "in_reply_to_user_id_str": "32052180", "possibly_sensitive": false, "lang": "en", "created_at": "Tue Aug 19 13:22:46 +0000 2014", "in_reply_to_status_id_str": "501667615350083584", "place": null}
