{"contributors": null, "truncated": false, "text": "Thing is Killer cop knew nothing -was just being a ASSHOLE BULLY-started to leave backed up-killed kid  @orangeseahorse @ginou10 @max843", "in_reply_to_status_id": 501760642928635904, "id": 501761634076217345, "favorite_count": 1, "source": "<a href=\"http://twitter.com\" rel=\"nofollow\">Twitter Web Client</a>", "retweeted": false, "coordinates": null, "entities": {"symbols": [], "user_mentions": [{"id": 32052180, "indices": [104, 119], "id_str": "32052180", "screen_name": "orangeseahorse", "name": "The New Me"}, {"id": 24796125, "indices": [120, 128], "id_str": "24796125", "screen_name": "ginou10", "name": "r.marie"}, {"id": 18286742, "indices": [129, 136], "id_str": "18286742", "screen_name": "max843", "name": "max843"}], "hashtags": [], "urls": []}, "in_reply_to_screen_name": "orangeseahorse", "id_str": "501761634076217345", "retweet_count": 0, "in_reply_to_user_id": 32052180, "favorited": false, "user": {"follow_request_sent": false, "profile_use_background_image": true, "default_profile_image": false, "id": 519076313, "profile_background_image_url_https": "https://abs.twimg.com/images/themes/theme4/bg.gif", "verified": false, "profile_text_color": "3C3940", "profile_image_url_https": "https://pbs.twimg.com/profile_images/1882762664/main_drag_normal.jpg", "profile_sidebar_fill_color": "95E8EC", "entities": {"url": {"urls": [{"url": "http://t.co/p0IQRdEh8c", "indices": [0, 22], "expanded_url": "http://uniteblue.com/user/adam_zander", "display_url": "uniteblue.com/user/adam_zand\u2026"}]}, "description": {"urls": []}}, "followers_count": 5772, "profile_sidebar_border_color": "5ED4DC", "id_str": "519076313", "profile_background_color": "0099B9", "listed_count": 201, "is_translation_enabled": false, "utc_offset": -14400, "statuses_count": 222650, "description": "OBAMA--For America & World,(WhiteMale60+Sane)Dad/POLSKI-Mom/UKRAINIAN Supporting HILLARY 2016 Helping Spread Info &News &Opinions &Facts-combat Vet-NoBias-NoH8", "friends_count": 4511, "location": "", "profile_link_color": "0099B9", "profile_image_url": "http://pbs.twimg.com/profile_images/1882762664/main_drag_normal.jpg", "following": false, "geo_enabled": false, "profile_banner_url": "https://pbs.twimg.com/profile_banners/519076313/1401889130", "profile_background_image_url": "http://abs.twimg.com/images/themes/theme4/bg.gif", "screen_name": "adam_zander", "lang": "en", "profile_background_tile": false, "favourites_count": 39753, "name": " adam_zander", "notifications": false, "url": "http://t.co/p0IQRdEh8c", "created_at": "Fri Mar 09 01:49:25 +0000 2012", "contributors_enabled": false, "time_zone": "Eastern Time (US & Canada)", "protected": false, "default_profile": false, "is_translator": false}, "geo": null, "in_reply_to_user_id_str": "32052180", "lang": "en", "created_at": "Tue Aug 19 16:04:30 +0000 2014", "in_reply_to_status_id_str": "501760642928635904", "place": null}
