{"contributors":null,"truncated":false,"text":"Update: #Ferguson police release stills from convenience store footage showing robbery http:\/\/t.co\/rl0RgIphUp http:\/\/t.co\/PHUofG7mJR","in_reply_to_status_id":null,"id":500286058664579072,"favorite_count":62,"source":"<a href=\"http:\/\/www.socialflow.com\" rel=\"nofollow\">SocialFlow<\/a>","retweeted":false,"coordinates":null,"entities":{"symbols":[],"user_mentions":[],"hashtags":[{"indices":[8,17],"text":"Ferguson"}],"urls":[{"url":"http:\/\/t.co\/rl0RgIphUp","indices":[87,109],"expanded_url":"http:\/\/on.mash.to\/1rADYzH","display_url":"on.mash.to\/1rADYzH"}],"media":[{"expanded_url":"http:\/\/twitter.com\/mashable\/status\/500286058664579072\/photo\/1","display_url":"pic.twitter.com\/PHUofG7mJR","url":"http:\/\/t.co\/PHUofG7mJR","media_url_https":"https:\/\/pbs.twimg.com\/media\/BvFfhPzIAAAm5Xg.jpg","id_str":"500286058396123136","sizes":{"large":{"h":1024,"resize":"fit","w":1024},"small":{"h":340,"resize":"fit","w":340},"medium":{"h":600,"resize":"fit","w":600},"thumb":{"h":150,"resize":"crop","w":150}},"indices":[110,132],"type":"photo","id":500286058396123136,"media_url":"http:\/\/pbs.twimg.com\/media\/BvFfhPzIAAAm5Xg.jpg"}]},"in_reply_to_screen_name":null,"id_str":"500286058664579072","retweet_count":219,"in_reply_to_user_id":null,"favorited":false,"user":{"follow_request_sent":false,"profile_use_background_image":false,"default_profile_image":false,"id":972651,"profile_background_image_url_https":"https:\/\/pbs.twimg.com\/profile_background_images\/705312036\/bf7ca2a3f077d7e57b12a5ea4f1db268.png","verified":true,"profile_text_color":"3B3B3B","profile_image_url_https":"https:\/\/pbs.twimg.com\/profile_images\/574810610677895168\/f3cTn5ac_normal.png","profile_sidebar_fill_color":"88DBF4","entities":{"url":{"urls":[{"url":"http:\/\/t.co\/1Gm8aVACKn","indices":[0,22],"expanded_url":"http:\/\/mashable.com","display_url":"mashable.com"}]},"description":{"urls":[]}},"followers_count":4259965,"profile_sidebar_border_color":"FFFFFF","id_str":"972651","profile_background_color":"00AEEF","listed_count":117349,"is_translation_enabled":true,"utc_offset":-14400,"statuses_count":112372,"description":"News, resources, inspiration and fun for the connected generation. Tweets by @mashable staff.","friends_count":2771,"location":"","profile_link_color":"00AEEF","profile_image_url":"http:\/\/pbs.twimg.com\/profile_images\/574810610677895168\/f3cTn5ac_normal.png","following":false,"geo_enabled":false,"profile_banner_url":"https:\/\/pbs.twimg.com\/profile_banners\/972651\/1401484849","profile_background_image_url":"http:\/\/pbs.twimg.com\/profile_background_images\/705312036\/bf7ca2a3f077d7e57b12a5ea4f1db268.png","screen_name":"mashable","lang":"en","profile_background_tile":false,"favourites_count":292,"name":"Mashable","notifications":false,"url":"http:\/\/t.co\/1Gm8aVACKn","created_at":"Mon Mar 12 01:28:01 +0000 2007","contributors_enabled":false,"time_zone":"Eastern Time (US & Canada)","protected":false,"default_profile":false,"is_translator":false},"geo":null,"in_reply_to_user_id_str":null,"possibly_sensitive":false,"lang":"en","created_at":"Fri Aug 15 14:21:05 +0000 2014","in_reply_to_status_id_str":null,"place":null,"extended_entities":{"media":[{"expanded_url":"http:\/\/twitter.com\/mashable\/status\/500286058664579072\/photo\/1","display_url":"pic.twitter.com\/PHUofG7mJR","url":"http:\/\/t.co\/PHUofG7mJR","media_url_https":"https:\/\/pbs.twimg.com\/media\/BvFfhPzIAAAm5Xg.jpg","id_str":"500286058396123136","sizes":{"large":{"h":1024,"resize":"fit","w":1024},"small":{"h":340,"resize":"fit","w":340},"medium":{"h":600,"resize":"fit","w":600},"thumb":{"h":150,"resize":"crop","w":150}},"indices":[110,132],"type":"photo","id":500286058396123136,"media_url":"http:\/\/pbs.twimg.com\/media\/BvFfhPzIAAAm5Xg.jpg"}]}}