{"contributors":null,"truncated":false,"text":"@MichaelSkolnik Holy Moses. I never used to believe it, but social media really is changing everything about how we interact and see.","in_reply_to_status_id":499530130487017472,"id":499551016300593152,"favorite_count":0,"source":"<a href=\"https:\/\/about.twitter.com\/products\/tweetdeck\" rel=\"nofollow\">TweetDeck<\/a>","retweeted":false,"coordinates":null,"entities":{"symbols":[],"user_mentions":[{"id":24165761,"indices":[0,15],"id_str":"24165761","screen_name":"MichaelSkolnik","name":"Michael Skolnik"}],"hashtags":[],"urls":[]},"in_reply_to_screen_name":"MichaelSkolnik","id_str":"499551016300593152","retweet_count":2,"in_reply_to_user_id":24165761,"favorited":false,"user":{"follow_request_sent":false,"profile_use_background_image":true,"default_profile_image":false,"id":18639029,"profile_background_image_url_https":"https:\/\/pbs.twimg.com\/profile_background_images\/472204665883332610\/4WLpSMp1.jpeg","verified":false,"profile_text_color":"333333","profile_image_url_https":"https:\/\/pbs.twimg.com\/profile_images\/550054590637678592\/uJ9iKUZx_normal.jpeg","profile_sidebar_fill_color":"FFFFFF","entities":{"url":{"urls":[{"url":"http:\/\/t.co\/BESrd4tl","indices":[0,20],"expanded_url":"http:\/\/about.me\/apertureamy","display_url":"about.me\/apertureamy"}]},"description":{"urls":[]}},"followers_count":183,"profile_sidebar_border_color":"FFFFFF","id_str":"18639029","profile_background_color":"FFFFFF","listed_count":6,"is_translation_enabled":false,"utc_offset":-14400,"statuses_count":11161,"description":"Photography, lefty politics, and sarcasm. I went to U.-Va. You wanna make something of it?","friends_count":261,"location":"Albany, NY USA","profile_link_color":"1F3D70","profile_image_url":"http:\/\/pbs.twimg.com\/profile_images\/550054590637678592\/uJ9iKUZx_normal.jpeg","following":false,"geo_enabled":false,"profile_banner_url":"https:\/\/pbs.twimg.com\/profile_banners\/18639029\/1401415351","profile_background_image_url":"http:\/\/pbs.twimg.com\/profile_background_images\/472204665883332610\/4WLpSMp1.jpeg","screen_name":"ajw93","lang":"en","profile_background_tile":false,"favourites_count":1329,"name":"ajw93","notifications":false,"url":"http:\/\/t.co\/BESrd4tl","created_at":"Mon Jan 05 18:04:12 +0000 2009","contributors_enabled":false,"time_zone":"Eastern Time (US & Canada)","protected":false,"default_profile":false,"is_translator":false},"geo":null,"in_reply_to_user_id_str":"24165761","lang":"en","created_at":"Wed Aug 13 13:40:18 +0000 2014","in_reply_to_status_id_str":"499530130487017472","place":null}