{"contributors":null,"truncated":false,"text":"\u201c@MichaelSkolnik: A woman in #Ferguson was shot in head last night, took selfie. http:\/\/t.co\/5DZv7HE8FM\u201d EVERYTHING WRONG WITH THIS WORLD\u2b06\ufe0f","in_reply_to_status_id":499530130487017472,"id":499531869189586945,"favorite_count":2,"source":"<a href=\"http:\/\/twitter.com\/download\/iphone\" rel=\"nofollow\">Twitter for iPhone<\/a>","retweeted":false,"coordinates":null,"entities":{"symbols":[],"user_mentions":[{"id":24165761,"indices":[1,16],"id_str":"24165761","screen_name":"MichaelSkolnik","name":"Michael Skolnik"}],"hashtags":[{"indices":[29,38],"text":"Ferguson"}],"urls":[],"media":[{"source_status_id_str":"499530130487017472","expanded_url":"http:\/\/twitter.com\/MichaelSkolnik\/status\/499530130487017472\/photo\/1","display_url":"pic.twitter.com\/5DZv7HE8FM","url":"http:\/\/t.co\/5DZv7HE8FM","media_url_https":"https:\/\/pbs.twimg.com\/media\/Bu6wAaPCQAAbUYk.jpg","source_status_id":499530130487017472,"id_str":"499530129773576192","sizes":{"small":{"h":604,"resize":"fit","w":340},"large":{"h":1024,"resize":"fit","w":576},"medium":{"h":1024,"resize":"fit","w":576},"thumb":{"h":150,"resize":"crop","w":150}},"indices":[81,103],"type":"photo","id":499530129773576192,"media_url":"http:\/\/pbs.twimg.com\/media\/Bu6wAaPCQAAbUYk.jpg"}]},"in_reply_to_screen_name":"MichaelSkolnik","id_str":"499531869189586945","retweet_count":0,"in_reply_to_user_id":24165761,"favorited":false,"user":{"follow_request_sent":false,"profile_use_background_image":true,"default_profile_image":false,"id":205309206,"profile_background_image_url_https":"https:\/\/pbs.twimg.com\/profile_background_images\/845868898\/191c45291c66e69c2f392eef9c0322c4.jpeg","verified":false,"profile_text_color":"FA0505","profile_image_url_https":"https:\/\/pbs.twimg.com\/profile_images\/568226685355438080\/QpLWs-84_normal.jpeg","profile_sidebar_fill_color":"010D05","entities":{"description":{"urls":[]}},"followers_count":442,"profile_sidebar_border_color":"FFFFFF","id_str":"205309206","profile_background_color":"F7F2F2","listed_count":4,"is_translation_enabled":false,"utc_offset":-18000,"statuses_count":25601,"description":"Live every week like it's Shark Week.","friends_count":415,"location":"Boston\/Pittsburgh\/DC","profile_link_color":"FA0808","profile_image_url":"http:\/\/pbs.twimg.com\/profile_images\/568226685355438080\/QpLWs-84_normal.jpeg","following":false,"geo_enabled":true,"profile_banner_url":"https:\/\/pbs.twimg.com\/profile_banners\/205309206\/1403047664","profile_background_image_url":"http:\/\/pbs.twimg.com\/profile_background_images\/845868898\/191c45291c66e69c2f392eef9c0322c4.jpeg","screen_name":"SeanCornholio","lang":"en","profile_background_tile":true,"favourites_count":4432,"name":"sean corenll","notifications":false,"url":null,"created_at":"Wed Oct 20 15:45:45 +0000 2010","contributors_enabled":false,"time_zone":"Quito","protected":false,"default_profile":false,"is_translator":false},"geo":null,"in_reply_to_user_id_str":"24165761","possibly_sensitive":false,"lang":"en","created_at":"Wed Aug 13 12:24:13 +0000 2014","in_reply_to_status_id_str":"499530130487017472","place":null,"extended_entities":{"media":[{"source_status_id_str":"499530130487017472","expanded_url":"http:\/\/twitter.com\/MichaelSkolnik\/status\/499530130487017472\/photo\/1","display_url":"pic.twitter.com\/5DZv7HE8FM","url":"http:\/\/t.co\/5DZv7HE8FM","media_url_https":"https:\/\/pbs.twimg.com\/media\/Bu6wAaPCQAAbUYk.jpg","source_status_id":499530130487017472,"id_str":"499530129773576192","sizes":{"small":{"h":604,"resize":"fit","w":340},"large":{"h":1024,"resize":"fit","w":576},"medium":{"h":1024,"resize":"fit","w":576},"thumb":{"h":150,"resize":"crop","w":150}},"indices":[81,103],"type":"photo","id":499530129773576192,"media_url":"http:\/\/pbs.twimg.com\/media\/Bu6wAaPCQAAbUYk.jpg"}]}}