{"contributors": null, "truncated": false, "text": "@MichaelSkolnik compelling photo. It's always miraculous to hear about a headshot victim surviving.", "in_reply_to_status_id": 499530130487017472, "id": 499531355651579905, "favorite_count": 0, "source": "<a href=\"http://twitter.com/download/android\" rel=\"nofollow\">Twitter for Android</a>", "retweeted": false, "coordinates": null, "entities": {"symbols": [], "user_mentions": [{"id": 24165761, "indices": [0, 15], "id_str": "24165761", "screen_name": "MichaelSkolnik", "name": "Michael Skolnik"}], "hashtags": [], "urls": []}, "in_reply_to_screen_name": "MichaelSkolnik", "id_str": "499531355651579905", "retweet_count": 1, "in_reply_to_user_id": 24165761, "favorited": false, "user": {"follow_request_sent": false, "profile_use_background_image": true, "default_profile_image": false, "id": 225973025, "profile_background_image_url_https": "https://abs.twimg.com/images/themes/theme1/bg.png", "verified": false, "profile_text_color": "333333", "profile_image_url_https": "https://pbs.twimg.com/profile_images/3006552293/79e03f7d9a7ce618ce823ace7d58e0da_normal.jpeg", "profile_sidebar_fill_color": "DDEEF6", "entities": {"description": {"urls": []}}, "followers_count": 77, "profile_sidebar_border_color": "C0DEED", "id_str": "225973025", "profile_background_color": "C0DEED", "listed_count": 1, "is_translation_enabled": false, "utc_offset": -18000, "statuses_count": 521, "description": "Searching for my passion and a way to be better than the cards dealt to me. Rocket Scientist by trade, thinker by choice.", "friends_count": 1051, "location": "", "profile_link_color": "0084B4", "profile_image_url": "http://pbs.twimg.com/profile_images/3006552293/79e03f7d9a7ce618ce823ace7d58e0da_normal.jpeg", "following": false, "geo_enabled": false, "profile_background_image_url": "http://abs.twimg.com/images/themes/theme1/bg.png", "screen_name": "AdhlereC16", "lang": "en", "profile_background_tile": false, "favourites_count": 740, "name": "Adhlere Coffy", "notifications": false, "url": null, "created_at": "Sun Dec 12 23:57:57 +0000 2010", "contributors_enabled": false, "time_zone": "Central Time (US & Canada)", "protected": false, "default_profile": true, "is_translator": false}, "geo": null, "in_reply_to_user_id_str": "24165761", "lang": "en", "created_at": "Wed Aug 13 12:22:10 +0000 2014", "in_reply_to_status_id_str": "499530130487017472", "place": null}
