{"contributors": null, "truncated": false, "text": "@SeanCornholio wow", "in_reply_to_status_id": 499531869189586945, "id": 499536346210652161, "favorite_count": 0, "source": "<a href=\"http://twitter.com/download/android\" rel=\"nofollow\">Twitter for Android</a>", "retweeted": false, "coordinates": null, "entities": {"symbols": [], "user_mentions": [{"id": 205309206, "indices": [0, 14], "id_str": "205309206", "screen_name": "SeanCornholio", "name": "sean corenll"}], "hashtags": [], "urls": []}, "in_reply_to_screen_name": "SeanCornholio", "id_str": "499536346210652161", "retweet_count": 0, "in_reply_to_user_id": 205309206, "favorited": false, "user": {"follow_request_sent": false, "profile_use_background_image": true, "default_profile_image": false, "id": 1026948386, "profile_background_image_url_https": "https://abs.twimg.com/images/themes/theme1/bg.png", "verified": false, "profile_text_color": "333333", "profile_image_url_https": "https://pbs.twimg.com/profile_images/3688127962/9a1057dc91ae8f4727a305566c9a926f_normal.jpeg", "profile_sidebar_fill_color": "DDEEF6", "entities": {"description": {"urls": []}}, "followers_count": 184, "profile_sidebar_border_color": "C0DEED", "id_str": "1026948386", "profile_background_color": "C0DEED", "listed_count": 1, "is_translation_enabled": false, "utc_offset": null, "statuses_count": 6548, "description": "", "friends_count": 202, "location": "", "profile_link_color": "0084B4", "profile_image_url": "http://pbs.twimg.com/profile_images/3688127962/9a1057dc91ae8f4727a305566c9a926f_normal.jpeg", "following": false, "geo_enabled": true, "profile_background_image_url": "http://abs.twimg.com/images/themes/theme1/bg.png", "screen_name": "kev_cudi_", "lang": "en", "profile_background_tile": false, "favourites_count": 404, "name": "Tiago Slither", "notifications": false, "url": null, "created_at": "Fri Dec 21 18:53:00 +0000 2012", "contributors_enabled": false, "time_zone": null, "protected": false, "default_profile": true, "is_translator": false}, "geo": null, "in_reply_to_user_id_str": "205309206", "lang": "und", "created_at": "Wed Aug 13 12:42:00 +0000 2014", "in_reply_to_status_id_str": "499531869189586945", "place": null}
