{"contributors":null,"truncated":false,"text":"@MariaChappelleN @MichaelSkolnik she's been reporting on the story for days diligently. I don't think she would be violent.","in_reply_to_status_id":499533162028883969,"id":499534240254803968,"favorite_count":0,"source":"<a href=\"http:\/\/twitter.com\/download\/iphone\" rel=\"nofollow\">Twitter for iPhone<\/a>","retweeted":false,"coordinates":null,"entities":{"symbols":[],"user_mentions":[{"id":83039463,"indices":[0,16],"id_str":"83039463","screen_name":"MariaChappelleN","name":"MariaChappelleNadal"},{"id":24165761,"indices":[17,32],"id_str":"24165761","screen_name":"MichaelSkolnik","name":"Michael Skolnik"}],"hashtags":[],"urls":[]},"in_reply_to_screen_name":"MariaChappelleN","id_str":"499534240254803968","retweet_count":0,"in_reply_to_user_id":83039463,"favorited":false,"user":{"follow_request_sent":false,"profile_use_background_image":true,"default_profile_image":false,"id":219284591,"profile_background_image_url_https":"https:\/\/abs.twimg.com\/images\/themes\/theme1\/bg.png","verified":false,"profile_text_color":"333333","profile_image_url_https":"https:\/\/pbs.twimg.com\/profile_images\/582680820466384896\/tKkA-pvL_normal.jpg","profile_sidebar_fill_color":"DDEEF6","entities":{"description":{"urls":[]}},"followers_count":944,"profile_sidebar_border_color":"C0DEED","id_str":"219284591","profile_background_color":"C0DEED","listed_count":14,"is_translation_enabled":false,"utc_offset":-18000,"statuses_count":144399,"description":"You're Dreaming. I'm a mere figment of your subconcious. Resist, Unlearn, Defy","friends_count":934,"location":"Florida Atlantic University ","profile_link_color":"0084B4","profile_image_url":"http:\/\/pbs.twimg.com\/profile_images\/582680820466384896\/tKkA-pvL_normal.jpg","following":false,"geo_enabled":true,"profile_banner_url":"https:\/\/pbs.twimg.com\/profile_banners\/219284591\/1410440720","profile_background_image_url":"http:\/\/abs.twimg.com\/images\/themes\/theme1\/bg.png","screen_name":"MajorSlander","lang":"en","profile_background_tile":false,"favourites_count":5343,"name":"Vote Yes on 2 ","notifications":false,"url":null,"created_at":"Wed Nov 24 12:50:26 +0000 2010","contributors_enabled":false,"time_zone":"Central Time (US & Canada)","protected":false,"default_profile":true,"is_translator":false},"geo":null,"in_reply_to_user_id_str":"83039463","lang":"en","created_at":"Wed Aug 13 12:33:38 +0000 2014","in_reply_to_status_id_str":"499533162028883969","place":null}