{"contributors":null,"truncated":false,"text":"@MariaChappelleN which version?","in_reply_to_status_id":499532079873261568,"id":499532400293335040,"favorite_count":0,"source":"<a href=\"https:\/\/about.twitter.com\/products\/tweetdeck\" rel=\"nofollow\">TweetDeck<\/a>","retweeted":false,"coordinates":null,"entities":{"symbols":[],"user_mentions":[{"id":83039463,"indices":[0,16],"id_str":"83039463","screen_name":"MariaChappelleN","name":"MariaChappelleNadal"}],"hashtags":[],"urls":[]},"in_reply_to_screen_name":"MariaChappelleN","id_str":"499532400293335040","retweet_count":0,"in_reply_to_user_id":83039463,"favorited":false,"user":{"follow_request_sent":false,"profile_use_background_image":true,"default_profile_image":false,"id":24165761,"profile_background_image_url_https":"https:\/\/abs.twimg.com\/images\/themes\/theme4\/bg.gif","verified":true,"profile_text_color":"3C3940","profile_image_url_https":"https:\/\/pbs.twimg.com\/profile_images\/570370729964920832\/NSsz3-uv_normal.jpeg","profile_sidebar_fill_color":"95E8EC","entities":{"url":{"urls":[{"url":"http:\/\/t.co\/uYd9vD5LNN","indices":[0,22],"expanded_url":"http:\/\/en.wikipedia.org\/wiki\/Michael_Skolnik","display_url":"en.wikipedia.org\/wiki\/Michael_S\u2026"}]},"description":{"urls":[]}},"followers_count":134537,"profile_sidebar_border_color":"5ED4DC","id_str":"24165761","profile_background_color":"0099B9","listed_count":1695,"is_translation_enabled":false,"utc_offset":-14400,"statuses_count":28741,"description":"Political Director to Russell Simmons + Editor-In-Chief of GlobalGrind. Contact: info@mskolnik.com","friends_count":108,"location":"","profile_link_color":"0099B9","profile_image_url":"http:\/\/pbs.twimg.com\/profile_images\/570370729964920832\/NSsz3-uv_normal.jpeg","following":false,"geo_enabled":true,"profile_banner_url":"https:\/\/pbs.twimg.com\/profile_banners\/24165761\/1406690750","profile_background_image_url":"http:\/\/abs.twimg.com\/images\/themes\/theme4\/bg.gif","screen_name":"MichaelSkolnik","lang":"en","profile_background_tile":false,"favourites_count":20440,"name":"Michael Skolnik","notifications":false,"url":"http:\/\/t.co\/uYd9vD5LNN","created_at":"Fri Mar 13 12:55:21 +0000 2009","contributors_enabled":false,"time_zone":"Eastern Time (US & Canada)","protected":false,"default_profile":false,"is_translator":false},"geo":null,"in_reply_to_user_id_str":"83039463","lang":"en","created_at":"Wed Aug 13 12:26:19 +0000 2014","in_reply_to_status_id_str":"499532079873261568","place":null}