{"contributors": null, "truncated": false, "text": "@MichaelSkolnik Shooting related to protesting. Ppl on the street are upset about this. Also, 6mo pregnant woman forced facedown on ground", "in_reply_to_status_id": 499532400293335040, "id": 499533162028883969, "favorite_count": 9, "source": "<a href=\"http://twitter.com/download/android\" rel=\"nofollow\">Twitter for Android</a>", "retweeted": false, "coordinates": null, "entities": {"symbols": [], "user_mentions": [{"id": 24165761, "indices": [0, 15], "id_str": "24165761", "screen_name": "MichaelSkolnik", "name": "Michael Skolnik"}], "hashtags": [], "urls": []}, "in_reply_to_screen_name": "MichaelSkolnik", "id_str": "499533162028883969", "retweet_count": 45, "in_reply_to_user_id": 24165761, "favorited": false, "user": {"follow_request_sent": false, "profile_use_background_image": true, "default_profile_image": false, "id": 83039463, "profile_background_image_url_https": "https://pbs.twimg.com/profile_background_images/340661012/che-guevara-1963-51468.jpg", "verified": false, "profile_text_color": "333333", "profile_image_url_https": "https://pbs.twimg.com/profile_images/1189496635/IMG00074-20101023-1523_normal.jpg", "profile_sidebar_fill_color": "F6F6F6", "entities": {"description": {"urls": []}}, "followers_count": 9400, "profile_sidebar_border_color": "FFFFFF", "id_str": "83039463", "profile_background_color": "ACDED6", "listed_count": 272, "is_translation_enabled": false, "utc_offset": -18000, "statuses_count": 10540, "description": "Member of the Missouri General Assembly. UCity School Board member. Daughter. Owner of Bart (dog) & Pascal (cat). Eclectic in style. Fly-at-the-mouth. Granola.", "friends_count": 536, "location": "University City, MO", "profile_link_color": "038543", "profile_image_url": "http://pbs.twimg.com/profile_images/1189496635/IMG00074-20101023-1523_normal.jpg", "following": false, "geo_enabled": true, "profile_banner_url": "https://pbs.twimg.com/profile_banners/83039463/1357354064", "profile_background_image_url": "http://pbs.twimg.com/profile_background_images/340661012/che-guevara-1963-51468.jpg", "screen_name": "MariaChappelleN", "lang": "en", "profile_background_tile": true, "favourites_count": 2775, "name": "MariaChappelleNadal", "notifications": false, "url": null, "created_at": "Sat Oct 17 02:52:28 +0000 2009", "contributors_enabled": false, "time_zone": "Central Time (US & Canada)", "protected": false, "default_profile": false, "is_translator": false}, "geo": null, "in_reply_to_user_id_str": "24165761", "lang": "en", "created_at": "Wed Aug 13 12:29:21 +0000 2014", "in_reply_to_status_id_str": "499532400293335040", "place": null}
