{"contributors":null,"truncated":false,"text":"@MichaelSkolnik as reported by @KMOV @LauraKHettiger; injured in a RANDOM drive-by shooting per Lt. Col w\/@STLCPD http:\/\/t.co\/YcJivhDui8","in_reply_to_status_id":499530130487017472,"id":499533751513518080,"favorite_count":0,"source":"<a href=\"http:\/\/twitter.com\/download\/iphone\" rel=\"nofollow\">Twitter for iPhone<\/a>","retweeted":false,"coordinates":null,"entities":{"symbols":[],"user_mentions":[{"id":24165761,"indices":[0,15],"id_str":"24165761","screen_name":"MichaelSkolnik","name":"Michael Skolnik"},{"id":28390516,"indices":[31,36],"id_str":"28390516","screen_name":"KMOV","name":"KMOV"},{"id":37255058,"indices":[37,52],"id_str":"37255058","screen_name":"LauraKHettiger","name":"Laura Hettiger KMOV"}],"hashtags":[],"urls":[{"url":"http:\/\/t.co\/YcJivhDui8","indices":[114,136],"expanded_url":"http:\/\/youtu.be\/46uNT-pDH38","display_url":"youtu.be\/46uNT-pDH38"}]},"in_reply_to_screen_name":"MichaelSkolnik","id_str":"499533751513518080","retweet_count":0,"in_reply_to_user_id":24165761,"favorited":false,"user":{"follow_request_sent":false,"profile_use_background_image":true,"default_profile_image":false,"id":18706489,"profile_background_image_url_https":"https:\/\/abs.twimg.com\/images\/themes\/theme3\/bg.gif","verified":false,"profile_text_color":"634047","profile_image_url_https":"https:\/\/pbs.twimg.com\/profile_images\/546504829389258752\/IN_0G5sV_normal.jpeg","profile_sidebar_fill_color":"E3E2DE","entities":{"description":{"urls":[]}},"followers_count":352,"profile_sidebar_border_color":"D3D2CF","id_str":"18706489","profile_background_color":"EDECE9","listed_count":6,"is_translation_enabled":false,"utc_offset":-21600,"statuses_count":12241,"description":"Educator","friends_count":528,"location":"","profile_link_color":"088253","profile_image_url":"http:\/\/pbs.twimg.com\/profile_images\/546504829389258752\/IN_0G5sV_normal.jpeg","following":false,"geo_enabled":true,"profile_banner_url":"https:\/\/pbs.twimg.com\/profile_banners\/18706489\/1408681975","profile_background_image_url":"http:\/\/abs.twimg.com\/images\/themes\/theme3\/bg.gif","screen_name":"kcarr78","lang":"en","profile_background_tile":false,"favourites_count":8508,"name":"Kuala C. Chambers","notifications":false,"url":null,"created_at":"Wed Jan 07 02:14:28 +0000 2009","contributors_enabled":false,"time_zone":"Mountain Time (US & Canada)","protected":false,"default_profile":false,"is_translator":false},"geo":null,"in_reply_to_user_id_str":"24165761","possibly_sensitive":false,"lang":"en","created_at":"Wed Aug 13 12:31:41 +0000 2014","in_reply_to_status_id_str":"499530130487017472","place":null}