{"contributors":null,"truncated":false,"text":"@kev_cudi_ crazy right?","in_reply_to_status_id":499536346210652161,"id":499537282177978368,"favorite_count":0,"source":"<a href=\"http:\/\/twitter.com\/download\/iphone\" rel=\"nofollow\">Twitter for iPhone<\/a>","retweeted":false,"coordinates":null,"entities":{"symbols":[],"user_mentions":[{"id":1026948386,"indices":[0,10],"id_str":"1026948386","screen_name":"kev_cudi_","name":"Tiago Slither"}],"hashtags":[],"urls":[]},"in_reply_to_screen_name":"kev_cudi_","id_str":"499537282177978368","retweet_count":0,"in_reply_to_user_id":1026948386,"favorited":false,"user":{"follow_request_sent":false,"profile_use_background_image":true,"default_profile_image":false,"id":205309206,"profile_background_image_url_https":"https:\/\/pbs.twimg.com\/profile_background_images\/845868898\/191c45291c66e69c2f392eef9c0322c4.jpeg","verified":false,"profile_text_color":"FA0505","profile_image_url_https":"https:\/\/pbs.twimg.com\/profile_images\/568226685355438080\/QpLWs-84_normal.jpeg","profile_sidebar_fill_color":"010D05","entities":{"description":{"urls":[]}},"followers_count":442,"profile_sidebar_border_color":"FFFFFF","id_str":"205309206","profile_background_color":"F7F2F2","listed_count":4,"is_translation_enabled":false,"utc_offset":-18000,"statuses_count":25601,"description":"Live every week like it's Shark Week.","friends_count":415,"location":"Boston\/Pittsburgh\/DC","profile_link_color":"FA0808","profile_image_url":"http:\/\/pbs.twimg.com\/profile_images\/568226685355438080\/QpLWs-84_normal.jpeg","following":false,"geo_enabled":true,"profile_banner_url":"https:\/\/pbs.twimg.com\/profile_banners\/205309206\/1403047664","profile_background_image_url":"http:\/\/pbs.twimg.com\/profile_background_images\/845868898\/191c45291c66e69c2f392eef9c0322c4.jpeg","screen_name":"SeanCornholio","lang":"en","profile_background_tile":true,"favourites_count":4432,"name":"sean corenll","notifications":false,"url":null,"created_at":"Wed Oct 20 15:45:45 +0000 2010","contributors_enabled":false,"time_zone":"Quito","protected":false,"default_profile":false,"is_translator":false},"geo":null,"in_reply_to_user_id_str":"1026948386","lang":"en","created_at":"Wed Aug 13 12:45:43 +0000 2014","in_reply_to_status_id_str":"499536346210652161","place":null}