{"contributors":null,"truncated":false,"text":"\u201c@MichaelSkolnik: A woman in #Ferguson was shot in head last night and released this selfie. http:\/\/t.co\/qcXNu5M2Vj\u201d #HUalum","in_reply_to_status_id":499530130487017472,"id":499533285387960321,"favorite_count":3,"source":"<a href=\"http:\/\/twitter.com\/download\/iphone\" rel=\"nofollow\">Twitter for iPhone<\/a>","retweeted":false,"coordinates":null,"entities":{"symbols":[],"user_mentions":[{"id":24165761,"indices":[1,16],"id_str":"24165761","screen_name":"MichaelSkolnik","name":"Michael Skolnik"}],"hashtags":[{"indices":[29,38],"text":"Ferguson"},{"indices":[117,124],"text":"HUalum"}],"urls":[],"media":[{"source_status_id_str":"499530130487017472","expanded_url":"http:\/\/twitter.com\/MichaelSkolnik\/status\/499530130487017472\/photo\/1","display_url":"pic.twitter.com\/qcXNu5M2Vj","url":"http:\/\/t.co\/qcXNu5M2Vj","media_url_https":"https:\/\/pbs.twimg.com\/media\/Bu6wAaPCQAAbUYk.jpg","source_status_id":499530130487017472,"id_str":"499530129773576192","sizes":{"small":{"h":604,"resize":"fit","w":340},"large":{"h":1024,"resize":"fit","w":576},"medium":{"h":1024,"resize":"fit","w":576},"thumb":{"h":150,"resize":"crop","w":150}},"indices":[93,115],"type":"photo","id":499530129773576192,"media_url":"http:\/\/pbs.twimg.com\/media\/Bu6wAaPCQAAbUYk.jpg"}]},"in_reply_to_screen_name":"MichaelSkolnik","id_str":"499533285387960321","retweet_count":33,"in_reply_to_user_id":24165761,"favorited":false,"user":{"follow_request_sent":false,"profile_use_background_image":true,"default_profile_image":false,"id":21957401,"profile_background_image_url_https":"https:\/\/pbs.twimg.com\/profile_background_images\/294234555\/Sky_diving.jpg","verified":false,"profile_text_color":"13A608","profile_image_url_https":"https:\/\/pbs.twimg.com\/profile_images\/535452960197996545\/aOgORBET_normal.jpeg","profile_sidebar_fill_color":"1F1A1E","entities":{"url":{"urls":[{"url":"http:\/\/t.co\/qdu8kek6g6","indices":[0,22],"expanded_url":"http:\/\/blogtalkradio.com\/speakyourpiece1","display_url":"blogtalkradio.com\/speakyourpiece1"}]},"description":{"urls":[]}},"followers_count":3191,"profile_sidebar_border_color":"181A1E","id_str":"21957401","profile_background_color":"F551DA","listed_count":43,"is_translation_enabled":false,"utc_offset":-18000,"statuses_count":63382,"description":"Philanthropist, Howard University Alumna, Lover of Atlanta, and Mogul in the making. @SYPGlobal radio host.","friends_count":992,"location":"Atlanta","profile_link_color":"0AB042","profile_image_url":"http:\/\/pbs.twimg.com\/profile_images\/535452960197996545\/aOgORBET_normal.jpeg","following":false,"geo_enabled":false,"profile_banner_url":"https:\/\/pbs.twimg.com\/profile_banners\/21957401\/1351428582","profile_background_image_url":"http:\/\/pbs.twimg.com\/profile_background_images\/294234555\/Sky_diving.jpg","screen_name":"Malt_bia","lang":"en","profile_background_tile":true,"favourites_count":1687,"name":"Malty","notifications":false,"url":"http:\/\/t.co\/qdu8kek6g6","created_at":"Thu Feb 26 02:15:02 +0000 2009","contributors_enabled":false,"time_zone":"Quito","protected":false,"default_profile":false,"is_translator":false},"geo":null,"in_reply_to_user_id_str":"24165761","possibly_sensitive":false,"lang":"en","created_at":"Wed Aug 13 12:29:50 +0000 2014","in_reply_to_status_id_str":"499530130487017472","place":null,"extended_entities":{"media":[{"source_status_id_str":"499530130487017472","expanded_url":"http:\/\/twitter.com\/MichaelSkolnik\/status\/499530130487017472\/photo\/1","display_url":"pic.twitter.com\/qcXNu5M2Vj","url":"http:\/\/t.co\/qcXNu5M2Vj","media_url_https":"https:\/\/pbs.twimg.com\/media\/Bu6wAaPCQAAbUYk.jpg","source_status_id":499530130487017472,"id_str":"499530129773576192","sizes":{"small":{"h":604,"resize":"fit","w":340},"large":{"h":1024,"resize":"fit","w":576},"medium":{"h":1024,"resize":"fit","w":576},"thumb":{"h":150,"resize":"crop","w":150}},"indices":[93,115],"type":"photo","id":499530129773576192,"media_url":"http:\/\/pbs.twimg.com\/media\/Bu6wAaPCQAAbUYk.jpg"}]}}