{"contributors":null,"truncated":false,"text":"@MichaelSkolnik @prettyhurtsss_ wow.","in_reply_to_status_id":499530130487017472,"id":499538310986219520,"favorite_count":0,"source":"<a href=\"http:\/\/twitter.com\/download\/iphone\" rel=\"nofollow\">Twitter for iPhone<\/a>","retweeted":false,"coordinates":null,"entities":{"symbols":[],"user_mentions":[{"id":24165761,"indices":[0,15],"id_str":"24165761","screen_name":"MichaelSkolnik","name":"Michael Skolnik"},{"id":77278795,"indices":[16,31],"id_str":"77278795","screen_name":"prettyhurtsss_","name":"9\/17 \u264d\ufe0f"}],"hashtags":[],"urls":[]},"in_reply_to_screen_name":"MichaelSkolnik","id_str":"499538310986219520","retweet_count":1,"in_reply_to_user_id":24165761,"favorited":false,"user":{"follow_request_sent":false,"profile_use_background_image":true,"default_profile_image":false,"id":270669135,"profile_background_image_url_https":"https:\/\/pbs.twimg.com\/profile_background_images\/378800000176545850\/S77s7gVI.jpeg","verified":false,"profile_text_color":"F50A0A","profile_image_url_https":"https:\/\/pbs.twimg.com\/profile_images\/580997143009202176\/UMDZ-kSo_normal.jpg","profile_sidebar_fill_color":"000000","entities":{"url":{"urls":[{"url":"https:\/\/t.co\/MctJWwluDZ","indices":[0,23],"expanded_url":"https:\/\/angelnetwork.treysongz.com\/","display_url":"angelnetwork.treysongz.com"}]},"description":{"urls":[]}},"followers_count":1023,"profile_sidebar_border_color":"FFFFFF","id_str":"270669135","profile_background_color":"0A010A","listed_count":11,"is_translation_enabled":false,"utc_offset":-14400,"statuses_count":21145,"description":"God. My babies. LUPUS WARRIOR. Trey Songz. NY GIANTS!! PURCHASE #TRIGGA NOW","friends_count":794,"location":"NY chillin..","profile_link_color":"0A0203","profile_image_url":"http:\/\/pbs.twimg.com\/profile_images\/580997143009202176\/UMDZ-kSo_normal.jpg","following":false,"geo_enabled":false,"profile_banner_url":"https:\/\/pbs.twimg.com\/profile_banners\/270669135\/1407971710","profile_background_image_url":"http:\/\/pbs.twimg.com\/profile_background_images\/378800000176545850\/S77s7gVI.jpeg","screen_name":"ToshaMonique85","lang":"en","profile_background_tile":true,"favourites_count":808,"name":"#TRIGGA IN STORES","notifications":false,"url":"https:\/\/t.co\/MctJWwluDZ","created_at":"Wed Mar 23 01:35:06 +0000 2011","contributors_enabled":false,"time_zone":"Eastern Time (US & Canada)","protected":false,"default_profile":false,"is_translator":false},"geo":null,"in_reply_to_user_id_str":"24165761","lang":"und","created_at":"Wed Aug 13 12:49:48 +0000 2014","in_reply_to_status_id_str":"499530130487017472","place":null}