{"contributors":null,"truncated":false,"text":"@liberalphenom @charmed86 @thereval @thereidreport @trymainlee we blks 4 Potus see &gt; racism runs deep @milbank @ezrakelin @GlennKesslerWP","in_reply_to_status_id":499533764088049664,"id":499534535764480000,"favorite_count":0,"source":"<a href=\"https:\/\/about.twitter.com\/products\/tweetdeck\" rel=\"nofollow\">TweetDeck<\/a>","retweeted":false,"coordinates":null,"entities":{"symbols":[],"user_mentions":[{"id":300354212,"indices":[0,14],"id_str":"300354212","screen_name":"LiberalPhenom","name":"LiberalPhenom"},{"id":21926014,"indices":[15,25],"id_str":"21926014","screen_name":"Charmed86","name":"Sabrina "},{"id":42389136,"indices":[26,35],"id_str":"42389136","screen_name":"TheRevAl","name":"Reverend Al Sharpton"},{"id":2350490634,"indices":[36,50],"id_str":"2350490634","screen_name":"TheReidReport","name":"The Reid Report"},{"id":19608273,"indices":[105,113],"id_str":"19608273","screen_name":"Milbank","name":"Dana Milbank"},{"id":235196204,"indices":[125,140],"id_str":"235196204","screen_name":"GlennKesslerWP","name":"Glenn Kessler"}],"hashtags":[],"urls":[]},"in_reply_to_screen_name":"whome51obama","id_str":"499534535764480000","retweet_count":0,"in_reply_to_user_id":15970073,"favorited":false,"user":{"follow_request_sent":false,"profile_use_background_image":true,"default_profile_image":false,"id":15970073,"profile_background_image_url_https":"https:\/\/abs.twimg.com\/images\/themes\/theme1\/bg.png","verified":false,"profile_text_color":"333333","profile_image_url_https":"https:\/\/pbs.twimg.com\/profile_images\/536057334720524288\/pO8jcCu9_normal.jpeg","profile_sidebar_fill_color":"DDEEF6","entities":{"description":{"urls":[]}},"followers_count":1583,"profile_sidebar_border_color":"C0DEED","id_str":"15970073","profile_background_color":"C0DEED","listed_count":122,"is_translation_enabled":false,"utc_offset":-14400,"statuses_count":427977,"description":"","friends_count":481,"location":"","profile_link_color":"0084B4","profile_image_url":"http:\/\/pbs.twimg.com\/profile_images\/536057334720524288\/pO8jcCu9_normal.jpeg","following":false,"geo_enabled":false,"profile_background_image_url":"http:\/\/abs.twimg.com\/images\/themes\/theme1\/bg.png","screen_name":"whome51obama","lang":"en","profile_background_tile":false,"favourites_count":49,"name":"lovelyladypa","notifications":false,"url":null,"created_at":"Sun Aug 24 16:26:44 +0000 2008","contributors_enabled":false,"time_zone":"Eastern Time (US & Canada)","protected":false,"default_profile":true,"is_translator":false},"geo":null,"in_reply_to_user_id_str":"15970073","lang":"en","created_at":"Wed Aug 13 12:34:48 +0000 2014","in_reply_to_status_id_str":"499533764088049664","place":null}