{"contributors":null,"truncated":false,"text":"gm @MichaelSkolnik wow @milbank @ezrakelin @morningmika @GlennKesslerWP just cld Potus all but N wrd on air.Birthers http:\/\/t.co\/hBVvcHvw48","in_reply_to_status_id":499530130487017472,"id":499532679059374081,"favorite_count":0,"source":"<a href=\"https:\/\/about.twitter.com\/products\/tweetdeck\" rel=\"nofollow\">TweetDeck<\/a>","retweeted":false,"coordinates":null,"entities":{"symbols":[],"user_mentions":[{"id":24165761,"indices":[3,18],"id_str":"24165761","screen_name":"MichaelSkolnik","name":"Michael Skolnik"},{"id":19608273,"indices":[23,31],"id_str":"19608273","screen_name":"Milbank","name":"Dana Milbank"},{"id":18227519,"indices":[43,55],"id_str":"18227519","screen_name":"morningmika","name":"morningmika"},{"id":235196204,"indices":[56,71],"id_str":"235196204","screen_name":"GlennKesslerWP","name":"Glenn Kessler"}],"hashtags":[],"urls":[{"url":"http:\/\/t.co\/hBVvcHvw48","indices":[117,139],"expanded_url":"http:\/\/youtu.be\/iqD-UNPiVNU","display_url":"youtu.be\/iqD-UNPiVNU"}]},"in_reply_to_screen_name":"MichaelSkolnik","id_str":"499532679059374081","retweet_count":0,"in_reply_to_user_id":24165761,"favorited":false,"user":{"follow_request_sent":false,"profile_use_background_image":true,"default_profile_image":false,"id":15970073,"profile_background_image_url_https":"https:\/\/abs.twimg.com\/images\/themes\/theme1\/bg.png","verified":false,"profile_text_color":"333333","profile_image_url_https":"https:\/\/pbs.twimg.com\/profile_images\/536057334720524288\/pO8jcCu9_normal.jpeg","profile_sidebar_fill_color":"DDEEF6","entities":{"description":{"urls":[]}},"followers_count":1583,"profile_sidebar_border_color":"C0DEED","id_str":"15970073","profile_background_color":"C0DEED","listed_count":122,"is_translation_enabled":false,"utc_offset":-14400,"statuses_count":427977,"description":"","friends_count":481,"location":"","profile_link_color":"0084B4","profile_image_url":"http:\/\/pbs.twimg.com\/profile_images\/536057334720524288\/pO8jcCu9_normal.jpeg","following":false,"geo_enabled":false,"profile_background_image_url":"http:\/\/abs.twimg.com\/images\/themes\/theme1\/bg.png","screen_name":"whome51obama","lang":"en","profile_background_tile":false,"favourites_count":49,"name":"lovelyladypa","notifications":false,"url":null,"created_at":"Sun Aug 24 16:26:44 +0000 2008","contributors_enabled":false,"time_zone":"Eastern Time (US & Canada)","protected":false,"default_profile":true,"is_translator":false},"geo":null,"in_reply_to_user_id_str":"24165761","possibly_sensitive":false,"lang":"en","created_at":"Wed Aug 13 12:27:26 +0000 2014","in_reply_to_status_id_str":"499530130487017472","place":null}