{"contributors":null,"truncated":false,"text":"@liberalphenom &gt; @thereval @thereidreport @trymainlee Obamas cnt vac per racist @milbank @ezrakelin  @GlennKesslerWP http:\/\/t.co\/EddrhLVnw8","in_reply_to_status_id":499532679059374081,"id":499533764088049664,"favorite_count":1,"source":"<a href=\"https:\/\/about.twitter.com\/products\/tweetdeck\" rel=\"nofollow\">TweetDeck<\/a>","retweeted":false,"coordinates":null,"entities":{"symbols":[],"user_mentions":[{"id":300354212,"indices":[0,14],"id_str":"300354212","screen_name":"LiberalPhenom","name":"LiberalPhenom"},{"id":42389136,"indices":[20,29],"id_str":"42389136","screen_name":"TheRevAl","name":"Reverend Al Sharpton"},{"id":2350490634,"indices":[30,44],"id_str":"2350490634","screen_name":"TheReidReport","name":"The Reid Report"},{"id":19608273,"indices":[83,91],"id_str":"19608273","screen_name":"Milbank","name":"Dana Milbank"},{"id":235196204,"indices":[104,119],"id_str":"235196204","screen_name":"GlennKesslerWP","name":"Glenn Kessler"}],"hashtags":[],"urls":[],"media":[{"source_status_id_str":"499433420297363456","expanded_url":"http:\/\/twitter.com\/whome51obama\/status\/499433420297363456\/photo\/1","display_url":"pic.twitter.com\/EddrhLVnw8","url":"http:\/\/t.co\/EddrhLVnw8","media_url_https":"https:\/\/pbs.twimg.com\/media\/Bu5YDJlIgAAh5RF.jpg","source_status_id":499433420297363456,"id_str":"499433419819220992","sizes":{"small":{"h":233,"resize":"fit","w":300},"large":{"h":233,"resize":"fit","w":300},"medium":{"h":233,"resize":"fit","w":300},"thumb":{"h":150,"resize":"crop","w":150}},"indices":[120,142],"type":"photo","id":499433419819220992,"media_url":"http:\/\/pbs.twimg.com\/media\/Bu5YDJlIgAAh5RF.jpg"}]},"in_reply_to_screen_name":"whome51obama","id_str":"499533764088049664","retweet_count":3,"in_reply_to_user_id":15970073,"favorited":false,"user":{"follow_request_sent":false,"profile_use_background_image":true,"default_profile_image":false,"id":15970073,"profile_background_image_url_https":"https:\/\/abs.twimg.com\/images\/themes\/theme1\/bg.png","verified":false,"profile_text_color":"333333","profile_image_url_https":"https:\/\/pbs.twimg.com\/profile_images\/536057334720524288\/pO8jcCu9_normal.jpeg","profile_sidebar_fill_color":"DDEEF6","entities":{"description":{"urls":[]}},"followers_count":1583,"profile_sidebar_border_color":"C0DEED","id_str":"15970073","profile_background_color":"C0DEED","listed_count":122,"is_translation_enabled":false,"utc_offset":-14400,"statuses_count":427977,"description":"","friends_count":481,"location":"","profile_link_color":"0084B4","profile_image_url":"http:\/\/pbs.twimg.com\/profile_images\/536057334720524288\/pO8jcCu9_normal.jpeg","following":false,"geo_enabled":false,"profile_background_image_url":"http:\/\/abs.twimg.com\/images\/themes\/theme1\/bg.png","screen_name":"whome51obama","lang":"en","profile_background_tile":false,"favourites_count":49,"name":"lovelyladypa","notifications":false,"url":null,"created_at":"Sun Aug 24 16:26:44 +0000 2008","contributors_enabled":false,"time_zone":"Eastern Time (US & Canada)","protected":false,"default_profile":true,"is_translator":false},"geo":null,"in_reply_to_user_id_str":"15970073","possibly_sensitive":false,"lang":"en","created_at":"Wed Aug 13 12:31:44 +0000 2014","in_reply_to_status_id_str":"499532679059374081","place":null,"extended_entities":{"media":[{"source_status_id_str":"499433420297363456","expanded_url":"http:\/\/twitter.com\/whome51obama\/status\/499433420297363456\/photo\/1","display_url":"pic.twitter.com\/EddrhLVnw8","url":"http:\/\/t.co\/EddrhLVnw8","media_url_https":"https:\/\/pbs.twimg.com\/media\/Bu5YDJlIgAAh5RF.jpg","source_status_id":499433420297363456,"id_str":"499433419819220992","sizes":{"small":{"h":233,"resize":"fit","w":300},"large":{"h":233,"resize":"fit","w":300},"medium":{"h":233,"resize":"fit","w":300},"thumb":{"h":150,"resize":"crop","w":150}},"indices":[120,142],"type":"photo","id":499433419819220992,"media_url":"http:\/\/pbs.twimg.com\/media\/Bu5YDJlIgAAh5RF.jpg"}]}}