{"contributors":null,"truncated":false,"text":"#casual #impressive  \u201c@MichaelSkolnik: A woman in #Ferguson was shot in head last night and released this selfie: http:\/\/t.co\/ki10cz6Jiw\u201d","in_reply_to_status_id":499530130487017472,"id":499610176518119424,"favorite_count":2,"source":"<a href=\"http:\/\/twitter.com\/download\/iphone\" rel=\"nofollow\">Twitter for iPhone<\/a>","retweeted":false,"coordinates":null,"entities":{"symbols":[],"user_mentions":[{"id":24165761,"indices":[22,37],"id_str":"24165761","screen_name":"MichaelSkolnik","name":"Michael Skolnik"}],"hashtags":[{"indices":[0,7],"text":"casual"},{"indices":[8,19],"text":"impressive"},{"indices":[50,59],"text":"Ferguson"}],"urls":[],"media":[{"source_status_id_str":"499530130487017472","expanded_url":"http:\/\/twitter.com\/MichaelSkolnik\/status\/499530130487017472\/photo\/1","display_url":"pic.twitter.com\/ki10cz6Jiw","url":"http:\/\/t.co\/ki10cz6Jiw","media_url_https":"https:\/\/pbs.twimg.com\/media\/Bu6wAaPCQAAbUYk.jpg","source_status_id":499530130487017472,"id_str":"499530129773576192","sizes":{"small":{"h":604,"resize":"fit","w":340},"large":{"h":1024,"resize":"fit","w":576},"medium":{"h":1024,"resize":"fit","w":576},"thumb":{"h":150,"resize":"crop","w":150}},"indices":[114,136],"type":"photo","id":499530129773576192,"media_url":"http:\/\/pbs.twimg.com\/media\/Bu6wAaPCQAAbUYk.jpg"}]},"in_reply_to_screen_name":"MichaelSkolnik","id_str":"499610176518119424","retweet_count":1,"in_reply_to_user_id":24165761,"favorited":false,"user":{"follow_request_sent":false,"profile_use_background_image":true,"default_profile_image":false,"id":15089443,"profile_background_image_url_https":"https:\/\/pbs.twimg.com\/profile_background_images\/504471463718440960\/4F2qPXWo.jpeg","verified":false,"profile_text_color":"0B0804","profile_image_url_https":"https:\/\/pbs.twimg.com\/profile_images\/584218643933831169\/FKa3CPhT_normal.jpg","profile_sidebar_fill_color":"24B8F9","entities":{"url":{"urls":[{"url":"http:\/\/t.co\/rDvB1xQt","indices":[0,20],"expanded_url":"http:\/\/www.meganjohnson.tumblr.com","display_url":"meganjohnson.tumblr.com"}]},"description":{"urls":[]}},"followers_count":3701,"profile_sidebar_border_color":"FFFFFF","id_str":"15089443","profile_background_color":"ACDED6","listed_count":98,"is_translation_enabled":false,"utc_offset":-14400,"statuses_count":41489,"description":"When I was 5, my parents cut my hair short and an old man said Move Along, Son. I was also left on the school bus once. I write for a living.","friends_count":3019,"location":"Boston, MA","profile_link_color":"038543","profile_image_url":"http:\/\/pbs.twimg.com\/profile_images\/584218643933831169\/FKa3CPhT_normal.jpg","following":false,"geo_enabled":false,"profile_banner_url":"https:\/\/pbs.twimg.com\/profile_banners\/15089443\/1394944179","profile_background_image_url":"http:\/\/pbs.twimg.com\/profile_background_images\/504471463718440960\/4F2qPXWo.jpeg","screen_name":"megansarahj","lang":"en","profile_background_tile":true,"favourites_count":5075,"name":"Megan Johnson","notifications":false,"url":"http:\/\/t.co\/rDvB1xQt","created_at":"Wed Jun 11 21:23:36 +0000 2008","contributors_enabled":false,"time_zone":"Eastern Time (US & Canada)","protected":false,"default_profile":false,"is_translator":false},"geo":null,"in_reply_to_user_id_str":"24165761","possibly_sensitive":false,"lang":"en","created_at":"Wed Aug 13 17:35:23 +0000 2014","in_reply_to_status_id_str":"499530130487017472","place":null,"extended_entities":{"media":[{"source_status_id_str":"499530130487017472","expanded_url":"http:\/\/twitter.com\/MichaelSkolnik\/status\/499530130487017472\/photo\/1","display_url":"pic.twitter.com\/ki10cz6Jiw","url":"http:\/\/t.co\/ki10cz6Jiw","media_url_https":"https:\/\/pbs.twimg.com\/media\/Bu6wAaPCQAAbUYk.jpg","source_status_id":499530130487017472,"id_str":"499530129773576192","sizes":{"small":{"h":604,"resize":"fit","w":340},"large":{"h":1024,"resize":"fit","w":576},"medium":{"h":1024,"resize":"fit","w":576},"thumb":{"h":150,"resize":"crop","w":150}},"indices":[114,136],"type":"photo","id":499530129773576192,"media_url":"http:\/\/pbs.twimg.com\/media\/Bu6wAaPCQAAbUYk.jpg"}]}}