{"contributors":null,"truncated":false,"text":"@KUHU45 @MichaelSkolnik This is terrible. The police is out of control and needs to be stopped asap.","in_reply_to_status_id":499530130487017472,"id":499623513435947009,"favorite_count":1,"source":"<a href=\"http:\/\/backtoblaq.com\" rel=\"nofollow\">Blaq for BlackBerry\u00ae 10<\/a>","retweeted":false,"coordinates":null,"entities":{"symbols":[],"user_mentions":[{"id":1593839660,"indices":[0,7],"id_str":"1593839660","screen_name":"KUHU45","name":"Keep Ur Head Up"},{"id":24165761,"indices":[8,23],"id_str":"24165761","screen_name":"MichaelSkolnik","name":"Michael Skolnik"}],"hashtags":[],"urls":[]},"in_reply_to_screen_name":"MichaelSkolnik","id_str":"499623513435947009","retweet_count":0,"in_reply_to_user_id":24165761,"favorited":false,"user":{"follow_request_sent":false,"profile_use_background_image":true,"default_profile_image":false,"id":18389705,"profile_background_image_url_https":"https:\/\/abs.twimg.com\/images\/themes\/theme9\/bg.gif","verified":false,"profile_text_color":"666666","profile_image_url_https":"https:\/\/pbs.twimg.com\/profile_images\/556969739310739456\/ST8x3c8__normal.png","profile_sidebar_fill_color":"252429","entities":{"url":{"urls":[{"url":"http:\/\/t.co\/aUUNceukDB","indices":[0,22],"expanded_url":"http:\/\/www.myspace.com\/brothawex","display_url":"myspace.com\/brothawex"}]},"description":{"urls":[]}},"followers_count":158,"profile_sidebar_border_color":"181A1E","id_str":"18389705","profile_background_color":"1A1B1F","listed_count":5,"is_translation_enabled":false,"utc_offset":-14400,"statuses_count":21392,"description":"Da Holda Of The Boulda","friends_count":70,"location":"New Jerusalem, East Coast","profile_link_color":"2FC2EF","profile_image_url":"http:\/\/pbs.twimg.com\/profile_images\/556969739310739456\/ST8x3c8__normal.png","following":false,"geo_enabled":true,"profile_banner_url":"https:\/\/pbs.twimg.com\/profile_banners\/18389705\/1357450476","profile_background_image_url":"http:\/\/abs.twimg.com\/images\/themes\/theme9\/bg.gif","screen_name":"BROTHAWEX","lang":"en","profile_background_tile":false,"favourites_count":1543,"name":"BROTHAWEX","notifications":false,"url":"http:\/\/t.co\/aUUNceukDB","created_at":"Fri Dec 26 14:47:58 +0000 2008","contributors_enabled":false,"time_zone":"Eastern Time (US & Canada)","protected":false,"default_profile":false,"is_translator":false},"geo":null,"in_reply_to_user_id_str":"24165761","lang":"en","created_at":"Wed Aug 13 18:28:22 +0000 2014","in_reply_to_status_id_str":"499530130487017472","place":null}