{"contributors": null, "truncated": false, "text": "@MichaelSkolnik Not minding ur own business is often the first step towards big problems.No matter what color u are or how much money u have", "in_reply_to_status_id": 499530130487017472, "id": 499685061956882433, "favorite_count": 0, "source": "<a href=\"http://twitter.com/download/android\" rel=\"nofollow\">Twitter for Android</a>", "retweeted": false, "coordinates": null, "entities": {"symbols": [], "user_mentions": [{"id": 24165761, "indices": [0, 15], "id_str": "24165761", "screen_name": "MichaelSkolnik", "name": "Michael Skolnik"}], "hashtags": [], "urls": []}, "in_reply_to_screen_name": "MichaelSkolnik", "id_str": "499685061956882433", "retweet_count": 0, "in_reply_to_user_id": 24165761, "favorited": false, "user": {"follow_request_sent": false, "profile_use_background_image": true, "default_profile_image": false, "id": 502336319, "profile_background_image_url_https": "https://abs.twimg.com/images/themes/theme1/bg.png", "verified": false, "profile_text_color": "333333", "profile_image_url_https": "https://pbs.twimg.com/profile_images/478239326111686656/pXptiwXT_normal.jpeg", "profile_sidebar_fill_color": "DDEEF6", "entities": {"description": {"urls": []}}, "followers_count": 40, "profile_sidebar_border_color": "C0DEED", "id_str": "502336319", "profile_background_color": "C0DEED", "listed_count": 0, "is_translation_enabled": false, "utc_offset": -25200, "statuses_count": 1645, "description": "Fan of Metallica, NASCAR, Baseball, Women with a little meat on their bones and of course...The Jason Ellis Show.", "friends_count": 226, "location": "Atascadero,Ca./Ya Mums House", "profile_link_color": "0084B4", "profile_image_url": "http://pbs.twimg.com/profile_images/478239326111686656/pXptiwXT_normal.jpeg", "following": false, "geo_enabled": true, "profile_banner_url": "https://pbs.twimg.com/profile_banners/502336319/1402856065", "profile_background_image_url": "http://abs.twimg.com/images/themes/theme1/bg.png", "screen_name": "nicman85", "lang": "en", "profile_background_tile": false, "favourites_count": 631, "name": "Nic", "notifications": false, "url": null, "created_at": "Sat Feb 25 01:34:33 +0000 2012", "contributors_enabled": false, "time_zone": "Pacific Time (US & Canada)", "protected": false, "default_profile": true, "is_translator": false}, "geo": null, "in_reply_to_user_id_str": "24165761", "lang": "en", "created_at": "Wed Aug 13 22:32:57 +0000 2014", "in_reply_to_status_id_str": "499530130487017472", "place": null}
