{"contributors":null,"truncated":false,"text":"- @MichaelSkolnik A MONTH LATER; #Ferguson police have YET to interview #MyaAatenWhite. The ambulances came only after numerous calls.","in_reply_to_status_id":499530130487017472,"id":510533977086500866,"favorite_count":2,"source":"<a href=\"https:\/\/mobile.twitter.com\" rel=\"nofollow\">Mobile Web (M5)<\/a>","retweeted":false,"coordinates":null,"entities":{"symbols":[],"user_mentions":[{"id":24165761,"indices":[2,17],"id_str":"24165761","screen_name":"MichaelSkolnik","name":"Michael Skolnik"}],"hashtags":[{"indices":[33,42],"text":"Ferguson"},{"indices":[72,86],"text":"MyaAatenWhite"}],"urls":[]},"in_reply_to_screen_name":"MichaelSkolnik","id_str":"510533977086500866","retweet_count":0,"in_reply_to_user_id":24165761,"favorited":false,"user":{"follow_request_sent":false,"profile_use_background_image":true,"default_profile_image":false,"id":467026225,"profile_background_image_url_https":"https:\/\/abs.twimg.com\/images\/themes\/theme1\/bg.png","verified":false,"profile_text_color":"333333","profile_image_url_https":"https:\/\/pbs.twimg.com\/profile_images\/545982776831262721\/5C8ps2Jc_normal.jpeg","profile_sidebar_fill_color":"DDEEF6","entities":{"description":{"urls":[]}},"followers_count":285,"profile_sidebar_border_color":"000000","id_str":"467026225","profile_background_color":"C0DEED","listed_count":4,"is_translation_enabled":true,"utc_offset":-25200,"statuses_count":14296,"description":"THE TRUTH IS A TERRIBLE THING TO IGNORE.\r\n\r\nBlunt Speech on Fascism, For-Profit Prisons, Criminal Cops, Stop-Frisk, Privacy, Racism, Spills and Toxins, Africa.","friends_count":278,"location":"","profile_link_color":"BD671C","profile_image_url":"http:\/\/pbs.twimg.com\/profile_images\/545982776831262721\/5C8ps2Jc_normal.jpeg","following":false,"geo_enabled":false,"profile_banner_url":"https:\/\/pbs.twimg.com\/profile_banners\/467026225\/1409043290","profile_background_image_url":"http:\/\/abs.twimg.com\/images\/themes\/theme1\/bg.png","screen_name":"ocblues","lang":"en","profile_background_tile":false,"favourites_count":3609,"name":"oc","notifications":false,"url":null,"created_at":"Wed Jan 18 01:44:22 +0000 2012","contributors_enabled":false,"time_zone":"Arizona","protected":false,"default_profile":false,"is_translator":false},"geo":null,"in_reply_to_user_id_str":"24165761","lang":"en","created_at":"Fri Sep 12 21:02:40 +0000 2014","in_reply_to_status_id_str":"499530130487017472","place":null}