{"contributors":null,"truncated":false,"text":"URGENT: Darren Wilson is the police officer who shot Mike Brown http:\/\/t.co\/RZ1eYcKpiY #Ferguson http:\/\/t.co\/D2HyKchWvq","in_reply_to_status_id":null,"id":500278045597368320,"favorite_count":50,"source":"<a href=\"http:\/\/twitter.com\" rel=\"nofollow\">Twitter Web Client<\/a>","retweeted":false,"coordinates":null,"entities":{"symbols":[],"user_mentions":[],"hashtags":[{"indices":[87,96],"text":"Ferguson"}],"urls":[{"url":"http:\/\/t.co\/RZ1eYcKpiY","indices":[64,86],"expanded_url":"http:\/\/on.rt.com\/4hyzu4","display_url":"on.rt.com\/4hyzu4"}],"media":[{"expanded_url":"http:\/\/twitter.com\/RT_com\/status\/500278045597368320\/photo\/1","display_url":"pic.twitter.com\/D2HyKchWvq","url":"http:\/\/t.co\/D2HyKchWvq","media_url_https":"https:\/\/pbs.twimg.com\/media\/BvFYOrqCUAEgodr.jpg","id_str":"500278042875285505","sizes":{"large":{"h":551,"resize":"fit","w":903},"small":{"h":207,"resize":"fit","w":340},"medium":{"h":366,"resize":"fit","w":600},"thumb":{"h":150,"resize":"crop","w":150}},"indices":[97,119],"type":"photo","id":500278042875285505,"media_url":"http:\/\/pbs.twimg.com\/media\/BvFYOrqCUAEgodr.jpg"}]},"in_reply_to_screen_name":null,"id_str":"500278045597368320","retweet_count":195,"in_reply_to_user_id":null,"favorited":false,"user":{"follow_request_sent":false,"profile_use_background_image":true,"default_profile_image":false,"id":64643056,"profile_background_image_url_https":"https:\/\/pbs.twimg.com\/profile_background_images\/448107225769193472\/16jIvlg2.jpeg","verified":true,"profile_text_color":"000000","profile_image_url_https":"https:\/\/pbs.twimg.com\/profile_images\/423103093069205504\/eTXULFRS_normal.png","profile_sidebar_fill_color":"EBEBEB","entities":{"url":{"urls":[{"url":"http:\/\/t.co\/bDDyvxSAkR","indices":[0,22],"expanded_url":"http:\/\/RT.com","display_url":"RT.com"}]},"description":{"urls":[]}},"followers_count":722151,"profile_sidebar_border_color":"FFFFFF","id_str":"64643056","profile_background_color":"1D1D1D","listed_count":12359,"is_translation_enabled":false,"utc_offset":14400,"statuses_count":90929,"description":"RT (Russia Today) is a global news channel broadcasting from Moscow and Washington studios to over 100 countries around the globe.","friends_count":413,"location":"","profile_link_color":"3D990F","profile_image_url":"http:\/\/pbs.twimg.com\/profile_images\/423103093069205504\/eTXULFRS_normal.png","following":false,"geo_enabled":false,"profile_banner_url":"https:\/\/pbs.twimg.com\/profile_banners\/64643056\/1399703055","profile_background_image_url":"http:\/\/pbs.twimg.com\/profile_background_images\/448107225769193472\/16jIvlg2.jpeg","screen_name":"RT_com","lang":"en","profile_background_tile":false,"favourites_count":1,"name":"RT","notifications":false,"url":"http:\/\/t.co\/bDDyvxSAkR","created_at":"Tue Aug 11 06:12:45 +0000 2009","contributors_enabled":false,"time_zone":"Moscow","protected":false,"default_profile":false,"is_translator":false},"geo":null,"in_reply_to_user_id_str":null,"possibly_sensitive":false,"lang":"en","created_at":"Fri Aug 15 13:49:15 +0000 2014","in_reply_to_status_id_str":null,"place":null,"extended_entities":{"media":[{"expanded_url":"http:\/\/twitter.com\/RT_com\/status\/500278045597368320\/photo\/1","display_url":"pic.twitter.com\/D2HyKchWvq","url":"http:\/\/t.co\/D2HyKchWvq","media_url_https":"https:\/\/pbs.twimg.com\/media\/BvFYOrqCUAEgodr.jpg","id_str":"500278042875285505","sizes":{"large":{"h":551,"resize":"fit","w":903},"small":{"h":207,"resize":"fit","w":340},"medium":{"h":366,"resize":"fit","w":600},"thumb":{"h":150,"resize":"crop","w":150}},"indices":[97,119],"type":"photo","id":500278042875285505,"media_url":"http:\/\/pbs.twimg.com\/media\/BvFYOrqCUAEgodr.jpg"}]}}