{"contributors": null, "truncated": false, "text": "@larryelder No Justice, No Peace, No $$$, for Race Hawkers!", "in_reply_to_status_id": 499612545909415938, "id": 499613890171662336, "favorite_count": 0, "source": "<a href=\"http://twitter.com/#!/download/ipad\" rel=\"nofollow\">Twitter for iPad</a>", "retweeted": false, "coordinates": {"type": "Point", "coordinates": [-73.86744091, 42.78439555]}, "entities": {"symbols": [], "user_mentions": [{"id": 195271137, "indices": [0, 11], "id_str": "195271137", "screen_name": "larryelder", "name": "Larry Elder"}], "hashtags": [], "urls": []}, "in_reply_to_screen_name": "larryelder", "id_str": "499613890171662336", "retweet_count": 0, "in_reply_to_user_id": 195271137, "favorited": false, "user": {"follow_request_sent": false, "profile_use_background_image": true, "default_profile_image": false, "id": 876922530, "profile_background_image_url_https": "https://abs.twimg.com/images/themes/theme1/bg.png", "verified": false, "profile_text_color": "333333", "profile_image_url_https": "https://pbs.twimg.com/profile_images/3194731289/a59a58b82c4ced87eeeaf8295dc31d5a_normal.jpeg", "profile_sidebar_fill_color": "DDEEF6", "entities": {"description": {"urls": []}}, "followers_count": 681, "profile_sidebar_border_color": "C0DEED", "id_str": "876922530", "profile_background_color": "C0DEED", "listed_count": 10, "is_translation_enabled": false, "utc_offset": null, "statuses_count": 14353, "description": "I am who I am, and I'm good with that!", "friends_count": 807, "location": "Schenectady, NY", "profile_link_color": "0084B4", "profile_image_url": "http://pbs.twimg.com/profile_images/3194731289/a59a58b82c4ced87eeeaf8295dc31d5a_normal.jpeg", "following": false, "geo_enabled": true, "profile_banner_url": "https://pbs.twimg.com/profile_banners/876922530/1377838904", "profile_background_image_url": "http://abs.twimg.com/images/themes/theme1/bg.png", "screen_name": "KgiardenKaren", "lang": "en", "profile_background_tile": false, "favourites_count": 2429, "name": "KarenG", "notifications": false, "url": null, "created_at": "Sat Oct 13 02:54:58 +0000 2012", "contributors_enabled": false, "time_zone": null, "protected": false, "default_profile": true, "is_translator": false}, "geo": {"type": "Point", "coordinates": [42.78439555, -73.86744091]}, "in_reply_to_user_id_str": "195271137", "lang": "en", "created_at": "Wed Aug 13 17:50:08 +0000 2014", "in_reply_to_status_id_str": "499612545909415938", "place": {"full_name": "New York, USA", "url": "https://api.twitter.com/1.1/geo/id/94965b2c45386f87.json", "country": "United States", "place_type": "admin", "bounding_box": {"type": "Polygon", "coordinates": [[[-79.76259, 40.477383], [-71.777492, 40.477383], [-71.777492, 45.015851], [-79.76259, 45.015851]]]}, "contained_within": [], "country_code": "US", "attributes": {}, "id": "94965b2c45386f87", "name": "New York"}}
