{"contributors":null,"truncated":false,"text":"@larryelder @JC7109 cops kill too many Americans, black &amp; white. While i reject the race baiting the left is doing this is still wrong","in_reply_to_status_id":499612545909415938,"id":499641023950512128,"favorite_count":0,"source":"<a href=\"http:\/\/twitter.com\/download\/iphone\" rel=\"nofollow\">Twitter for iPhone<\/a>","retweeted":false,"coordinates":null,"entities":{"symbols":[],"user_mentions":[{"id":195271137,"indices":[0,11],"id_str":"195271137","screen_name":"larryelder","name":"Larry Elder"},{"id":116545753,"indices":[12,19],"id_str":"116545753","screen_name":"JC7109","name":"J."}],"hashtags":[],"urls":[]},"in_reply_to_screen_name":"larryelder","id_str":"499641023950512128","retweet_count":0,"in_reply_to_user_id":195271137,"favorited":false,"user":{"follow_request_sent":false,"profile_use_background_image":true,"default_profile_image":false,"id":747393770,"profile_background_image_url_https":"https:\/\/abs.twimg.com\/images\/themes\/theme1\/bg.png","verified":false,"profile_text_color":"333333","profile_image_url_https":"https:\/\/pbs.twimg.com\/profile_images\/584069512280088576\/LCDlF_yW_normal.jpg","profile_sidebar_fill_color":"DDEEF6","entities":{"description":{"urls":[]}},"followers_count":570,"profile_sidebar_border_color":"C0DEED","id_str":"747393770","profile_background_color":"C0DEED","listed_count":4,"is_translation_enabled":false,"utc_offset":null,"statuses_count":3245,"description":"Milford Town Meeting Member precinct 6. Father. Husband. Engineer. Investor. Political junky. Geek. Landlord. #2a supporter. \nmilford.mikesoares@gmail.com","friends_count":1523,"location":"Milford Ma","profile_link_color":"0084B4","profile_image_url":"http:\/\/pbs.twimg.com\/profile_images\/584069512280088576\/LCDlF_yW_normal.jpg","following":false,"geo_enabled":true,"profile_banner_url":"https:\/\/pbs.twimg.com\/profile_banners\/747393770\/1397641590","profile_background_image_url":"http:\/\/abs.twimg.com\/images\/themes\/theme1\/bg.png","screen_name":"memikey44","lang":"en","profile_background_tile":false,"favourites_count":159,"name":"Michael Soares","notifications":false,"url":null,"created_at":"Thu Aug 09 15:12:12 +0000 2012","contributors_enabled":false,"time_zone":null,"protected":false,"default_profile":true,"is_translator":false},"geo":null,"in_reply_to_user_id_str":"195271137","lang":"en","created_at":"Wed Aug 13 19:37:57 +0000 2014","in_reply_to_status_id_str":"499612545909415938","place":null}