{"contributors": null, "truncated": false, "text": "@larryelder @KLSouth Also, cops need to be held to a higher standard.", "in_reply_to_status_id": 499691687326007296, "id": 499692380296318976, "favorite_count": 0, "source": "<a href=\"http://twitter.com/download/iphone\" rel=\"nofollow\">Twitter for iPhone</a>", "retweeted": false, "coordinates": null, "entities": {"symbols": [], "user_mentions": [{"id": 195271137, "indices": [0, 11], "id_str": "195271137", "screen_name": "larryelder", "name": "Larry Elder"}, {"id": 32497478, "indices": [12, 20], "id_str": "32497478", "screen_name": "KLSouth", "name": "Kelly "}], "hashtags": [], "urls": []}, "in_reply_to_screen_name": "PhilSerrin", "id_str": "499692380296318976", "retweet_count": 0, "in_reply_to_user_id": 1033636171, "favorited": false, "user": {"follow_request_sent": false, "profile_use_background_image": true, "default_profile_image": false, "id": 1033636171, "profile_background_image_url_https": "https://abs.twimg.com/images/themes/theme1/bg.png", "verified": false, "profile_text_color": "333333", "profile_image_url_https": "https://pbs.twimg.com/profile_images/3757169906/f74dfa66da7df89111a88230315e9b8e_normal.jpeg", "profile_sidebar_fill_color": "DDEEF6", "entities": {"description": {"urls": []}}, "followers_count": 426, "profile_sidebar_border_color": "C0DEED", "id_str": "1033636171", "profile_background_color": "C0DEED", "listed_count": 6, "is_translation_enabled": false, "utc_offset": null, "statuses_count": 2118, "description": "", "friends_count": 882, "location": "", "profile_link_color": "0084B4", "profile_image_url": "http://pbs.twimg.com/profile_images/3757169906/f74dfa66da7df89111a88230315e9b8e_normal.jpeg", "following": false, "geo_enabled": false, "profile_background_image_url": "http://abs.twimg.com/images/themes/theme1/bg.png", "screen_name": "PhilSerrin", "lang": "en", "profile_background_tile": false, "favourites_count": 217, "name": "Phil Serrin", "notifications": false, "url": null, "created_at": "Mon Dec 24 23:05:51 +0000 2012", "contributors_enabled": false, "time_zone": null, "protected": false, "default_profile": true, "is_translator": false}, "geo": null, "in_reply_to_user_id_str": "1033636171", "lang": "en", "created_at": "Wed Aug 13 23:02:01 +0000 2014", "in_reply_to_status_id_str": "499691687326007296", "place": null}
