{"contributors": null, "truncated": false, "text": "@larryelder : fk yr derailment. This is about the blatant and often sanctioned murder of black men (and women) by cops.", "in_reply_to_status_id": 499612545909415938, "id": 499613561044598785, "favorite_count": 0, "source": "<a href=\"http://twitter.com/download/iphone\" rel=\"nofollow\">Twitter for iPhone</a>", "retweeted": false, "coordinates": null, "entities": {"symbols": [], "user_mentions": [{"id": 195271137, "indices": [0, 11], "id_str": "195271137", "screen_name": "larryelder", "name": "Larry Elder"}], "hashtags": [], "urls": []}, "in_reply_to_screen_name": "larryelder", "id_str": "499613561044598785", "retweet_count": 0, "in_reply_to_user_id": 195271137, "favorited": false, "user": {"follow_request_sent": false, "profile_use_background_image": false, "default_profile_image": false, "id": 2728474597, "profile_background_image_url_https": "https://abs.twimg.com/images/themes/theme1/bg.png", "verified": false, "profile_text_color": "000000", "profile_image_url_https": "https://pbs.twimg.com/profile_images/499407604225802240/-TWS9Ggv_normal.jpeg", "profile_sidebar_fill_color": "000000", "entities": {"description": {"urls": []}}, "followers_count": 50, "profile_sidebar_border_color": "000000", "id_str": "2728474597", "profile_background_color": "000000", "listed_count": 0, "is_translation_enabled": false, "utc_offset": null, "statuses_count": 539, "description": "Creative Force, Lover, Friend and Hard Working Mofo.", "friends_count": 199, "location": "Pittsburgh", "profile_link_color": "0AD2F5", "profile_image_url": "http://pbs.twimg.com/profile_images/499407604225802240/-TWS9Ggv_normal.jpeg", "following": false, "geo_enabled": false, "profile_background_image_url": "http://abs.twimg.com/images/themes/theme1/bg.png", "screen_name": "ajyaphoenix", "lang": "en", "profile_background_tile": false, "favourites_count": 50, "name": "Samantha McDonough", "notifications": false, "url": null, "created_at": "Wed Aug 13 03:52:09 +0000 2014", "contributors_enabled": false, "time_zone": null, "protected": false, "default_profile": false, "is_translator": false}, "geo": null, "in_reply_to_user_id_str": "195271137", "lang": "en", "created_at": "Wed Aug 13 17:48:49 +0000 2014", "in_reply_to_status_id_str": "499612545909415938", "place": null}
