{"contributors": null, "truncated": false, "text": ".@PhilSerrin Has that been proven? I haven't heard your news account. Isn't the investigation of account still ongoing? @larryelder", "in_reply_to_status_id": 499689772928204800, "id": 499690552821284864, "favorite_count": 0, "source": "<a href=\"https://about.twitter.com/products/tweetdeck\" rel=\"nofollow\">TweetDeck</a>", "retweeted": false, "coordinates": null, "entities": {"symbols": [], "user_mentions": [{"id": 1033636171, "indices": [1, 12], "id_str": "1033636171", "screen_name": "PhilSerrin", "name": "Phil Serrin"}, {"id": 195271137, "indices": [120, 131], "id_str": "195271137", "screen_name": "larryelder", "name": "Larry Elder"}], "hashtags": [], "urls": []}, "in_reply_to_screen_name": "PhilSerrin", "id_str": "499690552821284864", "retweet_count": 0, "in_reply_to_user_id": 1033636171, "favorited": false, "user": {"follow_request_sent": false, "profile_use_background_image": false, "default_profile_image": false, "id": 32497478, "profile_background_image_url_https": "https://pbs.twimg.com/profile_background_images/442920796529250304/U6eeiFgN.png", "verified": false, "profile_text_color": "1B719E", "profile_image_url_https": "https://pbs.twimg.com/profile_images/421596393/kls_4_normal.JPG", "profile_sidebar_fill_color": "DDFFCC", "entities": {"url": {"urls": [{"url": "http://t.co/HHl77TDoi3", "indices": [0, 22], "expanded_url": "http://klsouth.wordpress.com/", "display_url": "klsouth.wordpress.com"}]}, "description": {"urls": []}}, "followers_count": 28288, "profile_sidebar_border_color": "FFFFFF", "id_str": "32497478", "profile_background_color": "032859", "listed_count": 1063, "is_translation_enabled": false, "utc_offset": -18000, "statuses_count": 313964, "description": "Calvin Coolidge conservative. Cleverly disguised as an adult.", "friends_count": 15080, "location": "Beirut by the Lake.", "profile_link_color": "B03449", "profile_image_url": "http://pbs.twimg.com/profile_images/421596393/kls_4_normal.JPG", "following": false, "geo_enabled": false, "profile_banner_url": "https://pbs.twimg.com/profile_banners/32497478/1393573942", "profile_background_image_url": "http://pbs.twimg.com/profile_background_images/442920796529250304/U6eeiFgN.png", "screen_name": "KLSouth", "lang": "en", "profile_background_tile": true, "favourites_count": 17, "name": "Kelly ", "notifications": false, "url": "http://t.co/HHl77TDoi3", "created_at": "Fri Apr 17 17:51:32 +0000 2009", "contributors_enabled": false, "time_zone": "Central Time (US & Canada)", "protected": false, "default_profile": false, "is_translator": false}, "geo": null, "in_reply_to_user_id_str": "1033636171", "lang": "en", "created_at": "Wed Aug 13 22:54:46 +0000 2014", "in_reply_to_status_id_str": "499689772928204800", "place": null}
