{"contributors": null, "truncated": false, "text": "@larryelder @Just_a_Texan 1,800 plus black babies aborted a day. No one hates blacks like other blacks.", "in_reply_to_status_id": 499612545909415938, "id": 499692801274441729, "favorite_count": 0, "source": "<a href=\"http://twitter.com/download/iphone\" rel=\"nofollow\">Twitter for iPhone</a>", "retweeted": false, "coordinates": null, "entities": {"symbols": [], "user_mentions": [{"id": 195271137, "indices": [0, 11], "id_str": "195271137", "screen_name": "larryelder", "name": "Larry Elder"}, {"id": 884304968, "indices": [12, 25], "id_str": "884304968", "screen_name": "Just_a_Texan", "name": "Ulysses E. McGill"}], "hashtags": [], "urls": []}, "in_reply_to_screen_name": "larryelder", "id_str": "499692801274441729", "retweet_count": 0, "in_reply_to_user_id": 195271137, "favorited": false, "user": {"follow_request_sent": false, "profile_use_background_image": true, "default_profile_image": false, "id": 876031866, "profile_background_image_url_https": "https://abs.twimg.com/images/themes/theme1/bg.png", "verified": false, "profile_text_color": "333333", "profile_image_url_https": "https://pbs.twimg.com/profile_images/2709516167/090305f4b766d18132861184562b3aab_normal.jpeg", "profile_sidebar_fill_color": "DDEEF6", "entities": {"description": {"urls": []}}, "followers_count": 269, "profile_sidebar_border_color": "C0DEED", "id_str": "876031866", "profile_background_color": "C0DEED", "listed_count": 6, "is_translation_enabled": false, "utc_offset": null, "statuses_count": 4853, "description": "Conservative and patriot despite Ivy League education and being a trial lawyer in one of the most liberal cities in the country.", "friends_count": 297, "location": "", "profile_link_color": "0084B4", "profile_image_url": "http://pbs.twimg.com/profile_images/2709516167/090305f4b766d18132861184562b3aab_normal.jpeg", "following": false, "geo_enabled": false, "profile_banner_url": "https://pbs.twimg.com/profile_banners/876031866/1350063913", "profile_background_image_url": "http://abs.twimg.com/images/themes/theme1/bg.png", "screen_name": "Fahey9Fahey", "lang": "en", "profile_background_tile": false, "favourites_count": 687, "name": "Barry Fahey", "notifications": false, "url": null, "created_at": "Fri Oct 12 17:15:15 +0000 2012", "contributors_enabled": false, "time_zone": null, "protected": false, "default_profile": true, "is_translator": false}, "geo": null, "in_reply_to_user_id_str": "195271137", "lang": "en", "created_at": "Wed Aug 13 23:03:42 +0000 2014", "in_reply_to_status_id_str": "499612545909415938", "place": null}
