{"contributors": null, "truncated": false, "text": "@larryelder @billyraybryant Obama is the great divider. He has no love of this country. Perpetuates class war and race war.", "in_reply_to_status_id": 499612545909415938, "id": 499619405576544256, "favorite_count": 0, "source": "<a href=\"http://twitter.com/download/android\" rel=\"nofollow\">Twitter for Android</a>", "retweeted": false, "coordinates": null, "entities": {"symbols": [], "user_mentions": [{"id": 195271137, "indices": [0, 11], "id_str": "195271137", "screen_name": "larryelder", "name": "Larry Elder"}, {"id": 878916812, "indices": [12, 27], "id_str": "878916812", "screen_name": "billyraybryant", "name": "Billy Ray Bryant"}], "hashtags": [], "urls": []}, "in_reply_to_screen_name": "larryelder", "id_str": "499619405576544256", "retweet_count": 1, "in_reply_to_user_id": 195271137, "favorited": false, "user": {"follow_request_sent": false, "profile_use_background_image": true, "default_profile_image": false, "id": 231166333, "profile_background_image_url_https": "https://abs.twimg.com/images/themes/theme1/bg.png", "verified": false, "profile_text_color": "333333", "profile_image_url_https": "https://pbs.twimg.com/profile_images/378800000392038577/312bb87c8355c46e0cf088fc74a71cd5_normal.jpeg", "profile_sidebar_fill_color": "DDEEF6", "entities": {"description": {"urls": []}}, "followers_count": 1601, "profile_sidebar_border_color": "C0DEED", "id_str": "231166333", "profile_background_color": "C0DEED", "listed_count": 52, "is_translation_enabled": false, "utc_offset": null, "statuses_count": 7447, "description": "COG - Retired Law Enforcement Officer - 26yrs. FBI Cert Firearms Instr. USAF 4yrs. USAFR 4 yrs. Cons R. NRA mem & proud pawpaw.", "friends_count": 2000, "location": "Alabama ", "profile_link_color": "0084B4", "profile_image_url": "http://pbs.twimg.com/profile_images/378800000392038577/312bb87c8355c46e0cf088fc74a71cd5_normal.jpeg", "following": false, "geo_enabled": false, "profile_banner_url": "https://pbs.twimg.com/profile_banners/231166333/1379595376", "profile_background_image_url": "http://abs.twimg.com/images/themes/theme1/bg.png", "screen_name": "Freestateman", "lang": "en", "profile_background_tile": false, "favourites_count": 252, "name": "Mark Taylor", "notifications": false, "url": null, "created_at": "Mon Dec 27 19:51:18 +0000 2010", "contributors_enabled": false, "time_zone": null, "protected": false, "default_profile": true, "is_translator": false}, "geo": null, "in_reply_to_user_id_str": "195271137", "lang": "en", "created_at": "Wed Aug 13 18:12:03 +0000 2014", "in_reply_to_status_id_str": "499612545909415938", "place": null}
