{"contributors": null, "truncated": false, "text": "@larryelder #immortalconsciousness #WuWednesday #TupacTuesday", "in_reply_to_status_id": 499612545909415938, "id": 499612832363581440, "favorite_count": 0, "source": "<a href=\"http://twitter.com\" rel=\"nofollow\">Twitter Web Client</a>", "retweeted": false, "coordinates": null, "entities": {"symbols": [], "user_mentions": [{"id": 195271137, "indices": [0, 11], "id_str": "195271137", "screen_name": "larryelder", "name": "Larry Elder"}], "hashtags": [{"indices": [12, 34], "text": "immortalconsciousness"}, {"indices": [35, 47], "text": "WuWednesday"}, {"indices": [48, 61], "text": "TupacTuesday"}], "urls": []}, "in_reply_to_screen_name": "larryelder", "id_str": "499612832363581440", "retweet_count": 0, "in_reply_to_user_id": 195271137, "favorited": false, "user": {"follow_request_sent": false, "profile_use_background_image": true, "default_profile_image": false, "id": 1535493966, "profile_background_image_url_https": "https://pbs.twimg.com/profile_background_images/378800000004080083/3238648313feaa4c248654a530322427.jpeg", "verified": false, "profile_text_color": "333333", "profile_image_url_https": "https://pbs.twimg.com/profile_images/502244417026023424/xBwNEJjZ_normal.jpeg", "profile_sidebar_fill_color": "DDEEF6", "entities": {"url": {"urls": [{"url": "https://t.co/xy8zUbOtiN", "indices": [0, 23], "expanded_url": "https://twitter.com/RealCarlIcahn", "display_url": "twitter.com/RealCarlIcahn"}]}, "description": {"urls": []}}, "followers_count": 1467, "profile_sidebar_border_color": "FFFFFF", "id_str": "1535493966", "profile_background_color": "C0DEED", "listed_count": 15, "is_translation_enabled": false, "utc_offset": null, "statuses_count": 3892, "description": "HARDCORE ACTIVIST -- I Like Discovering How Things Work", "friends_count": 2000, "location": "(parody)COHERENT QUANTUM STATE", "profile_link_color": "0084B4", "profile_image_url": "http://pbs.twimg.com/profile_images/502244417026023424/xBwNEJjZ_normal.jpeg", "following": false, "geo_enabled": false, "profile_banner_url": "https://pbs.twimg.com/profile_banners/1535493966/1408561547", "profile_background_image_url": "http://pbs.twimg.com/profile_background_images/378800000004080083/3238648313feaa4c248654a530322427.jpeg", "screen_name": "RealCarlIcahn", "lang": "en", "profile_background_tile": true, "favourites_count": 56569, "name": "The Real Carl Icahn", "notifications": false, "url": "https://t.co/xy8zUbOtiN", "created_at": "Fri Jun 21 02:14:12 +0000 2013", "contributors_enabled": false, "time_zone": null, "protected": false, "default_profile": false, "is_translator": false}, "geo": null, "in_reply_to_user_id_str": "195271137", "lang": "und", "created_at": "Wed Aug 13 17:45:56 +0000 2014", "in_reply_to_status_id_str": "499612545909415938", "place": null}
