{"contributors": null, "truncated": false, "text": "@larryelder There's no $$ in it for them. @KLSouth", "in_reply_to_status_id": 499612545909415938, "id": 499688811300151297, "favorite_count": 1, "source": "<a href=\"http://twitter.com/download/iphone\" rel=\"nofollow\">Twitter for iPhone</a>", "retweeted": false, "coordinates": null, "entities": {"symbols": [], "user_mentions": [{"id": 195271137, "indices": [0, 11], "id_str": "195271137", "screen_name": "larryelder", "name": "Larry Elder"}, {"id": 32497478, "indices": [42, 50], "id_str": "32497478", "screen_name": "KLSouth", "name": "Kelly "}], "hashtags": [], "urls": []}, "in_reply_to_screen_name": "larryelder", "id_str": "499688811300151297", "retweet_count": 0, "in_reply_to_user_id": 195271137, "favorited": false, "user": {"follow_request_sent": false, "profile_use_background_image": true, "default_profile_image": false, "id": 349978326, "profile_background_image_url_https": "https://abs.twimg.com/images/themes/theme14/bg.gif", "verified": false, "profile_text_color": "333333", "profile_image_url_https": "https://pbs.twimg.com/profile_images/506180037876658176/qg1Jt5aK_normal.jpeg", "profile_sidebar_fill_color": "EFEFEF", "entities": {"description": {"urls": []}}, "followers_count": 10186, "profile_sidebar_border_color": "EEEEEE", "id_str": "349978326", "profile_background_color": "131516", "listed_count": 191, "is_translation_enabled": false, "utc_offset": -14400, "statuses_count": 25054, "description": "Regular guy who loves to hunt and fish. Christian. Conservative. I drink #tea not kool-aid. Bacon lover. #SOT #SOV #NRA #PJNET #NAGR", "friends_count": 9362, "location": "", "profile_link_color": "009999", "profile_image_url": "http://pbs.twimg.com/profile_images/506180037876658176/qg1Jt5aK_normal.jpeg", "following": false, "geo_enabled": false, "profile_background_image_url": "http://abs.twimg.com/images/themes/theme14/bg.gif", "screen_name": "Williams_J_D", "lang": "en", "profile_background_tile": true, "favourites_count": 585, "name": "J.D.", "notifications": false, "url": null, "created_at": "Sun Aug 07 01:00:15 +0000 2011", "contributors_enabled": false, "time_zone": "Eastern Time (US & Canada)", "protected": false, "default_profile": false, "is_translator": false}, "geo": null, "in_reply_to_user_id_str": "195271137", "lang": "en", "created_at": "Wed Aug 13 22:47:51 +0000 2014", "in_reply_to_status_id_str": "499612545909415938", "place": null}
