{"contributors":null,"truncated":false,"text":"@larryelder No profit in it.","in_reply_to_status_id":499612545909415938,"id":499612667430977536,"favorite_count":1,"source":"<a href=\"http:\/\/twitter.com\" rel=\"nofollow\">Twitter Web Client<\/a>","retweeted":false,"coordinates":null,"entities":{"symbols":[],"user_mentions":[{"id":195271137,"indices":[0,11],"id_str":"195271137","screen_name":"larryelder","name":"Larry Elder"}],"hashtags":[],"urls":[]},"in_reply_to_screen_name":"larryelder","id_str":"499612667430977536","retweet_count":0,"in_reply_to_user_id":195271137,"favorited":false,"user":{"follow_request_sent":false,"profile_use_background_image":true,"default_profile_image":false,"id":153531949,"profile_background_image_url_https":"https:\/\/abs.twimg.com\/images\/themes\/theme1\/bg.png","verified":false,"profile_text_color":"333333","profile_image_url_https":"https:\/\/pbs.twimg.com\/profile_images\/552932461286400000\/VMJMphy3_normal.jpeg","profile_sidebar_fill_color":"DDEEF6","entities":{"description":{"urls":[]}},"followers_count":1606,"profile_sidebar_border_color":"C0DEED","id_str":"153531949","profile_background_color":"C0DEED","listed_count":20,"is_translation_enabled":false,"utc_offset":-14400,"statuses_count":15795,"description":"Retired lawyer, happy house-husband, fiction writer and plutocratic libertarian.  Columbia alum who likes bossy women. I'll follow soon as Twitter lets me.","friends_count":1999,"location":"","profile_link_color":"0084B4","profile_image_url":"http:\/\/pbs.twimg.com\/profile_images\/552932461286400000\/VMJMphy3_normal.jpeg","following":false,"geo_enabled":false,"profile_background_image_url":"http:\/\/abs.twimg.com\/images\/themes\/theme1\/bg.png","screen_name":"JimRyals","lang":"en","profile_background_tile":false,"favourites_count":829,"name":"Domestic Terrorist","notifications":false,"url":null,"created_at":"Tue Jun 08 20:16:26 +0000 2010","contributors_enabled":false,"time_zone":"Eastern Time (US & Canada)","protected":false,"default_profile":true,"is_translator":false},"geo":null,"in_reply_to_user_id_str":"195271137","lang":"en","created_at":"Wed Aug 13 17:45:16 +0000 2014","in_reply_to_status_id_str":"499612545909415938","place":null}