{"contributors":null,"truncated":false,"text":"@larryelder @FoolishReporter How the fuck you comparing a whole race too a single occupation of course you are gonna get a tiny % dumbass","in_reply_to_status_id":499612545909415938,"id":499689337370324992,"favorite_count":0,"source":"<a href=\"http:\/\/twitter.com\" rel=\"nofollow\">Twitter Web Client<\/a>","retweeted":false,"coordinates":null,"entities":{"symbols":[],"user_mentions":[{"id":195271137,"indices":[0,11],"id_str":"195271137","screen_name":"larryelder","name":"Larry Elder"},{"id":290137961,"indices":[12,28],"id_str":"290137961","screen_name":"FoolishReporter","name":"Greg"}],"hashtags":[],"urls":[]},"in_reply_to_screen_name":"larryelder","id_str":"499689337370324992","retweet_count":0,"in_reply_to_user_id":195271137,"favorited":false,"user":{"follow_request_sent":false,"profile_use_background_image":true,"default_profile_image":false,"id":2234960305,"profile_background_image_url_https":"https:\/\/abs.twimg.com\/images\/themes\/theme1\/bg.png","verified":false,"profile_text_color":"333333","profile_image_url_https":"https:\/\/pbs.twimg.com\/profile_images\/567026416462467075\/rbhHtGoq_normal.jpeg","profile_sidebar_fill_color":"DDEEF6","entities":{"url":{"urls":[{"url":"http:\/\/t.co\/Z2FV7Io5Fj","indices":[0,22],"expanded_url":"http:\/\/cats.co","display_url":"cats.co"}]},"description":{"urls":[]}},"followers_count":568,"profile_sidebar_border_color":"C0DEED","id_str":"2234960305","profile_background_color":"C0DEED","listed_count":12,"is_translation_enabled":false,"utc_offset":-14400,"statuses_count":7540,"description":"I beat ur mum in a internet argument with just cat pictures and she made me cookies","friends_count":415,"location":"18 +  ","profile_link_color":"1B5E00","profile_image_url":"http:\/\/pbs.twimg.com\/profile_images\/567026416462467075\/rbhHtGoq_normal.jpeg","following":false,"geo_enabled":false,"profile_banner_url":"https:\/\/pbs.twimg.com\/profile_banners\/2234960305\/1406243060","profile_background_image_url":"http:\/\/abs.twimg.com\/images\/themes\/theme1\/bg.png","screen_name":"CatGod__","lang":"en","profile_background_tile":false,"favourites_count":1778,"name":"CatMode  \u05d0\u05dc\u05d5\u05d4\u05d9\u05dd \u05d7\u05ea\u05d5\u05dc","notifications":false,"url":"http:\/\/t.co\/Z2FV7Io5Fj","created_at":"Sat Dec 07 19:24:42 +0000 2013","contributors_enabled":false,"time_zone":"Eastern Time (US & Canada)","protected":false,"default_profile":false,"is_translator":false},"geo":null,"in_reply_to_user_id_str":"195271137","lang":"en","created_at":"Wed Aug 13 22:49:56 +0000 2014","in_reply_to_status_id_str":"499612545909415938","place":null}