{"contributors": null, "truncated": false, "text": "@larryelder Why aren't they talking about the lack of family structure? That's where it all begins and ends.", "in_reply_to_status_id": 499612545909415938, "id": 499620018951561217, "favorite_count": 0, "source": "<a href=\"http://twitter.com/download/iphone\" rel=\"nofollow\">Twitter for iPhone</a>", "retweeted": false, "coordinates": null, "entities": {"symbols": [], "user_mentions": [{"id": 195271137, "indices": [0, 11], "id_str": "195271137", "screen_name": "larryelder", "name": "Larry Elder"}], "hashtags": [], "urls": []}, "in_reply_to_screen_name": "larryelder", "id_str": "499620018951561217", "retweet_count": 0, "in_reply_to_user_id": 195271137, "favorited": false, "user": {"follow_request_sent": false, "profile_use_background_image": true, "default_profile_image": false, "id": 43015108, "profile_background_image_url_https": "https://abs.twimg.com/images/themes/theme1/bg.png", "verified": false, "profile_text_color": "333333", "profile_image_url_https": "https://pbs.twimg.com/profile_images/469896465330884608/sAq95-Dd_normal.jpeg", "profile_sidebar_fill_color": "DDEEF6", "entities": {"description": {"urls": []}}, "followers_count": 18, "profile_sidebar_border_color": "C0DEED", "id_str": "43015108", "profile_background_color": "C0DEED", "listed_count": 0, "is_translation_enabled": false, "utc_offset": -14400, "statuses_count": 219, "description": "", "friends_count": 353, "location": "", "profile_link_color": "0084B4", "profile_image_url": "http://pbs.twimg.com/profile_images/469896465330884608/sAq95-Dd_normal.jpeg", "following": false, "geo_enabled": false, "profile_banner_url": "https://pbs.twimg.com/profile_banners/43015108/1397834903", "profile_background_image_url": "http://abs.twimg.com/images/themes/theme1/bg.png", "screen_name": "PittMsie", "lang": "en", "profile_background_tile": false, "favourites_count": 6, "name": "Jerry O'Donnell", "notifications": false, "url": null, "created_at": "Thu May 28 01:22:47 +0000 2009", "contributors_enabled": false, "time_zone": "Eastern Time (US & Canada)", "protected": false, "default_profile": true, "is_translator": false}, "geo": null, "in_reply_to_user_id_str": "195271137", "lang": "en", "created_at": "Wed Aug 13 18:14:29 +0000 2014", "in_reply_to_status_id_str": "499612545909415938", "place": null}
