{"contributors": null, "truncated": false, "text": "@larryelder how many of those blacks that killed blacks avoided prosecution?", "in_reply_to_status_id": 499612545909415938, "id": 499773548202688512, "favorite_count": 0, "source": "<a href=\"http://twitter.com\" rel=\"nofollow\">Twitter Web Client</a>", "retweeted": false, "coordinates": null, "entities": {"symbols": [], "user_mentions": [{"id": 195271137, "indices": [0, 11], "id_str": "195271137", "screen_name": "larryelder", "name": "Larry Elder"}], "hashtags": [], "urls": []}, "in_reply_to_screen_name": "larryelder", "id_str": "499773548202688512", "retweet_count": 0, "in_reply_to_user_id": 195271137, "favorited": false, "user": {"follow_request_sent": false, "profile_use_background_image": true, "default_profile_image": false, "id": 18303330, "profile_background_image_url_https": "https://pbs.twimg.com/profile_background_images/458745207480012800/AJyTX4AG.png", "verified": false, "profile_text_color": "333333", "profile_image_url_https": "https://pbs.twimg.com/profile_images/421846560704442368/oeIRWBAH_normal.jpeg", "profile_sidebar_fill_color": "EFEFEF", "entities": {"description": {"urls": []}}, "followers_count": 252, "profile_sidebar_border_color": "FFFFFF", "id_str": "18303330", "profile_background_color": "131516", "listed_count": 9, "is_translation_enabled": false, "utc_offset": -25200, "statuses_count": 9212, "description": "I don't hate for the sake of hating, I hate for a good reason? I'm a tastemaker & an influencer!!! Oh & I like Prince, the Lakers, & COD Zombies, pew pew pew!", "friends_count": 191, "location": "Los Angeles...Westside!!!", "profile_link_color": "009999", "profile_image_url": "http://pbs.twimg.com/profile_images/421846560704442368/oeIRWBAH_normal.jpeg", "following": false, "geo_enabled": true, "profile_banner_url": "https://pbs.twimg.com/profile_banners/18303330/1389411078", "profile_background_image_url": "http://pbs.twimg.com/profile_background_images/458745207480012800/AJyTX4AG.png", "screen_name": "antpooh", "lang": "en", "profile_background_tile": true, "favourites_count": 792, "name": "Anthony", "notifications": false, "url": null, "created_at": "Mon Dec 22 07:53:55 +0000 2008", "contributors_enabled": false, "time_zone": "Pacific Time (US & Canada)", "protected": false, "default_profile": false, "is_translator": false}, "geo": null, "in_reply_to_user_id_str": "195271137", "lang": "en", "created_at": "Thu Aug 14 04:24:33 +0000 2014", "in_reply_to_status_id_str": "499612545909415938", "place": null}
