{"contributors": null, "truncated": false, "text": "@larryelder @TruckerBobS Black on Black crime is not what feeds them.", "in_reply_to_status_id": 499612545909415938, "id": 499759387657764864, "favorite_count": 0, "source": "<a href=\"http://twitter.com\" rel=\"nofollow\">Twitter Web Client</a>", "retweeted": false, "coordinates": null, "entities": {"symbols": [], "user_mentions": [{"id": 195271137, "indices": [0, 11], "id_str": "195271137", "screen_name": "larryelder", "name": "Larry Elder"}, {"id": 34996703, "indices": [12, 24], "id_str": "34996703", "screen_name": "TruckerBobS", "name": "Robert P Smith #TGDN"}], "hashtags": [], "urls": []}, "in_reply_to_screen_name": "larryelder", "id_str": "499759387657764864", "retweet_count": 0, "in_reply_to_user_id": 195271137, "favorited": false, "user": {"follow_request_sent": false, "profile_use_background_image": true, "default_profile_image": true, "id": 1130244464, "profile_background_image_url_https": "https://abs.twimg.com/images/themes/theme1/bg.png", "verified": false, "profile_text_color": "333333", "profile_image_url_https": "https://abs.twimg.com/sticky/default_profile_images/default_profile_6_normal.png", "profile_sidebar_fill_color": "DDEEF6", "entities": {"description": {"urls": []}}, "followers_count": 647, "profile_sidebar_border_color": "C0DEED", "id_str": "1130244464", "profile_background_color": "C0DEED", "listed_count": 6, "is_translation_enabled": false, "utc_offset": null, "statuses_count": 18290, "description": "", "friends_count": 1112, "location": "", "profile_link_color": "0084B4", "profile_image_url": "http://abs.twimg.com/sticky/default_profile_images/default_profile_6_normal.png", "following": false, "geo_enabled": false, "profile_background_image_url": "http://abs.twimg.com/images/themes/theme1/bg.png", "screen_name": "Camilian1Sabel", "lang": "en", "profile_background_tile": false, "favourites_count": 8, "name": "Sabel", "notifications": false, "url": null, "created_at": "Tue Jan 29 06:34:11 +0000 2013", "contributors_enabled": false, "time_zone": null, "protected": false, "default_profile": true, "is_translator": false}, "geo": null, "in_reply_to_user_id_str": "195271137", "lang": "en", "created_at": "Thu Aug 14 03:28:17 +0000 2014", "in_reply_to_status_id_str": "499612545909415938", "place": null}
