{"contributors": null, "truncated": false, "text": "@larryelder @aubbie2222 Al and Jesse have to go where the money can be had. If there were no Racism, they would be saying \"Paper or Plastic?", "in_reply_to_status_id": 499612545909415938, "id": 499755375642816512, "favorite_count": 0, "source": "<a href=\"http://twitter.com\" rel=\"nofollow\">Twitter Web Client</a>", "retweeted": false, "coordinates": null, "entities": {"symbols": [], "user_mentions": [{"id": 195271137, "indices": [0, 11], "id_str": "195271137", "screen_name": "larryelder", "name": "Larry Elder"}, {"id": 1068499243, "indices": [12, 23], "id_str": "1068499243", "screen_name": "aubbie2222", "name": "anita jameson"}], "hashtags": [], "urls": []}, "in_reply_to_screen_name": "larryelder", "id_str": "499755375642816512", "retweet_count": 0, "in_reply_to_user_id": 195271137, "favorited": false, "user": {"follow_request_sent": false, "profile_use_background_image": true, "default_profile_image": false, "id": 393137639, "profile_background_image_url_https": "https://abs.twimg.com/images/themes/theme1/bg.png", "verified": false, "profile_text_color": "333333", "profile_image_url_https": "https://pbs.twimg.com/profile_images/1618166251/35798_118327548211326_100001022451214_125944_3138592_n_normal.jpg", "profile_sidebar_fill_color": "DDEEF6", "entities": {"description": {"urls": []}}, "followers_count": 317, "profile_sidebar_border_color": "C0DEED", "id_str": "393137639", "profile_background_color": "C0DEED", "listed_count": 2, "is_translation_enabled": false, "utc_offset": -14400, "statuses_count": 4643, "description": "Just a good man trying to make his way in the world, hoping to help and inspire people along the way.", "friends_count": 211, "location": "", "profile_link_color": "0084B4", "profile_image_url": "http://pbs.twimg.com/profile_images/1618166251/35798_118327548211326_100001022451214_125944_3138592_n_normal.jpg", "following": false, "geo_enabled": false, "profile_background_image_url": "http://abs.twimg.com/images/themes/theme1/bg.png", "screen_name": "patrickshannon7", "lang": "en", "profile_background_tile": false, "favourites_count": 19, "name": "Patrick Shannon", "notifications": false, "url": null, "created_at": "Tue Oct 18 02:33:43 +0000 2011", "contributors_enabled": false, "time_zone": "Eastern Time (US & Canada)", "protected": false, "default_profile": true, "is_translator": false}, "geo": null, "in_reply_to_user_id_str": "195271137", "lang": "en", "created_at": "Thu Aug 14 03:12:21 +0000 2014", "in_reply_to_status_id_str": "499612545909415938", "place": null}
