{"contributors": null, "truncated": false, "text": "@larryelder\nhttp://t.co/uKh3BlcQyn", "in_reply_to_status_id": 499612545909415938, "id": 499752447930155008, "favorite_count": 0, "source": "<a href=\"http://twitter.com/download/android\" rel=\"nofollow\">Twitter for Android</a>", "retweeted": false, "coordinates": null, "entities": {"symbols": [], "user_mentions": [{"id": 195271137, "indices": [0, 11], "id_str": "195271137", "screen_name": "larryelder", "name": "Larry Elder"}], "hashtags": [], "urls": [{"url": "http://t.co/uKh3BlcQyn", "indices": [12, 34], "expanded_url": "http://www.ijreview.com/2014/08/167552-man-frustrated-ferguson-riots-goes-legendary-rant-time-us-change/", "display_url": "ijreview.com/2014/08/167552\u2026"}]}, "in_reply_to_screen_name": "larryelder", "id_str": "499752447930155008", "retweet_count": 0, "in_reply_to_user_id": 195271137, "favorited": false, "user": {"follow_request_sent": false, "profile_use_background_image": true, "default_profile_image": false, "id": 514734706, "profile_background_image_url_https": "https://abs.twimg.com/images/themes/theme1/bg.png", "verified": false, "profile_text_color": "333333", "profile_image_url_https": "https://pbs.twimg.com/profile_images/2832646497/980a242265354a8bedb11ff9843e0bcf_normal.jpeg", "profile_sidebar_fill_color": "DDEEF6", "entities": {"description": {"urls": []}}, "followers_count": 3004, "profile_sidebar_border_color": "C0DEED", "id_str": "514734706", "profile_background_color": "C0DEED", "listed_count": 81, "is_translation_enabled": false, "utc_offset": -25200, "statuses_count": 16057, "description": "love NASCAR Anaheim Angles & Ducks. Love getting out on my Harley. Marine, Marine Barracks Great Lakes VMFA 323 El Toro", "friends_count": 2995, "location": "SoCal   ", "profile_link_color": "0084B4", "profile_image_url": "http://pbs.twimg.com/profile_images/2832646497/980a242265354a8bedb11ff9843e0bcf_normal.jpeg", "following": false, "geo_enabled": false, "profile_banner_url": "https://pbs.twimg.com/profile_banners/514734706/1349138891", "profile_background_image_url": "http://abs.twimg.com/images/themes/theme1/bg.png", "screen_name": "vlb55jr", "lang": "en", "profile_background_tile": false, "favourites_count": 3169, "name": "Vince Breen", "notifications": false, "url": null, "created_at": "Sun Mar 04 20:30:02 +0000 2012", "contributors_enabled": false, "time_zone": "Pacific Time (US & Canada)", "protected": false, "default_profile": true, "is_translator": false}, "geo": null, "in_reply_to_user_id_str": "195271137", "possibly_sensitive": false, "lang": "und", "created_at": "Thu Aug 14 03:00:43 +0000 2014", "in_reply_to_status_id_str": "499612545909415938", "place": null}
