{"contributors": null, "truncated": false, "text": "@larryelder there is no money in black on black crime.", "in_reply_to_status_id": 499612545909415938, "id": 499919010625253376, "favorite_count": 0, "source": "<a href=\"http://tapbots.com/tweetbot\" rel=\"nofollow\">Tweetbot for i\u039fS</a>", "retweeted": false, "coordinates": null, "entities": {"symbols": [], "user_mentions": [{"id": 195271137, "indices": [0, 11], "id_str": "195271137", "screen_name": "larryelder", "name": "Larry Elder"}], "hashtags": [], "urls": []}, "in_reply_to_screen_name": "larryelder", "id_str": "499919010625253376", "retweet_count": 0, "in_reply_to_user_id": 195271137, "favorited": false, "user": {"follow_request_sent": false, "profile_use_background_image": true, "default_profile_image": false, "id": 375374016, "profile_background_image_url_https": "https://pbs.twimg.com/profile_background_images/697955929/ab3efdd7612840da42a5393d289efe98.png", "verified": false, "profile_text_color": "666666", "profile_image_url_https": "https://pbs.twimg.com/profile_images/504621706288578560/U-2sN0J7_normal.jpeg", "profile_sidebar_fill_color": "333333", "entities": {"description": {"urls": []}}, "followers_count": 2878, "profile_sidebar_border_color": "000000", "id_str": "375374016", "profile_background_color": "CCCCCC", "listed_count": 77, "is_translation_enabled": false, "utc_offset": -25200, "statuses_count": 31292, "description": "Play at home mom and homeschooler.  We say the Pledge of Allegiance and read from the Bible.", "friends_count": 964, "location": "Arizona", "profile_link_color": "999999", "profile_image_url": "http://pbs.twimg.com/profile_images/504621706288578560/U-2sN0J7_normal.jpeg", "following": false, "geo_enabled": false, "profile_banner_url": "https://pbs.twimg.com/profile_banners/375374016/1363464634", "profile_background_image_url": "http://pbs.twimg.com/profile_background_images/697955929/ab3efdd7612840da42a5393d289efe98.png", "screen_name": "LibSquasher", "lang": "en", "profile_background_tile": true, "favourites_count": 1702, "name": "Squasher", "notifications": false, "url": null, "created_at": "Sun Sep 18 01:05:59 +0000 2011", "contributors_enabled": false, "time_zone": "Pacific Time (US & Canada)", "protected": false, "default_profile": false, "is_translator": false}, "geo": null, "in_reply_to_user_id_str": "195271137", "lang": "en", "created_at": "Thu Aug 14 14:02:34 +0000 2014", "in_reply_to_status_id_str": "499612545909415938", "place": null}
