{"contributors":null,"truncated":false,"text":"@larryelder @adagioforstring Indeed where?","in_reply_to_status_id":499612545909415938,"id":499990307291664384,"favorite_count":0,"source":"<a href=\"http:\/\/twitter.com\/#!\/download\/ipad\" rel=\"nofollow\">Twitter for iPad<\/a>","retweeted":false,"coordinates":null,"entities":{"symbols":[],"user_mentions":[{"id":195271137,"indices":[0,11],"id_str":"195271137","screen_name":"larryelder","name":"Larry Elder"},{"id":22440812,"indices":[12,28],"id_str":"22440812","screen_name":"adagioforstring","name":"Bossy Adagio"}],"hashtags":[],"urls":[]},"in_reply_to_screen_name":"larryelder","id_str":"499990307291664384","retweet_count":0,"in_reply_to_user_id":195271137,"favorited":false,"user":{"follow_request_sent":false,"profile_use_background_image":true,"default_profile_image":false,"id":318721919,"profile_background_image_url_https":"https:\/\/abs.twimg.com\/images\/themes\/theme1\/bg.png","verified":false,"profile_text_color":"333333","profile_image_url_https":"https:\/\/pbs.twimg.com\/profile_images\/568517866186493952\/8yPcogVo_normal.jpeg","profile_sidebar_fill_color":"DDEEF6","entities":{"description":{"urls":[]}},"followers_count":3844,"profile_sidebar_border_color":"C0DEED","id_str":"318721919","profile_background_color":"C0DEED","listed_count":56,"is_translation_enabled":false,"utc_offset":-14400,"statuses_count":32724,"description":"God, Country, Pro Life, Reagan Conservative, Animal rights, Horses, Rescue, LNYHBT #PJNET #BENGHAZI #SaveALife Foster,Adopt #MarineHeldInMexico #StandWithIsrael","friends_count":3777,"location":"","profile_link_color":"0084B4","profile_image_url":"http:\/\/pbs.twimg.com\/profile_images\/568517866186493952\/8yPcogVo_normal.jpeg","following":false,"geo_enabled":false,"profile_banner_url":"https:\/\/pbs.twimg.com\/profile_banners\/318721919\/1397663411","profile_background_image_url":"http:\/\/abs.twimg.com\/images\/themes\/theme1\/bg.png","screen_name":"cokeybest","lang":"en","profile_background_tile":false,"favourites_count":7831,"name":"Leslie560","notifications":false,"url":null,"created_at":"Thu Jun 16 23:14:47 +0000 2011","contributors_enabled":false,"time_zone":"Eastern Time (US & Canada)","protected":false,"default_profile":true,"is_translator":false},"geo":null,"in_reply_to_user_id_str":"195271137","lang":"en","created_at":"Thu Aug 14 18:45:53 +0000 2014","in_reply_to_status_id_str":"499612545909415938","place":null}