{"contributors": null, "truncated": false, "text": "@larryelder Ferguson, MO is 70% low-income black and had no homicides all year until Mike Brown.", "in_reply_to_status_id": 499612545909415938, "id": 499921932645433344, "favorite_count": 1, "source": "<a href=\"http://twitter.com/download/iphone\" rel=\"nofollow\">Twitter for iPhone</a>", "retweeted": false, "coordinates": null, "entities": {"symbols": [], "user_mentions": [{"id": 195271137, "indices": [0, 11], "id_str": "195271137", "screen_name": "larryelder", "name": "Larry Elder"}], "hashtags": [], "urls": []}, "in_reply_to_screen_name": "larryelder", "id_str": "499921932645433344", "retweet_count": 0, "in_reply_to_user_id": 195271137, "favorited": false, "user": {"follow_request_sent": false, "profile_use_background_image": true, "default_profile_image": false, "id": 369308816, "profile_background_image_url_https": "https://abs.twimg.com/images/themes/theme9/bg.gif", "verified": false, "profile_text_color": "666666", "profile_image_url_https": "https://pbs.twimg.com/profile_images/491610241956458496/pFSmXVnF_normal.jpeg", "profile_sidebar_fill_color": "252429", "entities": {"url": {"urls": [{"url": "http://t.co/DXa6WfSY6A", "indices": [0, 22], "expanded_url": "http://www.danastringer.com", "display_url": "danastringer.com"}]}, "description": {"urls": []}}, "followers_count": 72, "profile_sidebar_border_color": "181A1E", "id_str": "369308816", "profile_background_color": "1A1B1F", "listed_count": 0, "is_translation_enabled": false, "utc_offset": null, "statuses_count": 29, "description": "Writer", "friends_count": 252, "location": "Atlanta, GA", "profile_link_color": "2FC2EF", "profile_image_url": "http://pbs.twimg.com/profile_images/491610241956458496/pFSmXVnF_normal.jpeg", "following": false, "geo_enabled": true, "profile_banner_url": "https://pbs.twimg.com/profile_banners/369308816/1402421963", "profile_background_image_url": "http://abs.twimg.com/images/themes/theme9/bg.gif", "screen_name": "DanaLStringer", "lang": "en", "profile_background_tile": false, "favourites_count": 4, "name": "Dana Stringer", "notifications": false, "url": "http://t.co/DXa6WfSY6A", "created_at": "Wed Sep 07 04:00:28 +0000 2011", "contributors_enabled": false, "time_zone": null, "protected": false, "default_profile": false, "is_translator": false}, "geo": null, "in_reply_to_user_id_str": "195271137", "lang": "en", "created_at": "Thu Aug 14 14:14:11 +0000 2014", "in_reply_to_status_id_str": "499612545909415938", "place": null}
