{"contributors":null,"truncated":false,"text":"@larryelder @adagioforstring Yet the POTUS wants 4billon for illegals.","in_reply_to_status_id":499612545909415938,"id":499991648232017920,"favorite_count":0,"source":"<a href=\"http:\/\/twitter.com\/download\/iphone\" rel=\"nofollow\">Twitter for iPhone<\/a>","retweeted":false,"coordinates":null,"entities":{"symbols":[],"user_mentions":[{"id":195271137,"indices":[0,11],"id_str":"195271137","screen_name":"larryelder","name":"Larry Elder"},{"id":22440812,"indices":[12,28],"id_str":"22440812","screen_name":"adagioforstring","name":"Bossy Adagio"}],"hashtags":[],"urls":[]},"in_reply_to_screen_name":"larryelder","id_str":"499991648232017920","retweet_count":0,"in_reply_to_user_id":195271137,"favorited":false,"user":{"follow_request_sent":false,"profile_use_background_image":false,"default_profile_image":false,"id":2651205117,"profile_background_image_url_https":"https:\/\/abs.twimg.com\/images\/themes\/theme1\/bg.png","verified":false,"profile_text_color":"000000","profile_image_url_https":"https:\/\/pbs.twimg.com\/profile_images\/507201638550228992\/Fp9mx6F4_normal.jpeg","profile_sidebar_fill_color":"000000","entities":{"description":{"urls":[]}},"followers_count":1223,"profile_sidebar_border_color":"000000","id_str":"2651205117","profile_background_color":"000000","listed_count":7,"is_translation_enabled":false,"utc_offset":null,"statuses_count":28197,"description":"BS\/MBA, love Spain, Flamenco, Israel, American football & my Glock. RT things I like! See the original Tweeter with ?'s. I block trolls & annoying people.","friends_count":1537,"location":"Arizona","profile_link_color":"0009B3","profile_image_url":"http:\/\/pbs.twimg.com\/profile_images\/507201638550228992\/Fp9mx6F4_normal.jpeg","following":false,"geo_enabled":true,"profile_banner_url":"https:\/\/pbs.twimg.com\/profile_banners\/2651205117\/1409436715","profile_background_image_url":"http:\/\/abs.twimg.com\/images\/themes\/theme1\/bg.png","screen_name":"RN_Lola","lang":"en","profile_background_tile":false,"favourites_count":23693,"name":"Lola Martinez","notifications":false,"url":null,"created_at":"Sat Jun 28 21:07:55 +0000 2014","contributors_enabled":false,"time_zone":null,"protected":false,"default_profile":false,"is_translator":false},"geo":null,"in_reply_to_user_id_str":"195271137","lang":"en","created_at":"Thu Aug 14 18:51:12 +0000 2014","in_reply_to_status_id_str":"499612545909415938","place":null}