{"contributors":null,"truncated":false,"text":"Darren Wilson is a six year veteran of the #Ferguson Police and had no disciplinary actions against him.","in_reply_to_status_id":null,"id":500280422295937024,"favorite_count":10,"source":"<a href=\"http:\/\/twitter.com\/download\/iphone\" rel=\"nofollow\">Twitter for iPhone<\/a>","retweeted":false,"coordinates":null,"entities":{"symbols":[],"user_mentions":[],"hashtags":[{"indices":[43,52],"text":"Ferguson"}],"urls":[]},"in_reply_to_screen_name":null,"id_str":"500280422295937024","retweet_count":139,"in_reply_to_user_id":null,"favorited":false,"user":{"follow_request_sent":false,"profile_use_background_image":true,"default_profile_image":false,"id":89887215,"profile_background_image_url_https":"https:\/\/abs.twimg.com\/images\/themes\/theme14\/bg.gif","verified":true,"profile_text_color":"333333","profile_image_url_https":"https:\/\/pbs.twimg.com\/profile_images\/3753158937\/377c6d60465f8d2b5b6e9567992f1829_normal.jpeg","profile_sidebar_fill_color":"EFEFEF","entities":{"url":{"urls":[{"url":"http:\/\/t.co\/C7x8mN9olp","indices":[0,22],"expanded_url":"http:\/\/www.yamichealcindor.com","display_url":"yamichealcindor.com"}]},"description":{"urls":[]}},"followers_count":19134,"profile_sidebar_border_color":"EEEEEE","id_str":"89887215","profile_background_color":"131516","listed_count":703,"is_translation_enabled":false,"utc_offset":-14400,"statuses_count":11942,"description":"@USATODAY national breaking news reporter who also covers social issues such as criminal justice and human trafficking. @Georgetown graduate. @MiamiHeat fan.","friends_count":1721,"location":"New York, NY","profile_link_color":"009999","profile_image_url":"http:\/\/pbs.twimg.com\/profile_images\/3753158937\/377c6d60465f8d2b5b6e9567992f1829_normal.jpeg","following":false,"geo_enabled":false,"profile_banner_url":"https:\/\/pbs.twimg.com\/profile_banners\/89887215\/1403360621","profile_background_image_url":"http:\/\/abs.twimg.com\/images\/themes\/theme14\/bg.gif","screen_name":"Yamiche","lang":"en","profile_background_tile":true,"favourites_count":523,"name":"Yamiche Alcindor","notifications":false,"url":"http:\/\/t.co\/C7x8mN9olp","created_at":"Sat Nov 14 06:37:11 +0000 2009","contributors_enabled":false,"time_zone":"Eastern Time (US & Canada)","protected":false,"default_profile":false,"is_translator":false},"geo":null,"in_reply_to_user_id_str":null,"lang":"en","created_at":"Fri Aug 15 13:58:42 +0000 2014","in_reply_to_status_id_str":null,"place":null}