{"contributors":null,"truncated":false,"text":"Line of police cars with high beams on greets anyone trying to enter #Ferguson. It's shut down. No media allowed. http:\/\/t.co\/bk6jFFM7jj","in_reply_to_status_id":null,"id":499366666300846081,"favorite_count":37,"source":"<a href=\"http:\/\/twitter.com\/download\/android\" rel=\"nofollow\">Twitter for Android<\/a>","retweeted":false,"coordinates":null,"entities":{"symbols":[],"user_mentions":[],"hashtags":[{"indices":[69,78],"text":"Ferguson"}],"urls":[],"media":[{"source_status_id_str":"499039557644734464","expanded_url":"http:\/\/twitter.com\/AntonioFrench\/status\/499039557644734464\/photo\/1","display_url":"pic.twitter.com\/bk6jFFM7jj","url":"http:\/\/t.co\/bk6jFFM7jj","media_url_https":"https:\/\/pbs.twimg.com\/media\/Buzx1WAIYAA42_i.jpg","source_status_id":499039557644734464,"id_str":"499039557472772096","sizes":{"large":{"h":768,"resize":"fit","w":1024},"small":{"h":255,"resize":"fit","w":340},"medium":{"h":450,"resize":"fit","w":600},"thumb":{"h":150,"resize":"crop","w":150}},"indices":[114,136],"type":"photo","id":499039557472772096,"media_url":"http:\/\/pbs.twimg.com\/media\/Buzx1WAIYAA42_i.jpg"}]},"in_reply_to_screen_name":null,"id_str":"499366666300846081","retweet_count":155,"in_reply_to_user_id":null,"favorited":false,"user":{"follow_request_sent":false,"profile_use_background_image":true,"default_profile_image":false,"id":230527949,"profile_background_image_url_https":"https:\/\/pbs.twimg.com\/profile_background_images\/478374822238355456\/_1nkHBko.jpeg","verified":false,"profile_text_color":"333333","profile_image_url_https":"https:\/\/pbs.twimg.com\/profile_images\/509949472139669504\/IQSh7By1_normal.jpeg","profile_sidebar_fill_color":"EFEFEF","entities":{"url":{"urls":[{"url":"http:\/\/t.co\/c9SaOYe53h","indices":[0,22],"expanded_url":"http:\/\/paper.li\/AnonymousPress","display_url":"paper.li\/AnonymousPress"}]},"description":{"urls":[]}},"followers_count":201086,"profile_sidebar_border_color":"000000","id_str":"230527949","profile_background_color":"131516","listed_count":2816,"is_translation_enabled":false,"utc_offset":3600,"statuses_count":14510,"description":"Help support Anonymous Press  \r\nBitcoin:   \r\n15QTf4iXm9avoAq1Cuj8AeFAh2z19hWwck #dogecoin \r DFk1f7GXXj6WXmpL3H3ahTxSGa9nHVhAf8\nOfficialAnonymousPress@gmail.com","friends_count":290,"location":"serving the truth since 2010","profile_link_color":"A11010","profile_image_url":"http:\/\/pbs.twimg.com\/profile_images\/509949472139669504\/IQSh7By1_normal.jpeg","following":false,"geo_enabled":false,"profile_banner_url":"https:\/\/pbs.twimg.com\/profile_banners\/230527949\/1403621235","profile_background_image_url":"http:\/\/pbs.twimg.com\/profile_background_images\/478374822238355456\/_1nkHBko.jpeg","screen_name":"AnonymousPress","lang":"en","profile_background_tile":false,"favourites_count":718,"name":"Anonymous Press","notifications":false,"url":"http:\/\/t.co\/c9SaOYe53h","created_at":"Sat Dec 25 21:38:19 +0000 2010","contributors_enabled":false,"time_zone":"London","protected":false,"default_profile":false,"is_translator":false},"geo":null,"in_reply_to_user_id_str":null,"possibly_sensitive":false,"lang":"en","created_at":"Wed Aug 13 01:27:45 +0000 2014","in_reply_to_status_id_str":null,"place":null,"extended_entities":{"media":[{"source_status_id_str":"499039557644734464","expanded_url":"http:\/\/twitter.com\/AntonioFrench\/status\/499039557644734464\/photo\/1","display_url":"pic.twitter.com\/bk6jFFM7jj","url":"http:\/\/t.co\/bk6jFFM7jj","media_url_https":"https:\/\/pbs.twimg.com\/media\/Buzx1WAIYAA42_i.jpg","source_status_id":499039557644734464,"id_str":"499039557472772096","sizes":{"large":{"h":768,"resize":"fit","w":1024},"small":{"h":255,"resize":"fit","w":340},"medium":{"h":450,"resize":"fit","w":600},"thumb":{"h":150,"resize":"crop","w":150}},"indices":[114,136],"type":"photo","id":499039557472772096,"media_url":"http:\/\/pbs.twimg.com\/media\/Buzx1WAIYAA42_i.jpg"}]}}